[2025-12-01T16:35:47.639Z] GET / : 200 (38ms)
[2025-12-01T16:36:06.663Z] GET / : 500 (80ms)
[2025-12-01T16:36:26.521Z] GET / : 200 (42ms)
[2025-12-02T04:17:25.148Z] GET / : 200 (59ms)
[2025-12-02T04:17:29.717Z] GET /login : 200 (2ms)
[2025-12-02T04:17:34.239Z] POST /login : 200 (10ms)
[2025-12-02T04:23:32.275Z] GET /signup : 500 (23ms)
[2025-12-02T04:23:47.241Z] GET / : 200 (48ms)
[2025-12-02T04:23:48.549Z] GET / : 200 (22ms)
[2025-12-02T04:23:49.879Z] GET /login : 200 (2ms)
[2025-12-02T04:23:51.211Z] GET /signup : 500 (6ms)
[2025-12-02T04:24:07.816Z] GET /signup : 500 (19ms)
[2025-12-02T04:24:08.375Z] GET /signup : 500 (6ms)
[2025-12-02T04:24:08.660Z] GET /signup : 500 (2ms)
[2025-12-02T04:24:09.554Z] GET /signup : 500 (2ms)
[2025-12-02T04:24:36.624Z] GET /signup : 200 (15ms)
[2025-12-02T04:24:37.355Z] GET /signup : 200 (4ms)
[2025-12-02T04:25:25.553Z] POST /signup : 500 (54ms)
[2025-12-02T04:26:14.454Z] GET /signup : 200 (10ms)
[2025-12-02T04:26:14.795Z] GET /login : 200 (2ms)
[2025-12-02T04:26:16.540Z] GET /signup : 200 (3ms)
[2025-12-02T04:26:33.852Z] POST /signup : 200 (52ms)
[2025-12-02T04:26:33.911Z] GET /favicon.ico : 404 (4ms)
[2025-12-02T04:27:11.054Z] GET /signup : 200 (13ms)
[2025-12-02T04:27:31.454Z] POST /signup : 200 (6991ms)
[2025-12-02T04:27:48.646Z] POST /verifyEmailOTP : 400 (10ms)
[2025-12-02T04:27:51.771Z] POST /verifyEmailOTP : 200 (127ms)
[2025-12-02T04:27:53.845Z] GET / : 200 (46ms)
[2025-12-02T04:28:02.311Z] GET /logout : 302 (10ms)
[2025-12-02T04:28:02.420Z] GET / : 200 (106ms)
[2025-12-02T04:28:03.848Z] GET /login : 200 (2ms)
[2025-12-02T04:28:32.737Z] GET /signup : 200 (16ms)
[2025-12-02T04:29:05.785Z] POST /signup : 500 (25ms)
[2025-12-02T04:30:32.268Z] POST /signup : 500 (30ms)
[2025-12-02T04:37:49.481Z] POST /signup : 500 (37ms)
[2025-12-02T04:38:35.256Z] POST /signup : 500 (24ms)
[2025-12-02T04:39:46.086Z] GET / : 200 (49ms)
[2025-12-02T04:40:15.231Z] GET /login : 200 (14ms)
[2025-12-02T04:40:16.462Z] GET /signup : 200 (6ms)
[2025-12-02T04:40:53.256Z] GET /signup : 200 (6ms)
[2025-12-02T04:40:55.659Z] GET /signup : 200 (3ms)
[2025-12-02T04:41:21.670Z] POST /signup : 200 (7081ms)
[2025-12-02T04:41:34.088Z] POST /verifyEmailOTP : 200 (129ms)
[2025-12-02T04:41:36.166Z] GET / : 200 (52ms)
[2025-12-02T04:41:44.616Z] GET /logout : 302 (7ms)
[2025-12-02T04:41:44.642Z] GET / : 200 (24ms)
[2025-12-02T04:41:45.686Z] GET /login : 200 (2ms)
[2025-12-02T04:41:47.288Z] GET /signup : 200 (4ms)
[2025-12-02T04:42:09.927Z] POST /signup : 500 (10ms)
[2025-12-02T04:45:41.959Z] POST /signup : 200 (47ms)
[2025-12-02T04:48:17.565Z] POST /signup : 200 (20ms)
[2025-12-02T04:48:21.360Z] POST /signup : 200 (8ms)
[2025-12-02T04:49:15.546Z] POST /signup : 200 (25ms)
[2025-12-02T04:58:52.295Z] POST /signup : 200 (50ms)
[2025-12-02T04:59:17.678Z] POST /signup : 200 (7ms)
[2025-12-02T04:59:52.937Z] POST /signup : 200 (7825ms)
[2025-12-02T04:59:56.206Z] POST /verifyEmailOTP : 400 (9ms)
[2025-12-02T05:02:33.665Z] POST /verifyEmailOTP : 400 (53ms)
[2025-12-02T05:03:29.787Z] POST /verifyEmailOTP : 400 (53ms)
[2025-12-02T05:03:33.671Z] POST /resendOTP : 400 (2ms)
[2025-12-02T05:08:48.744Z] GET /signup : 200 (4ms)
[2025-12-02T05:09:03.827Z] POST /signup : 200 (14ms)
[2025-12-02T05:09:59.614Z] POST /signup : 200 (8308ms)
[2025-12-02T05:10:46.220Z] GET / : 200 (41ms)
[2025-12-02T05:10:58.797Z] GET /login : 200 (4ms)
[2025-12-02T05:11:03.998Z] GET /signup : 200 (5ms)
[2025-12-02T05:11:44.167Z] GET /signup : 200 (22ms)
[2025-12-02T05:12:17.987Z] POST /signup : 200 (6357ms)
[2025-12-02T05:12:45.709Z] POST /verifyEmailOTP : 400 (12ms)
[2025-12-02T05:16:57.354Z] POST /resendOTP : 400 (16ms)
[2025-12-02T05:19:25.333Z] POST /resendOTP : 400 (14ms)
[2025-12-02T05:23:45.878Z] POST /verifyEmailOTP : 400 (31ms)
[2025-12-02T05:27:57.337Z] POST /resendOTP : 400 (16ms)
[2025-12-02T05:28:08.551Z] POST /signup : 200 (6683ms)
[2025-12-02T05:28:59.168Z] GET /signup : 200 (5ms)
[2025-12-02T05:29:23.047Z] POST /signup : 200 (7850ms)
[2025-12-02T05:31:17.692Z] POST /resendOTP : 200 (7273ms)
[2025-12-02T05:32:24.218Z] POST /verifyEmailOTP : 200 (124ms)
[2025-12-02T05:32:26.304Z] GET / : 200 (39ms)
[2025-12-02T05:53:50.552Z] GET / : 200 (50ms)
[2025-12-02T05:53:51.880Z] GET /login : 200 (2ms)
[2025-12-02T05:53:53.057Z] GET /auth/google : 302 (2ms)
[2025-12-02T05:53:54.333Z] GET /auth/google/callback?code=4%2F0Ab32j90ogGUIqnrCZscORPuuufWDoyUt7Lr0D_8n9OU5uFOL5wwqCN7sC6bmZe51eBzVTg&scope=email+profile+https%3A%2F%2Fwww.googleapis.com%2Fauth%2Fuserinfo.profile+https%3A%2F%2Fwww.googleapis.com%2Fauth%2Fuserinfo.email+openid&authuser=0&prompt=none : 302 (746ms)
[2025-12-02T05:53:54.358Z] GET / : 200 (17ms)
[2025-12-02T05:53:56.308Z] GET /logout : 302 (2ms)
[2025-12-02T05:53:56.328Z] GET / : 200 (18ms)
[2025-12-02T05:53:59.090Z] GET /login : 200 (3ms)
[2025-12-02T05:54:01.553Z] GET /signup : 200 (2ms)
[2025-12-02T05:54:35.856Z] POST /signup : 200 (6302ms)
[2025-12-02T05:55:04.132Z] POST /verifyEmailOTP : 400 (19ms)
[2025-12-02T05:55:16.420Z] POST /verifyEmailOTP : 400 (5ms)
[2025-12-02T05:58:26.952Z] POST /verifyEmailOTP : 200 (42ms)
[2025-12-02T05:58:49.326Z] POST /resendOTP : 400 (2ms)
[2025-12-02T05:59:17.129Z] POST /verifyEmailOTP : 200 (14ms)
[2025-12-02T06:15:42.030Z] GET /signup : 200 (27ms)
[2025-12-02T06:16:01.319Z] GET /signup : 200 (6ms)
[2025-12-02T06:16:41.957Z] POST /signup : 200 (8354ms)
[2025-12-02T06:20:21.936Z] POST /resendOTP : 200 (8424ms)
[2025-12-02T06:20:34.498Z] POST /verifyEmailOTP : 404 (14ms)
[2025-12-02T06:21:11.259Z] POST /verifyEmailOTP : 404 (17ms)
[2025-12-02T06:21:27.182Z] POST /signup : 200 (11126ms)
[2025-12-02T06:21:53.274Z] POST /verifyEmailOTP : 200 (120ms)
[2025-12-02T06:21:54.342Z] GET / : 200 (41ms)
[2025-12-02T06:21:57.628Z] GET /profile : 200 (19ms)
[2025-12-02T06:22:00.285Z] GET /shop : 200 (94ms)
[2025-12-02T06:22:02.192Z] POST /cart/add : 200 (27ms)
[2025-12-02T06:22:03.171Z] GET /shop : 200 (42ms)
[2025-12-02T06:22:04.357Z] GET /cart : 200 (27ms)
[2025-12-02T06:22:05.388Z] GET /checkout : 302 (29ms)
[2025-12-02T06:22:05.410Z] GET /pageNotFound : 500 (18ms)
[2025-12-02T06:23:35.072Z] GET /cart : 302 (11ms)
[2025-12-02T06:23:35.081Z] GET /login : 200 (7ms)
[2025-12-02T06:23:52.896Z] POST /login : 302 (103ms)
[2025-12-02T06:23:52.914Z] GET / : 200 (14ms)
[2025-12-02T06:23:54.946Z] GET /cart : 200 (32ms)
[2025-12-02T06:23:55.927Z] GET /checkout : 404 (20ms)
[2025-12-02T06:23:57.597Z] GET /checkout : 404 (22ms)
[2025-12-02T06:23:58.338Z] GET /checkout : 404 (20ms)
[2025-12-02T06:23:58.520Z] GET /checkout : 404 (18ms)
[2025-12-02T06:23:58.673Z] GET /checkout : 404 (19ms)
[2025-12-02T06:24:40.581Z] GET /cart : 302 (11ms)
[2025-12-02T06:24:40.590Z] GET /login : 200 (7ms)
[2025-12-02T06:24:48.758Z] POST /login : 302 (101ms)
[2025-12-02T06:24:48.775Z] GET / : 200 (14ms)
[2025-12-02T06:24:50.777Z] GET /profile : 200 (16ms)
[2025-12-02T06:24:52.450Z] GET /cart : 200 (31ms)
[2025-12-02T06:24:53.273Z] GET /checkout : 404 (22ms)
[2025-12-02T06:25:23.231Z] GET /checkout : 302 (11ms)
[2025-12-02T06:25:23.242Z] GET /login : 200 (7ms)
[2025-12-02T06:25:23.262Z] GET /checkout : 302 (2ms)
[2025-12-02T06:25:23.275Z] GET /login : 200 (1ms)
[2025-12-02T06:25:23.276Z] GET /checkout : 302 (0ms)
[2025-12-02T06:25:24.377Z] GET /auth/google : 302 (1ms)
[2025-12-02T06:25:25.621Z] GET /auth/google/callback?code=4%2F0Ab32j90WliJKB_DaRZeTFM2Ejr_93xdZlZU02KWm6hM8HoAQRalvR_ahEZBh0dRUj7a8fg&scope=email+profile+https%3A%2F%2Fwww.googleapis.com%2Fauth%2Fuserinfo.email+https%3A%2F%2Fwww.googleapis.com%2Fauth%2Fuserinfo.profile+openid&authuser=0&prompt=none : 302 (802ms)
[2025-12-02T06:25:25.649Z] GET / : 200 (22ms)
[2025-12-02T06:25:26.844Z] GET /cart : 200 (16ms)
[2025-12-02T06:25:32.790Z] GET /logout : 302 (1ms)
[2025-12-02T06:25:32.814Z] GET / : 200 (22ms)
[2025-12-02T06:25:34.276Z] GET /login : 200 (3ms)
[2025-12-02T06:25:43.324Z] POST /login : 302 (97ms)
[2025-12-02T06:25:43.336Z] GET / : 200 (8ms)
[2025-12-02T06:25:45.381Z] GET /cart : 200 (34ms)
[2025-12-02T06:25:46.495Z] GET /checkout : 200 (28ms)
[2025-12-02T06:25:46.523Z] GET /checkout : 200 (19ms)
[2025-12-02T06:25:58.370Z] GET /shop : 200 (101ms)
[2025-12-02T06:28:35.408Z] GET /shop : 200 (78ms)
[2025-12-02T06:28:36.148Z] GET /shop : 200 (45ms)
[2025-12-02T06:28:37.316Z] GET /login : 302 (3ms)
[2025-12-02T06:28:37.320Z] GET /login : 302 (1ms)
[2025-12-02T06:28:37.322Z] GET /login : 302 (0ms)
[2025-12-02T06:28:37.326Z] GET /login : 302 (1ms)
[2025-12-02T06:28:37.327Z] GET /login : 302 (0ms)
[2025-12-02T06:28:37.329Z] GET /login : 302 (0ms)
[2025-12-02T06:28:37.331Z] GET /login : 302 (1ms)
[2025-12-02T06:28:37.333Z] GET /login : 302 (0ms)
[2025-12-02T06:28:37.335Z] GET /login : 302 (0ms)
[2025-12-02T06:28:37.337Z] GET /login : 302 (1ms)
[2025-12-02T06:28:37.338Z] GET /login : 302 (0ms)
[2025-12-02T06:28:37.339Z] GET /login : 302 (0ms)
[2025-12-02T06:28:37.341Z] GET /login : 302 (0ms)
[2025-12-02T06:28:37.343Z] GET /login : 302 (1ms)
[2025-12-02T06:28:37.344Z] GET /login : 302 (0ms)
[2025-12-02T06:28:37.346Z] GET /login : 302 (0ms)
[2025-12-02T06:28:37.347Z] GET /login : 302 (0ms)
[2025-12-02T06:28:37.349Z] GET /login : 302 (1ms)
[2025-12-02T06:28:37.350Z] GET /login : 302 (0ms)
[2025-12-02T06:28:37.352Z] GET /login : 302 (1ms)
[2025-12-02T06:28:38.384Z] GET /login : 302 (1ms)
[2025-12-02T06:28:38.388Z] GET /login : 302 (1ms)
[2025-12-02T06:28:38.390Z] GET /login : 302 (0ms)
[2025-12-02T06:28:38.392Z] GET /login : 302 (0ms)
[2025-12-02T06:28:38.394Z] GET /login : 302 (0ms)
[2025-12-02T06:28:38.395Z] GET /login : 302 (0ms)
[2025-12-02T06:28:38.397Z] GET /login : 302 (1ms)
[2025-12-02T06:28:38.398Z] GET /login : 302 (0ms)
[2025-12-02T06:28:38.400Z] GET /login : 302 (1ms)
[2025-12-02T06:28:38.401Z] GET /login : 302 (1ms)
[2025-12-02T06:28:38.402Z] GET /login : 302 (0ms)
[2025-12-02T06:28:38.404Z] GET /login : 302 (1ms)
[2025-12-02T06:28:38.405Z] GET /login : 302 (0ms)
[2025-12-02T06:28:38.406Z] GET /login : 302 (0ms)
[2025-12-02T06:28:38.407Z] GET /login : 302 (0ms)
[2025-12-02T06:28:38.409Z] GET /login : 302 (1ms)
[2025-12-02T06:28:38.410Z] GET /login : 302 (1ms)
[2025-12-02T06:28:38.411Z] GET /login : 302 (1ms)
[2025-12-02T06:28:38.412Z] GET /login : 302 (1ms)
[2025-12-02T06:28:38.413Z] GET /login : 302 (1ms)
[2025-12-02T06:28:38.427Z] GET /login : 302 (0ms)
[2025-12-02T06:28:38.429Z] GET /login : 302 (0ms)
[2025-12-02T06:28:38.430Z] GET /login : 302 (0ms)
[2025-12-02T06:28:38.432Z] GET /login : 302 (0ms)
[2025-12-02T06:28:38.433Z] GET /login : 302 (0ms)
[2025-12-02T06:28:38.434Z] GET /login : 302 (0ms)
[2025-12-02T06:28:38.436Z] GET /login : 302 (1ms)
[2025-12-02T06:28:38.437Z] GET /login : 302 (1ms)
[2025-12-02T06:28:38.438Z] GET /login : 302 (1ms)
[2025-12-02T06:28:38.438Z] GET /login : 302 (0ms)
[2025-12-02T06:28:38.441Z] GET /login : 302 (1ms)
[2025-12-02T06:28:38.442Z] GET /login : 302 (0ms)
[2025-12-02T06:28:38.443Z] GET /login : 302 (0ms)
[2025-12-02T06:28:38.444Z] GET /login : 302 (0ms)
[2025-12-02T06:28:38.445Z] GET /login : 302 (1ms)
[2025-12-02T06:28:38.446Z] GET /login : 302 (1ms)
[2025-12-02T06:28:38.447Z] GET /login : 302 (1ms)
[2025-12-02T06:28:38.448Z] GET /login : 302 (1ms)
[2025-12-02T06:28:38.449Z] GET /login : 302 (1ms)
[2025-12-02T06:28:38.450Z] GET /login : 302 (1ms)
[2025-12-02T06:28:42.084Z] GET /login : 302 (1ms)
[2025-12-02T06:28:42.087Z] GET /login : 302 (0ms)
[2025-12-02T06:28:42.088Z] GET /login : 302 (0ms)
[2025-12-02T06:28:42.090Z] GET /login : 302 (1ms)
[2025-12-02T06:28:42.096Z] GET /login : 302 (1ms)
[2025-12-02T06:28:42.097Z] GET /login : 302 (1ms)
[2025-12-02T06:28:42.099Z] GET /login : 302 (1ms)
[2025-12-02T06:28:42.101Z] GET /login : 302 (1ms)
[2025-12-02T06:28:42.102Z] GET /login : 302 (0ms)
[2025-12-02T06:28:42.103Z] GET /login : 302 (0ms)
[2025-12-02T06:28:42.104Z] GET /login : 302 (0ms)
[2025-12-02T06:28:42.106Z] GET /login : 302 (1ms)
[2025-12-02T06:28:42.107Z] GET /login : 302 (0ms)
[2025-12-02T06:28:42.108Z] GET /login : 302 (0ms)
[2025-12-02T06:28:42.109Z] GET /login : 302 (0ms)
[2025-12-02T06:28:42.110Z] GET /login : 302 (0ms)
[2025-12-02T06:28:42.111Z] GET /login : 302 (0ms)
[2025-12-02T06:28:42.112Z] GET /login : 302 (0ms)
[2025-12-02T06:28:42.113Z] GET /login : 302 (1ms)
[2025-12-02T06:28:42.113Z] GET /login : 302 (0ms)
[2025-12-02T06:28:42.296Z] GET /login : 302 (1ms)
[2025-12-02T06:28:42.298Z] GET /login : 302 (0ms)
[2025-12-02T06:28:42.300Z] GET /login : 302 (1ms)
[2025-12-02T06:28:42.301Z] GET /login : 302 (0ms)
[2025-12-02T06:28:42.303Z] GET /login : 302 (1ms)
[2025-12-02T06:28:42.304Z] GET /login : 302 (1ms)
[2025-12-02T06:28:42.305Z] GET /login : 302 (0ms)
[2025-12-02T06:28:42.306Z] GET /login : 302 (0ms)
[2025-12-02T06:28:42.307Z] GET /login : 302 (0ms)
[2025-12-02T06:28:42.309Z] GET /login : 302 (1ms)
[2025-12-02T06:28:42.310Z] GET /login : 302 (1ms)
[2025-12-02T06:28:42.310Z] GET /login : 302 (0ms)
[2025-12-02T06:28:42.312Z] GET /login : 302 (1ms)
[2025-12-02T06:28:42.313Z] GET /login : 302 (1ms)
[2025-12-02T06:28:42.314Z] GET /login : 302 (0ms)
[2025-12-02T06:28:42.315Z] GET /login : 302 (0ms)
[2025-12-02T06:28:42.317Z] GET /login : 302 (0ms)
[2025-12-02T06:28:42.318Z] GET /login : 302 (0ms)
[2025-12-02T06:28:42.319Z] GET /login : 302 (0ms)
[2025-12-02T06:28:42.320Z] GET /login : 302 (0ms)
[2025-12-02T06:28:42.487Z] GET /login : 302 (0ms)
[2025-12-02T06:28:42.489Z] GET /login : 302 (0ms)
[2025-12-02T06:28:42.490Z] GET /login : 302 (0ms)
[2025-12-02T06:28:42.492Z] GET /login : 302 (1ms)
[2025-12-02T06:28:42.493Z] GET /login : 302 (0ms)
[2025-12-02T06:28:42.494Z] GET /login : 302 (0ms)
[2025-12-02T06:28:42.495Z] GET /login : 302 (0ms)
[2025-12-02T06:28:42.496Z] GET /login : 302 (0ms)
[2025-12-02T06:28:42.497Z] GET /login : 302 (1ms)
[2025-12-02T06:28:42.498Z] GET /login : 302 (1ms)
[2025-12-02T06:28:42.499Z] GET /login : 302 (1ms)
[2025-12-02T06:28:42.500Z] GET /login : 302 (0ms)
[2025-12-02T06:28:42.501Z] GET /login : 302 (0ms)
[2025-12-02T06:28:42.505Z] GET /login : 302 (1ms)
[2025-12-02T06:28:42.506Z] GET /login : 302 (0ms)
[2025-12-02T06:28:42.507Z] GET /login : 302 (0ms)
[2025-12-02T06:28:42.508Z] GET /login : 302 (0ms)
[2025-12-02T06:28:42.509Z] GET /login : 302 (0ms)
[2025-12-02T06:28:42.510Z] GET /login : 302 (0ms)
[2025-12-02T06:28:42.511Z] GET /login : 302 (1ms)
[2025-12-02T06:28:47.531Z] GET /login : 302 (1ms)
[2025-12-02T06:28:47.534Z] GET /login : 302 (0ms)
[2025-12-02T06:28:47.537Z] GET /login : 302 (1ms)
[2025-12-02T06:28:47.539Z] GET /login : 302 (0ms)
[2025-12-02T06:28:47.541Z] GET /login : 302 (0ms)
[2025-12-02T06:28:47.544Z] GET /login : 302 (1ms)
[2025-12-02T06:28:47.546Z] GET /login : 302 (0ms)
[2025-12-02T06:28:47.548Z] GET /login : 302 (1ms)
[2025-12-02T06:28:47.549Z] GET /login : 302 (0ms)
[2025-12-02T06:28:47.550Z] GET /login : 302 (0ms)
[2025-12-02T06:28:47.552Z] GET /login : 302 (1ms)
[2025-12-02T06:28:47.553Z] GET /login : 302 (0ms)
[2025-12-02T06:28:47.554Z] GET /login : 302 (0ms)
[2025-12-02T06:28:47.555Z] GET /login : 302 (0ms)
[2025-12-02T06:28:47.556Z] GET /login : 302 (0ms)
[2025-12-02T06:28:47.558Z] GET /login : 302 (0ms)
[2025-12-02T06:28:47.560Z] GET /login : 302 (0ms)
[2025-12-02T06:28:47.561Z] GET /login : 302 (0ms)
[2025-12-02T06:28:47.562Z] GET /login : 302 (0ms)
[2025-12-02T06:28:47.563Z] GET /login : 302 (1ms)
[2025-12-02T06:28:49.970Z] GET /login : 302 (1ms)
[2025-12-02T06:28:49.972Z] GET /login : 302 (0ms)
[2025-12-02T06:28:49.974Z] GET /login : 302 (1ms)
[2025-12-02T06:28:49.976Z] GET /login : 302 (0ms)
[2025-12-02T06:28:49.978Z] GET /login : 302 (1ms)
[2025-12-02T06:28:49.979Z] GET /login : 302 (0ms)
[2025-12-02T06:28:49.981Z] GET /login : 302 (1ms)
[2025-12-02T06:28:49.982Z] GET /login : 302 (0ms)
[2025-12-02T06:28:49.983Z] GET /login : 302 (0ms)
[2025-12-02T06:28:49.984Z] GET /login : 302 (0ms)
[2025-12-02T06:28:49.985Z] GET /login : 302 (0ms)
[2025-12-02T06:28:49.986Z] GET /login : 302 (0ms)
[2025-12-02T06:28:49.987Z] GET /login : 302 (0ms)
[2025-12-02T06:28:49.988Z] GET /login : 302 (0ms)
[2025-12-02T06:28:49.989Z] GET /login : 302 (0ms)
[2025-12-02T06:28:49.990Z] GET /login : 302 (0ms)
[2025-12-02T06:28:49.991Z] GET /login : 302 (0ms)
[2025-12-02T06:28:49.992Z] GET /login : 302 (0ms)
[2025-12-02T06:28:49.993Z] GET /login : 302 (0ms)
[2025-12-02T06:28:49.994Z] GET /login : 302 (0ms)
[2025-12-02T06:28:50.164Z] GET /login : 302 (0ms)
[2025-12-02T06:28:50.167Z] GET /login : 302 (1ms)
[2025-12-02T06:28:50.168Z] GET /login : 302 (0ms)
[2025-12-02T06:28:50.170Z] GET /login : 302 (1ms)
[2025-12-02T06:28:50.171Z] GET /login : 302 (0ms)
[2025-12-02T06:28:50.172Z] GET /login : 302 (0ms)
[2025-12-02T06:28:50.173Z] GET /login : 302 (0ms)
[2025-12-02T06:28:50.175Z] GET /login : 302 (1ms)
[2025-12-02T06:28:50.176Z] GET /login : 302 (1ms)
[2025-12-02T06:28:50.177Z] GET /login : 302 (1ms)
[2025-12-02T06:28:50.178Z] GET /login : 302 (1ms)
[2025-12-02T06:28:50.179Z] GET /login : 302 (1ms)
[2025-12-02T06:28:50.180Z] GET /login : 302 (1ms)
[2025-12-02T06:28:50.181Z] GET /login : 302 (0ms)
[2025-12-02T06:28:50.182Z] GET /login : 302 (0ms)
[2025-12-02T06:28:50.184Z] GET /login : 302 (1ms)
[2025-12-02T06:28:50.185Z] GET /login : 302 (0ms)
[2025-12-02T06:28:50.186Z] GET /login : 302 (0ms)
[2025-12-02T06:28:50.187Z] GET /login : 302 (0ms)
[2025-12-02T06:28:50.188Z] GET /login : 302 (1ms)
[2025-12-02T06:28:53.088Z] GET /login : 302 (1ms)
[2025-12-02T06:28:53.094Z] GET /login : 302 (1ms)
[2025-12-02T06:28:53.096Z] GET /login : 302 (0ms)
[2025-12-02T06:28:53.098Z] GET /login : 302 (0ms)
[2025-12-02T06:28:53.100Z] GET /login : 302 (0ms)
[2025-12-02T06:28:53.102Z] GET /login : 302 (0ms)
[2025-12-02T06:28:53.104Z] GET /login : 302 (0ms)
[2025-12-02T06:28:53.107Z] GET /login : 302 (1ms)
[2025-12-02T06:28:53.109Z] GET /login : 302 (1ms)
[2025-12-02T06:28:53.111Z] GET /login : 302 (1ms)
[2025-12-02T06:28:53.112Z] GET /login : 302 (0ms)
[2025-12-02T06:28:53.114Z] GET /login : 302 (0ms)
[2025-12-02T06:28:53.117Z] GET /login : 302 (1ms)
[2025-12-02T06:28:53.119Z] GET /login : 302 (1ms)
[2025-12-02T06:28:53.120Z] GET /login : 302 (0ms)
[2025-12-02T06:28:53.122Z] GET /login : 302 (0ms)
[2025-12-02T06:28:53.124Z] GET /login : 302 (1ms)
[2025-12-02T06:28:53.140Z] GET /login : 302 (15ms)
[2025-12-02T06:28:53.142Z] GET /login : 302 (0ms)
[2025-12-02T06:28:53.144Z] GET /login : 302 (0ms)
[2025-12-02T06:28:54.176Z] GET /login : 302 (1ms)
[2025-12-02T06:28:54.179Z] GET /login : 302 (0ms)
[2025-12-02T06:28:54.181Z] GET /login : 302 (0ms)
[2025-12-02T06:28:54.184Z] GET /login : 302 (1ms)
[2025-12-02T06:28:54.185Z] GET /login : 302 (0ms)
[2025-12-02T06:28:54.187Z] GET /login : 302 (1ms)
[2025-12-02T06:28:54.188Z] GET /login : 302 (0ms)
[2025-12-02T06:28:54.190Z] GET /login : 302 (1ms)
[2025-12-02T06:28:54.191Z] GET /login : 302 (0ms)
[2025-12-02T06:28:54.193Z] GET /login : 302 (1ms)
[2025-12-02T06:28:54.194Z] GET /login : 302 (0ms)
[2025-12-02T06:28:54.195Z] GET /login : 302 (0ms)
[2025-12-02T06:28:54.196Z] GET /login : 302 (0ms)
[2025-12-02T06:28:54.201Z] GET /login : 302 (1ms)
[2025-12-02T06:28:54.202Z] GET /login : 302 (0ms)
[2025-12-02T06:28:54.203Z] GET /login : 302 (0ms)
[2025-12-02T06:28:54.204Z] GET /login : 302 (0ms)
[2025-12-02T06:28:54.205Z] GET /login : 302 (0ms)
[2025-12-02T06:28:54.206Z] GET /login : 302 (0ms)
[2025-12-02T06:28:54.207Z] GET /login : 302 (0ms)
[2025-12-02T06:28:59.221Z] GET /login : 302 (1ms)
[2025-12-02T06:28:59.223Z] GET /login : 302 (0ms)
[2025-12-02T06:28:59.225Z] GET /login : 302 (0ms)
[2025-12-02T06:28:59.227Z] GET /login : 302 (0ms)
[2025-12-02T06:28:59.229Z] GET /login : 302 (0ms)
[2025-12-02T06:28:59.230Z] GET /login : 302 (0ms)
[2025-12-02T06:28:59.237Z] GET /login : 302 (6ms)
[2025-12-02T06:28:59.243Z] GET /login : 302 (1ms)
[2025-12-02T06:28:59.244Z] GET /login : 302 (0ms)
[2025-12-02T06:28:59.245Z] GET /login : 302 (0ms)
[2025-12-02T06:28:59.246Z] GET /login : 302 (0ms)
[2025-12-02T06:28:59.248Z] GET /login : 302 (1ms)
[2025-12-02T06:28:59.249Z] GET /login : 302 (1ms)
[2025-12-02T06:28:59.250Z] GET /login : 302 (1ms)
[2025-12-02T06:28:59.251Z] GET /login : 302 (0ms)
[2025-12-02T06:28:59.252Z] GET /login : 302 (0ms)
[2025-12-02T06:28:59.253Z] GET /login : 302 (0ms)
[2025-12-02T06:28:59.256Z] GET /login : 302 (0ms)
[2025-12-02T06:28:59.258Z] GET /login : 302 (1ms)
[2025-12-02T06:28:59.259Z] GET /login : 302 (1ms)
[2025-12-02T06:29:17.550Z] GET /login : 200 (16ms)
[2025-12-02T06:29:41.742Z] GET /login : 200 (13ms)
[2025-12-02T06:32:32.247Z] GET /login : 200 (16ms)
[2025-12-02T06:32:33.479Z] POST /login : 200 (43ms)
[2025-12-02T06:32:34.702Z] POST /login : 200 (5ms)
[2025-12-02T06:33:52.099Z] POST /login : 500 (15ms)
[2025-12-02T06:34:13.722Z] POST /login : 200 (9ms)
[2025-12-02T06:34:16.818Z] POST /login : 200 (3ms)
[2025-12-02T06:36:54.697Z] POST /login : 200 (56ms)
[2025-12-02T06:38:08.930Z] POST /login : 200 (6ms)
[2025-12-02T06:41:40.058Z] POST /login : 200 (33ms)
[2025-12-02T06:57:54.160Z] GET /auth/google : 302 (12ms)
[2025-12-02T06:57:54.888Z] GET /auth/google/callback?code=4%2F0Ab32j93elZaIMxxkGjaimeLhds8Ko_t8vJIKRn0I4EsZIdtS2enx_yGDywwndo8MpidgzA&scope=email+profile+https%3A%2F%2Fwww.googleapis.com%2Fauth%2Fuserinfo.email+https%3A%2F%2Fwww.googleapis.com%2Fauth%2Fuserinfo.profile+openid&authuser=0&prompt=none : 302 (435ms)
[2025-12-02T06:57:54.950Z] GET / : 200 (52ms)
[2025-12-02T06:57:56.383Z] GET / : 200 (15ms)
[2025-12-02T06:57:58.107Z] GET /logout : 302 (2ms)
[2025-12-02T06:57:58.127Z] GET / : 200 (18ms)
[2025-12-02T06:58:35.373Z] GET / : 200 (21ms)
[2025-12-02T06:58:36.666Z] GET / : 200 (15ms)
[2025-12-02T07:02:33.637Z] GET /peripheral/Keyboard : 200 (141ms)
[2025-12-02T07:08:30.023Z] GET /peripheral/Monitor : 404 (12ms)
[2025-12-02T07:08:31.892Z] GET /peripheral/Keyboard : 404 (2ms)
[2025-12-02T07:08:33.684Z] GET / : 200 (76ms)
[2025-12-02T07:08:38.906Z] GET /component/Motherboard : 404 (1ms)
[2025-12-02T07:09:23.355Z] GET / : 200 (28ms)
[2025-12-02T07:09:25.833Z] GET /Memory(RAM) : 200 (98ms)
[2025-12-02T07:11:18.700Z] GET /Memory(RAM) : 200 (98ms)
[2025-12-02T07:11:19.492Z] GET /Monitor : 200 (34ms)
[2025-12-02T07:11:21.591Z] GET /Headphones : 200 (33ms)
[2025-12-02T07:11:23.510Z] GET /Processor(CPU) : 200 (23ms)
[2025-12-02T07:11:25.697Z] GET /SSD : 200 (25ms)
[2025-12-02T07:11:28.445Z] GET /Coolers : 200 (36ms)
[2025-12-02T07:14:58.722Z] GET /forgotPassword : 302 (20ms)
[2025-12-02T07:14:58.743Z] GET /pageNotFound : 500 (19ms)
[2025-12-02T07:15:45.011Z] GET /Coolers : 200 (98ms)
[2025-12-02T07:15:53.008Z] GET /forgotPassword : 302 (5ms)
[2025-12-02T07:15:53.019Z] GET /pageNotFound : 500 (9ms)
[2025-12-02T07:15:54.430Z] GET /Coolers : 200 (43ms)
[2025-12-02T07:15:58.385Z] GET /forgotPassword : 302 (6ms)
[2025-12-02T07:15:58.399Z] GET /pageNotFound : 500 (11ms)
[2025-12-02T07:16:45.745Z] GET / : 200 (33ms)
[2025-12-02T07:16:49.900Z] GET /forgotPassword : 302 (7ms)
[2025-12-02T07:16:49.918Z] GET /pageNotFound : 500 (14ms)
[2025-12-02T07:16:53.100Z] GET /forgotPassword : 302 (6ms)
[2025-12-02T07:16:53.112Z] GET /pageNotFound : 500 (10ms)
[2025-12-02T07:17:17.478Z] GET /pageNotFound : 500 (24ms)
[2025-12-02T07:17:18.171Z] GET /pageNotFound : 500 (8ms)
[2025-12-02T07:17:18.700Z] GET /pageNotFound : 500 (9ms)
[2025-12-02T07:17:19.486Z] GET /pageNotFound : 500 (9ms)
[2025-12-02T07:17:19.697Z] GET /pageNotFound : 500 (9ms)
[2025-12-02T07:17:19.895Z] GET /pageNotFound : 500 (9ms)
[2025-12-02T07:17:20.079Z] GET /pageNotFound : 500 (9ms)
[2025-12-02T07:17:20.261Z] GET /pageNotFound : 500 (8ms)
[2025-12-02T07:17:21.346Z] GET / : 200 (24ms)
[2025-12-02T07:17:23.643Z] GET /forgotPassword : 302 (3ms)
[2025-12-02T07:17:23.649Z] GET /pageNotFound : 500 (4ms)
[2025-12-02T07:17:26.828Z] GET /forgotPassword : 302 (4ms)
[2025-12-02T07:17:26.835Z] GET /pageNotFound : 500 (5ms)
[2025-12-02T07:18:47.653Z] GET /pageNotFound : 500 (45ms)
[2025-12-02T07:18:53.386Z] GET / : 200 (49ms)
[2025-12-02T07:18:57.641Z] GET /forgotPassword : 302 (4ms)
[2025-12-02T07:18:57.651Z] GET /pageNotFound : 500 (9ms)
[2025-12-02T07:19:01.054Z] GET /forgotPassword : 302 (4ms)
[2025-12-02T07:19:01.062Z] GET /pageNotFound : 500 (6ms)
[2025-12-02T07:19:18.152Z] GET / : 200 (46ms)
[2025-12-02T07:19:20.932Z] GET /forgotPassword : 302 (8ms)
[2025-12-02T07:19:20.948Z] GET /pageNotFound : 500 (13ms)
[2025-12-02T07:19:22.733Z] GET /forgotPassword : 302 (4ms)
[2025-12-02T07:19:22.743Z] GET /pageNotFound : 500 (8ms)
[2025-12-02T07:23:29.244Z] GET /pageNotFound : 500 (56ms)
[2025-12-02T07:23:29.360Z] GET /pageNotFound : 500 (8ms)
[2025-12-02T07:23:29.926Z] GET /pageNotFound : 500 (7ms)
[2025-12-02T07:23:30.166Z] GET /pageNotFound : 500 (11ms)
[2025-12-02T07:23:30.350Z] GET /pageNotFound : 500 (5ms)
[2025-12-02T07:23:30.529Z] GET /pageNotFound : 500 (8ms)
[2025-12-02T07:23:30.984Z] GET /pageNotFound : 500 (12ms)
[2025-12-02T07:23:31.454Z] GET /pageNotFound : 500 (8ms)
[2025-12-02T07:24:47.589Z] GET / : 200 (40ms)
[2025-12-02T07:24:51.825Z] GET /forgotPassword : 302 (11ms)
[2025-12-02T07:24:51.835Z] GET /pageNotFound : 500 (9ms)
[2025-12-02T07:24:52.962Z] GET /forgotPassword : 302 (4ms)
[2025-12-02T07:24:52.969Z] GET /pageNotFound : 500 (5ms)
[2025-12-02T07:25:15.194Z] GET / : 200 (32ms)
[2025-12-02T07:25:20.174Z] GET /forgotPassword : 302 (6ms)
[2025-12-02T07:25:20.189Z] GET /pageNotFound : 500 (13ms)
[2025-12-02T07:25:24.124Z] GET /forgotPassword : 302 (4ms)
[2025-12-02T07:25:24.135Z] GET /pageNotFound : 500 (9ms)
[2025-12-02T07:27:32.531Z] GET /pageNotFound : 500 (63ms)
[2025-12-02T07:27:40.159Z] GET / : 200 (31ms)
[2025-12-02T07:27:49.973Z] GET /forgotPassword : 302 (6ms)
[2025-12-02T07:27:49.985Z] GET /pageNotFound : 500 (10ms)
[2025-12-02T07:27:52.767Z] GET /forgotPassword : 302 (5ms)
[2025-12-02T07:27:52.774Z] GET /pageNotFound : 500 (5ms)
[2025-12-02T07:30:06.963Z] GET /forgotPassword : 302 (109ms)
[2025-12-02T07:30:06.970Z] GET /pageNotFound : 302 (3ms)
[2025-12-02T07:30:06.980Z] GET /pageNotFound : 302 (9ms)
[2025-12-02T07:30:06.983Z] GET /pageNotFound : 302 (2ms)
[2025-12-02T07:30:06.985Z] GET /pageNotFound : 302 (2ms)
[2025-12-02T07:30:06.987Z] GET /pageNotFound : 302 (2ms)
[2025-12-02T07:30:06.989Z] GET /pageNotFound : 302 (2ms)
[2025-12-02T07:30:06.991Z] GET /pageNotFound : 302 (2ms)
[2025-12-02T07:30:06.993Z] GET /pageNotFound : 302 (1ms)
[2025-12-02T07:30:06.996Z] GET /pageNotFound : 302 (2ms)
[2025-12-02T07:30:06.998Z] GET /pageNotFound : 302 (1ms)
[2025-12-02T07:30:07.000Z] GET /pageNotFound : 302 (1ms)
[2025-12-02T07:30:07.002Z] GET /pageNotFound : 302 (1ms)
[2025-12-02T07:30:07.003Z] GET /pageNotFound : 302 (1ms)
[2025-12-02T07:30:07.005Z] GET /pageNotFound : 302 (1ms)
[2025-12-02T07:30:07.007Z] GET /pageNotFound : 302 (1ms)
[2025-12-02T07:30:07.009Z] GET /pageNotFound : 302 (2ms)
[2025-12-02T07:30:07.010Z] GET /pageNotFound : 302 (1ms)
[2025-12-02T07:30:07.012Z] GET /pageNotFound : 302 (1ms)
[2025-12-02T07:30:07.014Z] GET /pageNotFound : 302 (1ms)
[2025-12-02T07:30:08.049Z] GET /pageNotFound : 302 (4ms)
[2025-12-02T07:30:08.053Z] GET /pageNotFound : 302 (2ms)
[2025-12-02T07:30:08.058Z] GET /pageNotFound : 302 (3ms)
[2025-12-02T07:30:08.062Z] GET /pageNotFound : 302 (3ms)
[2025-12-02T07:30:08.065Z] GET /pageNotFound : 302 (3ms)
[2025-12-02T07:30:08.067Z] GET /pageNotFound : 302 (2ms)
[2025-12-02T07:30:08.069Z] GET /pageNotFound : 302 (2ms)
[2025-12-02T07:30:08.071Z] GET /pageNotFound : 302 (2ms)
[2025-12-02T07:30:08.073Z] GET /pageNotFound : 302 (1ms)
[2025-12-02T07:30:08.075Z] GET /pageNotFound : 302 (2ms)
[2025-12-02T07:30:08.076Z] GET /pageNotFound : 302 (1ms)
[2025-12-02T07:30:08.078Z] GET /pageNotFound : 302 (1ms)
[2025-12-02T07:30:08.080Z] GET /pageNotFound : 302 (1ms)
[2025-12-02T07:30:08.083Z] GET /pageNotFound : 302 (2ms)
[2025-12-02T07:30:08.087Z] GET /pageNotFound : 302 (3ms)
[2025-12-02T07:30:08.089Z] GET /pageNotFound : 302 (1ms)
[2025-12-02T07:30:08.091Z] GET /pageNotFound : 302 (1ms)
[2025-12-02T07:30:08.093Z] GET /pageNotFound : 302 (1ms)
[2025-12-02T07:30:08.094Z] GET /pageNotFound : 302 (1ms)
[2025-12-02T07:30:08.096Z] GET /pageNotFound : 302 (1ms)
[2025-12-02T07:30:09.983Z] GET /pageNotFound : 302 (4ms)
[2025-12-02T07:30:09.987Z] GET /pageNotFound : 302 (3ms)
[2025-12-02T07:30:09.991Z] GET /pageNotFound : 302 (3ms)
[2025-12-02T07:30:09.994Z] GET /pageNotFound : 302 (2ms)
[2025-12-02T07:30:09.996Z] GET /pageNotFound : 302 (2ms)
[2025-12-02T07:30:09.999Z] GET /pageNotFound : 302 (2ms)
[2025-12-02T07:30:10.002Z] GET /pageNotFound : 302 (2ms)
[2025-12-02T07:30:10.004Z] GET /pageNotFound : 302 (2ms)
[2025-12-02T07:30:10.006Z] GET /pageNotFound : 302 (1ms)
[2025-12-02T07:30:10.009Z] GET /pageNotFound : 302 (2ms)
[2025-12-02T07:30:10.012Z] GET /pageNotFound : 302 (2ms)
[2025-12-02T07:30:10.014Z] GET /pageNotFound : 302 (2ms)
[2025-12-02T07:30:10.016Z] GET /pageNotFound : 302 (1ms)
[2025-12-02T07:30:10.017Z] GET /pageNotFound : 302 (1ms)
[2025-12-02T07:30:10.019Z] GET /pageNotFound : 302 (1ms)
[2025-12-02T07:30:10.021Z] GET /pageNotFound : 302 (1ms)
[2025-12-02T07:30:10.022Z] GET /pageNotFound : 302 (1ms)
[2025-12-02T07:30:10.024Z] GET /pageNotFound : 302 (1ms)
[2025-12-02T07:30:10.025Z] GET /pageNotFound : 302 (1ms)
[2025-12-02T07:30:10.026Z] GET /pageNotFound : 302 (0ms)
[2025-12-02T07:30:10.361Z] GET /pageNotFound : 302 (4ms)
[2025-12-02T07:30:10.365Z] GET /pageNotFound : 302 (3ms)
[2025-12-02T07:30:10.369Z] GET /pageNotFound : 302 (3ms)
[2025-12-02T07:30:10.373Z] GET /pageNotFound : 302 (3ms)
[2025-12-02T07:30:10.376Z] GET /pageNotFound : 302 (2ms)
[2025-12-02T07:30:10.379Z] GET /pageNotFound : 302 (2ms)
[2025-12-02T07:30:10.382Z] GET /pageNotFound : 302 (2ms)
[2025-12-02T07:30:10.384Z] GET /pageNotFound : 302 (1ms)
[2025-12-02T07:30:10.387Z] GET /pageNotFound : 302 (2ms)
[2025-12-02T07:30:10.389Z] GET /pageNotFound : 302 (2ms)
[2025-12-02T07:30:10.391Z] GET /pageNotFound : 302 (1ms)
[2025-12-02T07:30:10.394Z] GET /pageNotFound : 302 (2ms)
[2025-12-02T07:30:10.396Z] GET /pageNotFound : 302 (1ms)
[2025-12-02T07:30:10.399Z] GET /pageNotFound : 302 (2ms)
[2025-12-02T07:30:10.400Z] GET /pageNotFound : 302 (1ms)
[2025-12-02T07:30:10.402Z] GET /pageNotFound : 302 (1ms)
[2025-12-02T07:30:10.404Z] GET /pageNotFound : 302 (1ms)
[2025-12-02T07:30:10.405Z] GET /pageNotFound : 302 (1ms)
[2025-12-02T07:30:10.406Z] GET /pageNotFound : 302 (0ms)
[2025-12-02T07:30:10.408Z] GET /pageNotFound : 302 (1ms)
[2025-12-02T07:30:10.731Z] GET /pageNotFound : 302 (4ms)
[2025-12-02T07:30:10.736Z] GET /pageNotFound : 302 (4ms)
[2025-12-02T07:30:10.740Z] GET /pageNotFound : 302 (3ms)
[2025-12-02T07:30:10.743Z] GET /pageNotFound : 302 (2ms)
[2025-12-02T07:30:10.748Z] GET /pageNotFound : 302 (3ms)
[2025-12-02T07:30:10.751Z] GET /pageNotFound : 302 (2ms)
[2025-12-02T07:30:10.753Z] GET /pageNotFound : 302 (1ms)
[2025-12-02T07:30:10.756Z] GET /pageNotFound : 302 (2ms)
[2025-12-02T07:30:10.758Z] GET /pageNotFound : 302 (2ms)
[2025-12-02T07:30:10.760Z] GET /pageNotFound : 302 (1ms)
[2025-12-02T07:30:10.763Z] GET /pageNotFound : 302 (2ms)
[2025-12-02T07:30:10.765Z] GET /pageNotFound : 302 (2ms)
[2025-12-02T07:30:10.767Z] GET /pageNotFound : 302 (1ms)
[2025-12-02T07:30:10.770Z] GET /pageNotFound : 302 (2ms)
[2025-12-02T07:30:10.772Z] GET /pageNotFound : 302 (2ms)
[2025-12-02T07:30:10.774Z] GET /pageNotFound : 302 (1ms)
[2025-12-02T07:30:10.775Z] GET /pageNotFound : 302 (1ms)
[2025-12-02T07:30:10.776Z] GET /pageNotFound : 302 (0ms)
[2025-12-02T07:30:10.778Z] GET /pageNotFound : 302 (1ms)
[2025-12-02T07:30:10.779Z] GET /pageNotFound : 302 (1ms)
[2025-12-02T07:30:10.975Z] GET /pageNotFound : 302 (2ms)
[2025-12-02T07:30:10.979Z] GET /pageNotFound : 302 (2ms)
[2025-12-02T07:30:10.983Z] GET /pageNotFound : 302 (2ms)
[2025-12-02T07:30:10.987Z] GET /pageNotFound : 302 (3ms)
[2025-12-02T07:30:10.990Z] GET /pageNotFound : 302 (2ms)
[2025-12-02T07:30:10.993Z] GET /pageNotFound : 302 (2ms)
[2025-12-02T07:30:10.997Z] GET /pageNotFound : 302 (3ms)
[2025-12-02T07:30:11.001Z] GET /pageNotFound : 302 (3ms)
[2025-12-02T07:30:11.003Z] GET /pageNotFound : 302 (2ms)
[2025-12-02T07:30:11.006Z] GET /pageNotFound : 302 (2ms)
[2025-12-02T07:30:11.008Z] GET /pageNotFound : 302 (1ms)
[2025-12-02T07:30:11.010Z] GET /pageNotFound : 302 (1ms)
[2025-12-02T07:30:11.012Z] GET /pageNotFound : 302 (1ms)
[2025-12-02T07:30:11.014Z] GET /pageNotFound : 302 (1ms)
[2025-12-02T07:30:11.016Z] GET /pageNotFound : 302 (1ms)
[2025-12-02T07:30:11.018Z] GET /pageNotFound : 302 (1ms)
[2025-12-02T07:30:11.019Z] GET /pageNotFound : 302 (1ms)
[2025-12-02T07:30:11.020Z] GET /pageNotFound : 302 (0ms)
[2025-12-02T07:30:11.022Z] GET /pageNotFound : 302 (1ms)
[2025-12-02T07:30:11.023Z] GET /pageNotFound : 302 (0ms)
[2025-12-02T07:34:11.651Z] GET /pageNotFound : 302 (50ms)
[2025-12-02T07:34:11.658Z] GET /pageNotFound : 302 (4ms)
[2025-12-02T07:34:11.662Z] GET /pageNotFound : 302 (2ms)
[2025-12-02T07:34:11.666Z] GET /pageNotFound : 302 (3ms)
[2025-12-02T07:34:11.669Z] GET /pageNotFound : 302 (2ms)
[2025-12-02T07:34:11.671Z] GET /pageNotFound : 302 (1ms)
[2025-12-02T07:34:11.674Z] GET /pageNotFound : 302 (2ms)
[2025-12-02T07:34:11.677Z] GET /pageNotFound : 302 (2ms)
[2025-12-02T07:34:11.679Z] GET /pageNotFound : 302 (1ms)
[2025-12-02T07:34:11.682Z] GET /pageNotFound : 302 (2ms)
[2025-12-02T07:34:11.685Z] GET /pageNotFound : 302 (2ms)
[2025-12-02T07:34:11.687Z] GET /pageNotFound : 302 (1ms)
[2025-12-02T07:34:11.694Z] GET /pageNotFound : 302 (1ms)
[2025-12-02T07:34:11.696Z] GET /pageNotFound : 302 (1ms)
[2025-12-02T07:34:11.699Z] GET /pageNotFound : 302 (1ms)
[2025-12-02T07:34:11.701Z] GET /pageNotFound : 302 (1ms)
[2025-12-02T07:34:11.703Z] GET /pageNotFound : 302 (1ms)
[2025-12-02T07:34:11.706Z] GET /pageNotFound : 302 (1ms)
[2025-12-02T07:34:11.708Z] GET /pageNotFound : 302 (1ms)
[2025-12-02T07:34:11.710Z] GET /pageNotFound : 302 (1ms)
[2025-12-02T07:34:12.745Z] GET /pageNotFound : 302 (5ms)
[2025-12-02T07:34:12.753Z] GET /pageNotFound : 302 (5ms)
[2025-12-02T07:34:12.759Z] GET /pageNotFound : 302 (4ms)
[2025-12-02T07:34:12.764Z] GET /pageNotFound : 302 (4ms)
[2025-12-02T07:34:12.768Z] GET /pageNotFound : 302 (3ms)
[2025-12-02T07:34:12.772Z] GET /pageNotFound : 302 (2ms)
[2025-12-02T07:34:12.775Z] GET /pageNotFound : 302 (2ms)
[2025-12-02T07:34:12.777Z] GET /pageNotFound : 302 (2ms)
[2025-12-02T07:34:12.781Z] GET /pageNotFound : 302 (3ms)
[2025-12-02T07:34:12.783Z] GET /pageNotFound : 302 (1ms)
[2025-12-02T07:34:12.786Z] GET /pageNotFound : 302 (2ms)
[2025-12-02T07:34:12.789Z] GET /pageNotFound : 302 (2ms)
[2025-12-02T07:34:12.791Z] GET /pageNotFound : 302 (2ms)
[2025-12-02T07:34:12.794Z] GET /pageNotFound : 302 (2ms)
[2025-12-02T07:34:12.796Z] GET /pageNotFound : 302 (2ms)
[2025-12-02T07:34:12.798Z] GET /pageNotFound : 302 (1ms)
[2025-12-02T07:34:12.800Z] GET /pageNotFound : 302 (1ms)
[2025-12-02T07:34:12.801Z] GET /pageNotFound : 302 (1ms)
[2025-12-02T07:34:12.803Z] GET /pageNotFound : 302 (1ms)
[2025-12-02T07:34:12.804Z] GET /pageNotFound : 302 (1ms)
[2025-12-02T07:34:17.825Z] GET /pageNotFound : 302 (5ms)
[2025-12-02T07:34:17.830Z] GET /pageNotFound : 302 (3ms)
[2025-12-02T07:34:17.837Z] GET /pageNotFound : 302 (2ms)
[2025-12-02T07:34:17.841Z] GET /pageNotFound : 302 (2ms)
[2025-12-02T07:34:17.843Z] GET /pageNotFound : 302 (1ms)
[2025-12-02T07:34:17.846Z] GET /pageNotFound : 302 (2ms)
[2025-12-02T07:34:17.848Z] GET /pageNotFound : 302 (1ms)
[2025-12-02T07:34:17.850Z] GET /pageNotFound : 302 (1ms)
[2025-12-02T07:34:17.852Z] GET /pageNotFound : 302 (1ms)
[2025-12-02T07:34:17.853Z] GET /pageNotFound : 302 (0ms)
[2025-12-02T07:34:17.856Z] GET /pageNotFound : 302 (2ms)
[2025-12-02T07:34:17.858Z] GET /pageNotFound : 302 (1ms)
[2025-12-02T07:34:17.859Z] GET /pageNotFound : 302 (1ms)
[2025-12-02T07:34:17.861Z] GET /pageNotFound : 302 (1ms)
[2025-12-02T07:34:17.863Z] GET /pageNotFound : 302 (1ms)
[2025-12-02T07:34:17.865Z] GET /pageNotFound : 302 (1ms)
[2025-12-02T07:34:17.867Z] GET /pageNotFound : 302 (1ms)
[2025-12-02T07:34:17.868Z] GET /pageNotFound : 302 (0ms)
[2025-12-02T07:34:17.870Z] GET /pageNotFound : 302 (1ms)
[2025-12-02T07:34:17.872Z] GET /pageNotFound : 302 (1ms)
[2025-12-02T07:34:47.891Z] GET /pageNotFound : 302 (7ms)
[2025-12-02T07:34:47.894Z] GET /pageNotFound : 302 (2ms)
[2025-12-02T07:34:47.897Z] GET /pageNotFound : 302 (2ms)
[2025-12-02T07:34:47.900Z] GET /pageNotFound : 302 (2ms)
[2025-12-02T07:34:47.902Z] GET /pageNotFound : 302 (2ms)
[2025-12-02T07:34:47.903Z] GET /pageNotFound : 302 (1ms)
[2025-12-02T07:34:47.905Z] GET /pageNotFound : 302 (1ms)
[2025-12-02T07:34:47.906Z] GET /pageNotFound : 302 (1ms)
[2025-12-02T07:34:47.908Z] GET /pageNotFound : 302 (1ms)
[2025-12-02T07:34:47.909Z] GET /pageNotFound : 302 (1ms)
[2025-12-02T07:34:47.910Z] GET /pageNotFound : 302 (0ms)
[2025-12-02T07:34:47.912Z] GET /pageNotFound : 302 (1ms)
[2025-12-02T07:34:47.913Z] GET /pageNotFound : 302 (1ms)
[2025-12-02T07:34:47.914Z] GET /pageNotFound : 302 (0ms)
[2025-12-02T07:34:47.916Z] GET /pageNotFound : 302 (1ms)
[2025-12-02T07:34:47.917Z] GET /pageNotFound : 302 (1ms)
[2025-12-02T07:34:47.918Z] GET /pageNotFound : 302 (0ms)
[2025-12-02T07:34:47.919Z] GET /pageNotFound : 302 (0ms)
[2025-12-02T07:34:47.921Z] GET /pageNotFound : 302 (1ms)
[2025-12-02T07:34:47.922Z] GET /pageNotFound : 302 (0ms)
[2025-12-02T07:35:47.935Z] GET /pageNotFound : 302 (3ms)
[2025-12-02T07:35:47.938Z] GET /pageNotFound : 302 (2ms)
[2025-12-02T07:35:47.940Z] GET /pageNotFound : 302 (1ms)
[2025-12-02T07:35:47.943Z] GET /pageNotFound : 302 (2ms)
[2025-12-02T07:35:47.945Z] GET /pageNotFound : 302 (1ms)
[2025-12-02T07:35:47.949Z] GET /pageNotFound : 302 (3ms)
[2025-12-02T07:35:47.952Z] GET /pageNotFound : 302 (2ms)
[2025-12-02T07:35:47.954Z] GET /pageNotFound : 302 (1ms)
[2025-12-02T07:35:47.956Z] GET /pageNotFound : 302 (1ms)
[2025-12-02T07:35:47.958Z] GET /pageNotFound : 302 (1ms)
[2025-12-02T07:35:47.959Z] GET /pageNotFound : 302 (1ms)
[2025-12-02T07:35:47.961Z] GET /pageNotFound : 302 (1ms)
[2025-12-02T07:35:47.962Z] GET /pageNotFound : 302 (1ms)
[2025-12-02T07:35:47.963Z] GET /pageNotFound : 302 (0ms)
[2025-12-02T07:35:47.965Z] GET /pageNotFound : 302 (1ms)
[2025-12-02T07:35:47.966Z] GET /pageNotFound : 302 (1ms)
[2025-12-02T07:35:47.967Z] GET /pageNotFound : 302 (0ms)
[2025-12-02T07:35:47.969Z] GET /pageNotFound : 302 (1ms)
[2025-12-02T07:35:47.971Z] GET /pageNotFound : 302 (1ms)
[2025-12-02T07:35:47.972Z] GET /pageNotFound : 302 (1ms)
[2025-12-02T07:37:58.700Z] GET / : 200 (51ms)
[2025-12-02T07:38:00.337Z] GET /login : 200 (3ms)
[2025-12-02T07:38:02.502Z] GET /forgotPassword : 302 (9ms)
[2025-12-02T07:38:02.509Z] GET /pageNotFound : 302 (4ms)
[2025-12-02T07:38:02.514Z] GET /pageNotFound : 302 (3ms)
[2025-12-02T07:38:02.525Z] GET /pageNotFound : 302 (5ms)
[2025-12-02T07:38:02.530Z] GET /pageNotFound : 302 (3ms)
[2025-12-02T07:38:02.534Z] GET /pageNotFound : 302 (3ms)
[2025-12-02T07:38:02.539Z] GET /pageNotFound : 302 (3ms)
[2025-12-02T07:38:02.543Z] GET /pageNotFound : 302 (3ms)
[2025-12-02T07:38:02.547Z] GET /pageNotFound : 302 (3ms)
[2025-12-02T07:38:02.550Z] GET /pageNotFound : 302 (2ms)
[2025-12-02T07:38:02.554Z] GET /pageNotFound : 302 (3ms)
[2025-12-02T07:38:02.557Z] GET /pageNotFound : 302 (2ms)
[2025-12-02T07:38:02.561Z] GET /pageNotFound : 302 (3ms)
[2025-12-02T07:38:02.564Z] GET /pageNotFound : 302 (2ms)
[2025-12-02T07:38:02.568Z] GET /pageNotFound : 302 (3ms)
[2025-12-02T07:38:02.572Z] GET /pageNotFound : 302 (2ms)
[2025-12-02T07:38:02.576Z] GET /pageNotFound : 302 (3ms)
[2025-12-02T07:38:02.579Z] GET /pageNotFound : 302 (2ms)
[2025-12-02T07:38:02.582Z] GET /pageNotFound : 302 (2ms)
[2025-12-02T07:38:02.586Z] GET /pageNotFound : 302 (2ms)
[2025-12-02T07:38:03.617Z] GET /pageNotFound : 302 (6ms)
[2025-12-02T07:38:03.623Z] GET /pageNotFound : 302 (3ms)
[2025-12-02T07:38:03.627Z] GET /pageNotFound : 302 (2ms)
[2025-12-02T07:38:03.632Z] GET /pageNotFound : 302 (3ms)
[2025-12-02T07:38:03.638Z] GET /pageNotFound : 302 (4ms)
[2025-12-02T07:38:03.641Z] GET /pageNotFound : 302 (2ms)
[2025-12-02T07:38:03.644Z] GET /pageNotFound : 302 (2ms)
[2025-12-02T07:38:03.647Z] GET /pageNotFound : 302 (2ms)
[2025-12-02T07:38:03.650Z] GET /pageNotFound : 302 (2ms)
[2025-12-02T07:38:03.652Z] GET /pageNotFound : 302 (1ms)
[2025-12-02T07:38:03.655Z] GET /pageNotFound : 302 (2ms)
[2025-12-02T07:38:03.657Z] GET /pageNotFound : 302 (1ms)
[2025-12-02T07:38:03.659Z] GET /pageNotFound : 302 (1ms)
[2025-12-02T07:38:03.661Z] GET /pageNotFound : 302 (1ms)
[2025-12-02T07:38:03.663Z] GET /pageNotFound : 302 (1ms)
[2025-12-02T07:38:03.665Z] GET /pageNotFound : 302 (1ms)
[2025-12-02T07:38:03.666Z] GET /pageNotFound : 302 (1ms)
[2025-12-02T07:38:03.667Z] GET /pageNotFound : 302 (0ms)
[2025-12-02T07:38:03.669Z] GET /pageNotFound : 302 (1ms)
[2025-12-02T07:38:03.671Z] GET /pageNotFound : 302 (1ms)
[2025-12-02T07:38:08.702Z] GET /pageNotFound : 302 (5ms)
[2025-12-02T07:38:08.706Z] GET /pageNotFound : 302 (2ms)
[2025-12-02T07:38:08.709Z] GET /pageNotFound : 302 (2ms)
[2025-12-02T07:38:08.711Z] GET /pageNotFound : 302 (1ms)
[2025-12-02T07:38:08.714Z] GET /pageNotFound : 302 (2ms)
[2025-12-02T07:38:08.716Z] GET /pageNotFound : 302 (1ms)
[2025-12-02T07:38:08.719Z] GET /pageNotFound : 302 (2ms)
[2025-12-02T07:38:08.722Z] GET /pageNotFound : 302 (2ms)
[2025-12-02T07:38:08.724Z] GET /pageNotFound : 302 (1ms)
[2025-12-02T07:38:08.726Z] GET /pageNotFound : 302 (1ms)
[2025-12-02T07:38:08.728Z] GET /pageNotFound : 302 (1ms)
[2025-12-02T07:38:08.729Z] GET /pageNotFound : 302 (1ms)
[2025-12-02T07:38:08.732Z] GET /pageNotFound : 302 (1ms)
[2025-12-02T07:38:08.734Z] GET /pageNotFound : 302 (1ms)
[2025-12-02T07:38:08.735Z] GET /pageNotFound : 302 (1ms)
[2025-12-02T07:38:08.737Z] GET /pageNotFound : 302 (1ms)
[2025-12-02T07:38:08.739Z] GET /pageNotFound : 302 (1ms)
[2025-12-02T07:38:08.741Z] GET /pageNotFound : 302 (1ms)
[2025-12-02T07:38:08.742Z] GET /pageNotFound : 302 (1ms)
[2025-12-02T07:38:08.743Z] GET /pageNotFound : 302 (0ms)
[2025-12-02T07:38:50.895Z] GET /login : 200 (13ms)
[2025-12-02T07:38:51.812Z] GET /forgotPassword : 302 (16ms)
[2025-12-02T07:38:51.824Z] GET /pageNotFound : 302 (5ms)
[2025-12-02T07:38:51.828Z] GET /pageNotFound : 302 (3ms)
[2025-12-02T07:38:51.833Z] GET /pageNotFound : 302 (3ms)
[2025-12-02T07:38:51.837Z] GET /pageNotFound : 302 (3ms)
[2025-12-02T07:38:51.841Z] GET /pageNotFound : 302 (2ms)
[2025-12-02T07:38:51.845Z] GET /pageNotFound : 302 (2ms)
[2025-12-02T07:38:51.849Z] GET /pageNotFound : 302 (2ms)
[2025-12-02T07:38:51.852Z] GET /pageNotFound : 302 (2ms)
[2025-12-02T07:38:51.856Z] GET /pageNotFound : 302 (2ms)
[2025-12-02T07:38:51.860Z] GET /pageNotFound : 302 (2ms)
[2025-12-02T07:38:51.863Z] GET /pageNotFound : 302 (2ms)
[2025-12-02T07:38:51.867Z] GET /pageNotFound : 302 (2ms)
[2025-12-02T07:38:51.870Z] GET /pageNotFound : 302 (2ms)
[2025-12-02T07:38:51.873Z] GET /pageNotFound : 302 (2ms)
[2025-12-02T07:38:51.877Z] GET /pageNotFound : 302 (2ms)
[2025-12-02T07:38:51.880Z] GET /pageNotFound : 302 (2ms)
[2025-12-02T07:38:51.883Z] GET /pageNotFound : 302 (2ms)
[2025-12-02T07:38:51.886Z] GET /pageNotFound : 302 (1ms)
[2025-12-02T07:38:51.890Z] GET /pageNotFound : 302 (2ms)
[2025-12-02T07:38:52.912Z] GET /pageNotFound : 302 (4ms)
[2025-12-02T07:38:52.916Z] GET /pageNotFound : 302 (3ms)
[2025-12-02T07:38:52.919Z] GET /pageNotFound : 302 (2ms)
[2025-12-02T07:38:52.923Z] GET /pageNotFound : 302 (3ms)
[2025-12-02T07:38:52.926Z] GET /pageNotFound : 302 (3ms)
[2025-12-02T07:38:52.929Z] GET /pageNotFound : 302 (2ms)
[2025-12-02T07:38:52.932Z] GET /pageNotFound : 302 (2ms)
[2025-12-02T07:38:52.935Z] GET /pageNotFound : 302 (2ms)
[2025-12-02T07:38:52.937Z] GET /pageNotFound : 302 (2ms)
[2025-12-02T07:38:52.939Z] GET /pageNotFound : 302 (1ms)
[2025-12-02T07:38:52.941Z] GET /pageNotFound : 302 (1ms)
[2025-12-02T07:38:52.942Z] GET /pageNotFound : 302 (0ms)
[2025-12-02T07:38:52.944Z] GET /pageNotFound : 302 (1ms)
[2025-12-02T07:38:52.945Z] GET /pageNotFound : 302 (1ms)
[2025-12-02T07:38:52.946Z] GET /pageNotFound : 302 (0ms)
[2025-12-02T07:38:52.948Z] GET /pageNotFound : 302 (1ms)
[2025-12-02T07:38:52.949Z] GET /pageNotFound : 302 (1ms)
[2025-12-02T07:38:52.950Z] GET /pageNotFound : 302 (0ms)
[2025-12-02T07:38:52.951Z] GET /pageNotFound : 302 (0ms)
[2025-12-02T07:38:52.953Z] GET /pageNotFound : 302 (1ms)
[2025-12-02T07:38:57.973Z] GET /pageNotFound : 302 (4ms)
[2025-12-02T07:38:57.981Z] GET /pageNotFound : 302 (5ms)
[2025-12-02T07:38:57.988Z] GET /pageNotFound : 302 (3ms)
[2025-12-02T07:38:57.997Z] GET /pageNotFound : 302 (7ms)
[2025-12-02T07:38:58.002Z] GET /pageNotFound : 302 (2ms)
[2025-12-02T07:38:58.005Z] GET /pageNotFound : 302 (2ms)
[2025-12-02T07:38:58.008Z] GET /pageNotFound : 302 (2ms)
[2025-12-02T07:38:58.010Z] GET /pageNotFound : 302 (1ms)
[2025-12-02T07:38:58.013Z] GET /pageNotFound : 302 (2ms)
[2025-12-02T07:38:58.016Z] GET /pageNotFound : 302 (2ms)
[2025-12-02T07:38:58.018Z] GET /pageNotFound : 302 (1ms)
[2025-12-02T07:38:58.021Z] GET /pageNotFound : 302 (2ms)
[2025-12-02T07:38:58.024Z] GET /pageNotFound : 302 (2ms)
[2025-12-02T07:38:58.026Z] GET /pageNotFound : 302 (1ms)
[2025-12-02T07:38:58.028Z] GET /pageNotFound : 302 (1ms)
[2025-12-02T07:38:58.030Z] GET /pageNotFound : 302 (1ms)
[2025-12-02T07:38:58.031Z] GET /pageNotFound : 302 (1ms)
[2025-12-02T07:38:58.033Z] GET /pageNotFound : 302 (1ms)
[2025-12-02T07:38:58.034Z] GET /pageNotFound : 302 (1ms)
[2025-12-02T07:38:58.035Z] GET /pageNotFound : 302 (0ms)
[2025-12-02T07:39:28.058Z] GET /pageNotFound : 302 (4ms)
[2025-12-02T07:39:28.065Z] GET /pageNotFound : 302 (4ms)
[2025-12-02T07:39:28.070Z] GET /pageNotFound : 302 (3ms)
[2025-12-02T07:39:28.075Z] GET /pageNotFound : 302 (3ms)
[2025-12-02T07:39:28.079Z] GET /pageNotFound : 302 (3ms)
[2025-12-02T07:39:28.083Z] GET /pageNotFound : 302 (3ms)
[2025-12-02T07:39:28.086Z] GET /pageNotFound : 302 (2ms)
[2025-12-02T07:39:28.089Z] GET /pageNotFound : 302 (2ms)
[2025-12-02T07:39:28.091Z] GET /pageNotFound : 302 (2ms)
[2025-12-02T07:39:28.093Z] GET /pageNotFound : 302 (1ms)
[2025-12-02T07:39:28.094Z] GET /pageNotFound : 302 (1ms)
[2025-12-02T07:39:28.096Z] GET /pageNotFound : 302 (1ms)
[2025-12-02T07:39:28.098Z] GET /pageNotFound : 302 (1ms)
[2025-12-02T07:39:28.099Z] GET /pageNotFound : 302 (0ms)
[2025-12-02T07:39:28.101Z] GET /pageNotFound : 302 (1ms)
[2025-12-02T07:39:28.103Z] GET /pageNotFound : 302 (1ms)
[2025-12-02T07:39:28.104Z] GET /pageNotFound : 302 (1ms)
[2025-12-02T07:39:28.105Z] GET /pageNotFound : 302 (0ms)
[2025-12-02T07:39:28.107Z] GET /pageNotFound : 302 (1ms)
[2025-12-02T07:39:28.109Z] GET /pageNotFound : 302 (1ms)
[2025-12-02T07:40:28.800Z] GET /pageNotFound : 302 (616ms)
[2025-12-02T07:40:28.806Z] GET /pageNotFound : 302 (4ms)
[2025-12-02T07:40:28.811Z] GET /pageNotFound : 302 (3ms)
[2025-12-02T07:40:28.818Z] GET /pageNotFound : 302 (2ms)
[2025-12-02T07:40:28.820Z] GET /pageNotFound : 302 (1ms)
[2025-12-02T07:40:28.822Z] GET /pageNotFound : 302 (1ms)
[2025-12-02T07:40:28.824Z] GET /pageNotFound : 302 (1ms)
[2025-12-02T07:40:28.826Z] GET /pageNotFound : 302 (1ms)
[2025-12-02T07:40:28.828Z] GET /pageNotFound : 302 (1ms)
[2025-12-02T07:40:28.830Z] GET /pageNotFound : 302 (1ms)
[2025-12-02T07:40:28.833Z] GET /pageNotFound : 302 (3ms)
[2025-12-02T07:40:28.834Z] GET /pageNotFound : 302 (1ms)
[2025-12-02T07:40:28.836Z] GET /pageNotFound : 302 (1ms)
[2025-12-02T07:40:28.838Z] GET /pageNotFound : 302 (1ms)
[2025-12-02T07:40:28.839Z] GET /pageNotFound : 302 (1ms)
[2025-12-02T07:40:28.841Z] GET /pageNotFound : 302 (1ms)
[2025-12-02T07:40:28.842Z] GET /pageNotFound : 302 (1ms)
[2025-12-02T07:40:28.844Z] GET /pageNotFound : 302 (1ms)
[2025-12-02T07:40:28.846Z] GET /pageNotFound : 302 (2ms)
[2025-12-02T07:40:28.848Z] GET /pageNotFound : 302 (2ms)
[2025-12-02T07:42:00.222Z] GET /login : 200 (9ms)
[2025-12-02T07:42:00.473Z] GET / : 200 (56ms)
[2025-12-02T07:42:03.404Z] GET /shop : 302 (9ms)
[2025-12-02T07:42:03.410Z] GET /pageNotFound : 302 (3ms)
[2025-12-02T07:42:03.416Z] GET /pageNotFound : 302 (4ms)
[2025-12-02T07:42:03.425Z] GET /pageNotFound : 302 (3ms)
[2025-12-02T07:42:03.430Z] GET /pageNotFound : 302 (3ms)
[2025-12-02T07:42:03.435Z] GET /pageNotFound : 302 (3ms)
[2025-12-02T07:42:03.439Z] GET /pageNotFound : 302 (3ms)
[2025-12-02T07:42:03.442Z] GET /pageNotFound : 302 (1ms)
[2025-12-02T07:42:03.444Z] GET /pageNotFound : 302 (1ms)
[2025-12-02T07:42:03.446Z] GET /pageNotFound : 302 (1ms)
[2025-12-02T07:42:03.448Z] GET /pageNotFound : 302 (1ms)
[2025-12-02T07:42:03.451Z] GET /pageNotFound : 302 (1ms)
[2025-12-02T07:42:03.453Z] GET /pageNotFound : 302 (2ms)
[2025-12-02T07:42:03.455Z] GET /pageNotFound : 302 (2ms)
[2025-12-02T07:42:03.457Z] GET /pageNotFound : 302 (2ms)
[2025-12-02T07:42:03.459Z] GET /pageNotFound : 302 (2ms)
[2025-12-02T07:42:03.461Z] GET /pageNotFound : 302 (2ms)
[2025-12-02T07:42:03.463Z] GET /pageNotFound : 302 (1ms)
[2025-12-02T07:42:03.466Z] GET /pageNotFound : 302 (2ms)
[2025-12-02T07:42:03.468Z] GET /pageNotFound : 302 (2ms)
[2025-12-02T07:42:04.494Z] GET /pageNotFound : 302 (4ms)
[2025-12-02T07:42:04.500Z] GET /pageNotFound : 302 (4ms)
[2025-12-02T07:42:04.505Z] GET /pageNotFound : 302 (3ms)
[2025-12-02T07:42:04.509Z] GET /pageNotFound : 302 (2ms)
[2025-12-02T07:42:04.513Z] GET /pageNotFound : 302 (3ms)
[2025-12-02T07:42:04.519Z] GET /pageNotFound : 302 (2ms)
[2025-12-02T07:42:04.522Z] GET /pageNotFound : 302 (1ms)
[2025-12-02T07:42:04.524Z] GET /pageNotFound : 302 (1ms)
[2025-12-02T07:42:04.526Z] GET /pageNotFound : 302 (1ms)
[2025-12-02T07:42:04.528Z] GET /pageNotFound : 302 (1ms)
[2025-12-02T07:42:04.529Z] GET /pageNotFound : 302 (1ms)
[2025-12-02T07:42:04.532Z] GET /pageNotFound : 302 (1ms)
[2025-12-02T07:42:04.534Z] GET /pageNotFound : 302 (1ms)
[2025-12-02T07:42:04.536Z] GET /pageNotFound : 302 (1ms)
[2025-12-02T07:42:04.538Z] GET /pageNotFound : 302 (1ms)
[2025-12-02T07:42:04.540Z] GET /pageNotFound : 302 (1ms)
[2025-12-02T07:42:04.541Z] GET /pageNotFound : 302 (1ms)
[2025-12-02T07:42:04.543Z] GET /pageNotFound : 302 (1ms)
[2025-12-02T07:42:04.544Z] GET /pageNotFound : 302 (1ms)
[2025-12-02T07:42:04.545Z] GET /pageNotFound : 302 (1ms)
[2025-12-02T07:43:09.581Z] GET / : 200 (60ms)
[2025-12-02T07:43:11.244Z] GET /login : 200 (2ms)
[2025-12-02T07:43:12.814Z] GET /forgotPassword : 200 (3ms)
[2025-12-02T08:23:02.385Z] GET /login : 200 (16ms)
[2025-12-02T08:23:06.916Z] GET / : 200 (72ms)
[2025-12-02T08:23:10.009Z] GET /Motherboard : 404 (6ms)
[2025-12-02T08:23:49.378Z] GET / : 200 (74ms)
[2025-12-02T08:23:51.521Z] GET /component/Processor(CPU) : 200 (70ms)
[2025-12-02T08:23:52.873Z] GET /component/Motherboard : 200 (49ms)
[2025-12-02T08:26:13.304Z] GET /component/Motherboar : 302 (6ms)
[2025-12-02T08:26:13.319Z] GET /pageNotFound : 500 (13ms)
[2025-12-02T08:31:58.653Z] GET /component/Processor(CPU) : 200 (134ms)
[2025-12-02T08:33:18.324Z] GET /component/Processor(CPU) : 200 (46ms)
[2025-12-02T08:33:20.801Z] GET /component/Processor(CPU : 302 (7ms)
[2025-12-02T08:33:20.816Z] GET /pageNotFound : 500 (13ms)
[2025-12-02T08:33:45.960Z] GET /pageNotFound : 500 (30ms)
[2025-12-02T08:33:47.355Z] GET /component/Processor(CPU) : 200 (33ms)
[2025-12-02T08:33:49.536Z] GET /component/Processor(CPU : 302 (5ms)
[2025-12-02T08:33:49.545Z] GET /pageNotFound : 500 (7ms)
[2025-12-02T08:33:56.483Z] GET /pageNotFound : 500 (32ms)
[2025-12-02T08:33:57.306Z] GET /pageNotFound : 500 (14ms)
[2025-12-02T08:33:58.495Z] GET /component/Processor(CPU) : 200 (21ms)
[2025-12-02T08:34:00.398Z] GET /component/Processor(CPU : 302 (5ms)
[2025-12-02T08:34:00.406Z] GET /pageNotFound : 500 (6ms)
[2025-12-02T08:38:51.088Z] GET /pageNotFound : 500 (30ms)
[2025-12-02T08:38:51.543Z] GET /pageNotFound : 500 (13ms)
[2025-12-02T08:38:51.712Z] GET /pageNotFound : 500 (8ms)
[2025-12-02T08:38:51.946Z] GET /pageNotFound : 500 (11ms)
[2025-12-02T08:38:53.373Z] GET /component/Processor(CPU) : 200 (33ms)
[2025-12-02T08:38:55.800Z] GET /component/Processor(CPU : 302 (7ms)
[2025-12-02T08:38:55.807Z] GET /pageNotFound : 500 (6ms)
[2025-12-02T08:39:59.088Z] GET /pageNotFound : 200 (23ms)
[2025-12-02T08:39:59.920Z] GET /pageNotFound : 200 (12ms)
[2025-12-02T08:40:00.768Z] GET / : 200 (28ms)
[2025-12-02T08:40:03.496Z] GET /component/Processor(CPU) : 200 (29ms)
[2025-12-02T13:16:01.131Z] GET / : 200 (41ms)
[2025-12-02T13:16:04.481Z] GET /peripheral/Cabinet : 200 (66ms)
[2025-12-02T13:16:06.480Z] GET /peripheral/Cabinet : 200 (19ms)
[2025-12-02T13:16:07.860Z] GET /peripheral/Keyboard : 200 (19ms)
[2025-12-02T13:16:18.479Z] GET /peripheral/Keyboard : 302 (17ms)
[2025-12-02T13:16:18.497Z] GET /pageNotFound : 200 (16ms)
[2025-12-02T13:16:19.271Z] GET /pageNotFound : 200 (10ms)
[2025-12-02T13:16:35.195Z] GET /peripheral/Cabinet : 302 (4ms)
[2025-12-02T13:16:35.208Z] GET /pageNotFound : 200 (11ms)
[2025-12-02T13:16:36.038Z] GET / : 200 (34ms)
[2025-12-02T13:17:22.320Z] GET / : 200 (29ms)
[2025-12-02T13:17:24.647Z] GET /peripheral/Headphones : 302 (8ms)
[2025-12-02T13:17:24.663Z] GET /pageNotFound : 200 (13ms)
[2025-12-02T13:17:28.542Z] GET / : 200 (22ms)
[2025-12-02T13:21:22.395Z] GET / : 200 (44ms)
[2025-12-02T13:21:24.647Z] GET /peripheral/Cabinet : 200 (53ms)
[2025-12-02T13:21:31.035Z] GET /peripheral/Cabinet?sort=newest : 200 (47ms)
[2025-12-02T13:21:32.226Z] GET /peripheral/Cabinet?sort=oldest : 200 (27ms)
[2025-12-02T13:21:33.301Z] GET /peripheral/Cabinet?sort=priceAsc : 200 (40ms)
[2025-12-02T13:21:34.496Z] GET /peripheral/Cabinet?sort=priceDesc : 200 (40ms)
[2025-12-02T13:21:35.559Z] GET /peripheral/Cabinet?sort=nameAsc : 200 (36ms)
[2025-12-02T13:21:37.478Z] GET /peripheral/Cabinet?sort=nameDesc : 200 (37ms)
[2025-12-02T13:21:40.015Z] GET /peripheral/Cabinet?sort=nameAsc : 200 (41ms)
[2025-12-02T13:21:42.189Z] GET /peripheral/Cabinet?sort=nameDesc : 200 (24ms)
[2025-12-02T13:32:59.280Z] GET /peripheral/Cabinet?sort=nameDesc : 200 (145ms)
[2025-12-02T13:33:13.907Z] GET /peripheral/Cabinet?sort=nameAsc : 200 (41ms)
[2025-12-02T13:33:19.344Z] GET /peripheral/Cabinet?sort=priceDesc : 200 (41ms)
[2025-12-02T13:34:02.492Z] GET /peripheral/Cabinet?sort=oldest : 200 (42ms)
[2025-12-02T13:34:25.833Z] GET /peripheral/Cabinet?sort=newest : 200 (40ms)
[2025-12-02T13:34:26.624Z] GET /peripheral/Cabinet?sort=oldest : 200 (40ms)
[2025-12-02T13:34:28.051Z] GET /peripheral/Cabinet?sort=priceAsc : 200 (35ms)
[2025-12-02T13:34:29.201Z] GET /peripheral/Cabinet?sort=priceDesc : 200 (26ms)
[2025-12-02T13:34:30.331Z] GET /peripheral/Cabinet?sort=nameAsc : 200 (39ms)
[2025-12-02T13:34:30.686Z] GET /peripheral/Cabinet?sort=nameDesc : 200 (37ms)
[2025-12-02T13:34:49.431Z] GET / : 200 (33ms)
[2025-12-02T13:34:56.496Z] GET /admin/ : 302 (9ms)
[2025-12-02T13:34:56.502Z] GET /admin/login : 200 (3ms)
[2025-12-02T13:35:05.147Z] POST /admin/login : 200 (6ms)
[2025-12-02T13:35:12.758Z] POST /admin/login : 200 (4ms)
[2025-12-02T13:36:05.755Z] GET /login : 200 (15ms)
[2025-12-02T13:36:07.090Z] GET /signup : 200 (3ms)
[2025-12-02T13:36:33.527Z] POST /signup : 200 (6164ms)
[2025-12-02T13:36:52.311Z] POST /verifyEmailOTP : 200 (118ms)
[2025-12-02T13:36:53.370Z] GET / : 200 (26ms)
[2025-12-02T13:37:37.365Z] GET / : 200 (25ms)
[2025-12-02T13:37:38.216Z] GET / : 200 (17ms)
[2025-12-02T13:37:40.516Z] GET /logout : 302 (2ms)
[2025-12-02T13:37:40.537Z] GET / : 200 (18ms)
[2025-12-02T13:37:41.513Z] GET /login : 200 (2ms)
[2025-12-02T13:37:47.714Z] POST /login : 302 (101ms)
[2025-12-02T13:37:47.724Z] GET / : 200 (6ms)
[2025-12-02T13:37:49.976Z] GET /logout : 302 (1ms)
[2025-12-02T13:37:49.993Z] GET / : 200 (15ms)
[2025-12-02T13:37:56.625Z] POST /admin/login : 200 (4ms)
[2025-12-02T13:38:09.734Z] POST /admin/login : 302 (76ms)
[2025-12-02T13:38:09.744Z] GET /admin : 200 (4ms)
[2025-12-02T13:38:09.875Z] GET /admin/report?range=monthly : 200 (30ms)
[2025-12-02T13:38:23.024Z] GET /peripheral/Cabinet : 200 (95ms)
[2025-12-02T13:38:24.037Z] GET /peripheral/Cabinet : 200 (37ms)
[2025-12-02T13:38:30.055Z] GET /admin : 200 (9ms)
[2025-12-02T13:38:30.133Z] GET /admin/report?range=monthly : 200 (6ms)
[2025-12-02T13:38:31.099Z] GET /admin/category : 200 (16ms)
[2025-12-02T13:38:31.193Z] GET /favicon.ico : 404 (4ms)
[2025-12-02T13:38:34.185Z] GET /admin/category?search=cabinet : 200 (19ms)
[2025-12-02T13:38:35.949Z] GET /admin/category/unListCategory?id=68f71ff3d60696bebac0c1e3&page=1 : 302 (17ms)
[2025-12-02T13:38:35.970Z] GET /admin/category/?page=1 : 200 (13ms)
[2025-12-02T13:38:39.388Z] GET /peripheral/Cabinet : 200 (34ms)
[2025-12-02T13:38:40.003Z] GET /peripheral/Cabinet : 200 (28ms)
[2025-12-02T13:38:40.183Z] GET /peripheral/Cabinet : 200 (27ms)
[2025-12-02T13:38:40.358Z] GET /peripheral/Cabinet : 200 (27ms)
[2025-12-02T13:39:26.868Z] GET /peripheral/Cabinet : 302 (22ms)
[2025-12-02T13:39:26.884Z] GET /pageNotFound : 200 (14ms)
[2025-12-02T13:39:27.558Z] GET /pageNotFound : 200 (10ms)
[2025-12-02T13:39:28.443Z] GET /pageNotFound : 200 (10ms)
[2025-12-02T13:39:29.150Z] GET /pageNotFound : 200 (8ms)
[2025-12-02T13:39:30.302Z] GET / : 200 (34ms)
[2025-12-02T13:39:32.243Z] GET /peripheral/Keyboard : 200 (46ms)
[2025-12-02T13:39:38.579Z] GET /peripheral/Cabinet : 302 (6ms)
[2025-12-02T13:39:38.596Z] GET /pageNotFound : 200 (14ms)
[2025-12-02T13:39:40.900Z] GET / : 200 (20ms)
[2025-12-02T13:39:51.107Z] GET /admin/category?sort=name&search=&page=2 : 302 (4ms)
[2025-12-02T13:39:51.112Z] GET /admin/login : 200 (3ms)
[2025-12-02T13:39:56.528Z] POST /admin/login : 200 (93ms)
[2025-12-02T13:40:06.329Z] POST /admin/login : 302 (98ms)
[2025-12-02T13:40:06.338Z] GET /admin : 200 (4ms)
[2025-12-02T13:40:06.465Z] GET /admin/report?range=monthly : 200 (9ms)
[2025-12-02T13:40:08.210Z] GET /admin/category : 200 (14ms)
[2025-12-02T13:40:10.393Z] GET /admin/category?sort=name&search=&page=2 : 200 (14ms)
[2025-12-02T13:40:11.925Z] GET /admin/category/listCategory?id=68f71ff3d60696bebac0c1e3&page=2 : 302 (12ms)
[2025-12-02T13:40:11.938Z] GET /admin/category/?page=2 : 200 (10ms)
[2025-12-02T13:40:17.600Z] GET / : 200 (17ms)
[2025-12-02T13:40:19.494Z] GET /peripheral/Cabinet : 200 (39ms)
[2025-12-02T13:40:29.922Z] GET /admin/products : 200 (24ms)
[2025-12-02T13:40:29.947Z] GET /js/admin/categoryList.js : 404 (8ms)
[2025-12-02T13:40:33.592Z] GET /admin/products?search=cabinet : 200 (24ms)
[2025-12-02T13:40:33.611Z] GET /js/admin/categoryList.js : 404 (3ms)
[2025-12-02T13:40:39.568Z] GET /admin/products : 200 (27ms)
[2025-12-02T13:40:39.589Z] GET /js/admin/categoryList.js : 404 (1ms)
[2025-12-02T13:40:49.083Z] GET /admin/products?search=Cabinet : 200 (23ms)
[2025-12-02T13:40:49.101Z] GET /js/admin/categoryList.js : 404 (1ms)
[2025-12-02T13:40:58.428Z] GET /admin/products : 200 (23ms)
[2025-12-02T13:40:58.440Z] GET /js/admin/categoryList.js : 404 (1ms)
[2025-12-02T13:41:05.981Z] GET /admin/products/unListProduct?id=6904e84982d5f8c9a2b2bcbd&page=1 : 302 (8ms)
[2025-12-02T13:41:06.009Z] GET /admin/products/?page=1 : 200 (20ms)
[2025-12-02T13:41:06.021Z] GET /js/admin/categoryList.js : 404 (1ms)
[2025-12-02T13:41:18.303Z] GET /peripheral/Cabinet : 200 (33ms)
[2025-12-02T13:41:27.123Z] GET /admin/products/listProduct?id=6904e84982d5f8c9a2b2bcbd&page=1 : 302 (6ms)
[2025-12-02T13:41:27.146Z] GET /admin/products/?page=1 : 200 (22ms)
[2025-12-02T13:41:27.159Z] GET /js/admin/categoryList.js : 404 (1ms)
[2025-12-02T13:41:43.117Z] GET /peripheral/Cabinet : 200 (33ms)
[2025-12-02T13:41:46.177Z] GET /peripheral/Cabinet : 200 (36ms)
[2025-12-02T13:41:50.578Z] GET /peripheral/Cabinet?brand=Corsair&category=Cabinet : 200 (36ms)
[2025-12-02T13:41:52.738Z] GET /peripheral/Cabinet?brand=Corsair&category=Cabinet&sort=oldest : 200 (26ms)
[2025-12-02T13:41:53.213Z] GET /peripheral/Cabinet?brand=Corsair&category=Cabinet&sort=priceAsc : 200 (26ms)
[2025-12-02T13:41:53.695Z] GET /peripheral/Cabinet?brand=Corsair&category=Cabinet&sort=priceDesc : 200 (33ms)
[2025-12-02T13:41:54.084Z] GET /peripheral/Cabinet?brand=Corsair&category=Cabinet&sort=nameAsc : 200 (25ms)
[2025-12-02T13:41:54.524Z] GET /peripheral/Cabinet?brand=Corsair&category=Cabinet&sort=nameDesc : 200 (30ms)
[2025-12-02T13:41:56.055Z] GET /peripheral/Cabinet?brand=Corsair&brand=ROG&category=Cabinet : 200 (32ms)
[2025-12-02T13:41:59.358Z] GET /peripheral/Cabinet?brand=Corsair&brand=ROG&category=Cabinet&sort=newest : 200 (32ms)
[2025-12-02T13:42:00.740Z] GET /peripheral/Cabinet?brand=Corsair&brand=ROG&category=Cabinet&sort=oldest : 200 (32ms)
[2025-12-02T13:42:05.071Z] GET /peripheral/Cabinet?brand=Corsair&brand=ROG&category=Cabinet&sort=priceAsc : 200 (32ms)
[2025-12-02T13:42:08.897Z] GET /peripheral/Cabinet?brand=Corsair&brand=ROG&category=Cabinet&sort=priceDesc : 200 (31ms)
[2025-12-02T13:42:13.124Z] GET /peripheral/Cabinet?brand=Corsair&brand=ROG&category=Cabinet&sort=nameAsc : 200 (33ms)
[2025-12-02T13:42:13.914Z] GET /peripheral/Cabinet?brand=Corsair&brand=ROG&category=Cabinet&sort=nameDesc : 200 (28ms)
[2025-12-02T13:55:02.541Z] GET /peripheral/Monitor : 200 (127ms)
[2025-12-02T13:55:04.008Z] GET /peripheral/Cabinet : 200 (43ms)
[2025-12-02T13:55:05.291Z] GET /peripheral/Keyboard : 200 (35ms)
[2025-12-02T13:55:06.921Z] GET /peripheral/Headphones : 200 (34ms)
[2025-12-02T13:55:08.749Z] GET /peripheral/Mouse : 200 (36ms)
[2025-12-02T13:55:10.359Z] GET /peripheral/Gaming%20Chair : 200 (19ms)
[2025-12-02T13:55:12.054Z] GET /peripheral/ABC : 200 (25ms)
[2025-12-02T13:55:13.879Z] GET /product?id=692d0f60d4913cc0b2b0e9c5 : 200 (33ms)
[2025-12-02T13:55:23.311Z] GET /peripheral/ABC : 200 (32ms)
[2025-12-02T13:55:26.723Z] GET /peripheral/ABC?brand=Corsair&category=ABC : 200 (35ms)
[2025-12-02T13:55:28.279Z] GET /peripheral/ABC?brand=Corsair&category=ABC&sort=newest : 200 (39ms)
[2025-12-02T13:55:28.637Z] GET /peripheral/ABC?brand=Corsair&category=ABC&sort=oldest : 200 (30ms)
[2025-12-02T13:55:29.076Z] GET /peripheral/ABC?brand=Corsair&category=ABC&sort=priceAsc : 200 (29ms)
[2025-12-02T13:55:29.588Z] GET /peripheral/ABC?brand=Corsair&category=ABC&sort=priceDesc : 200 (30ms)
[2025-12-02T13:55:30.129Z] GET /peripheral/ABC?brand=Corsair&category=ABC&sort=nameAsc : 200 (24ms)
[2025-12-02T13:55:30.514Z] GET /peripheral/ABC?brand=Corsair&category=ABC&sort=nameDesc : 200 (22ms)
[2025-12-02T13:55:31.501Z] GET /peripheral/ABC : 200 (27ms)
[2025-12-02T13:55:34.189Z] GET /peripheral/ABC?sort=oldest : 200 (29ms)
[2025-12-02T13:55:36.490Z] GET /peripheral/Keyboard : 200 (30ms)
[2025-12-02T13:55:39.367Z] GET /peripheral/Keyboard?brand=Portronics : 200 (28ms)
[2025-12-02T13:55:40.595Z] GET /peripheral/Keyboard : 200 (37ms)
[2025-12-02T13:55:43.117Z] GET /peripheral/Keyboard?brand=Portronics : 200 (29ms)
[2025-12-02T13:55:48.071Z] GET /peripheral/Keyboard : 200 (31ms)
[2025-12-02T13:55:51.010Z] GET /peripheral/Keyboard?brand=Portronics : 200 (27ms)
[2025-12-02T13:55:53.596Z] GET /peripheral/Keyboard : 200 (30ms)
[2025-12-02T13:57:09.469Z] GET /shop : 200 (56ms)
[2025-12-02T13:57:18.435Z] GET /products/?brand=Corsair : 200 (57ms)
[2025-12-02T13:57:26.686Z] GET /products/?brand=Corsair&category=Motherboard : 200 (32ms)
[2025-12-02T13:57:41.978Z] GET /products/?brand=Corsair : 200 (42ms)
[2025-12-02T13:57:49.098Z] GET /products/?category=Headphones : 200 (42ms)
[2025-12-02T14:00:05.412Z] GET /shop : 200 (45ms)
[2025-12-02T14:00:07.137Z] GET / : 200 (27ms)
[2025-12-02T14:08:41.857Z] GET / : 200 (80ms)
[2025-12-02T14:08:44.450Z] GET /component/Processor(CPU) : 302 (68ms)
[2025-12-02T14:08:44.464Z] GET /pageNotFound : 200 (10ms)
[2025-12-02T14:09:15.098Z] GET / : 200 (45ms)
[2025-12-02T14:09:17.963Z] GET /component/Processor(CPU) : 500 (29ms)
[2025-12-02T14:09:29.109Z] GET / : 200 (19ms)
[2025-12-02T14:09:52.095Z] GET /component/Processor(CPU) : 200 (44ms)
[2025-12-02T14:09:53.327Z] GET /component/Motherboard : 500 (44ms)
[2025-12-02T14:10:01.687Z] GET / : 200 (44ms)
[2025-12-02T14:10:03.476Z] GET /component/Motherboard : 200 (52ms)
[2025-12-02T14:11:55.624Z] GET /component/Motherboard?brand=ROG&brand=MSI : 200 (71ms)
[2025-12-02T14:11:58.575Z] GET /component/Motherboard?brand=ROG&brand=MSI&sort=newest : 200 (50ms)
[2025-12-02T14:11:59.528Z] GET /component/Motherboard?brand=ROG&brand=MSI&sort=oldest : 200 (36ms)
[2025-12-02T14:12:00.151Z] GET /component/Motherboard?brand=ROG&brand=MSI&sort=priceAsc : 200 (45ms)
[2025-12-02T14:12:00.755Z] GET /component/Motherboard?brand=ROG&brand=MSI&sort=priceDesc : 200 (41ms)
[2025-12-02T14:12:01.281Z] GET /component/Motherboard?brand=ROG&brand=MSI&sort=priceDesc : 200 (34ms)
[2025-12-02T14:12:02.300Z] GET /component/Motherboard?brand=ROG&brand=MSI&sort=nameDesc : 200 (43ms)
[2025-12-02T14:12:02.951Z] GET /component/Motherboard?brand=ROG&brand=MSI&sort=nameAsc : 200 (250ms)
[2025-12-02T14:12:03.746Z] GET /component/Motherboard?brand=ROG&brand=MSI&sort=nameDesc : 200 (34ms)
[2025-12-02T14:12:05.118Z] GET /component/Motherboard?brand=ROG&brand=MSI&sort=newest : 200 (44ms)
[2025-12-02T14:12:05.566Z] GET /component/Motherboard?brand=ROG&brand=MSI&sort=oldest : 200 (35ms)
[2025-12-02T14:12:06.036Z] GET /component/Motherboard?brand=ROG&brand=MSI&sort=priceAsc : 200 (42ms)
[2025-12-02T14:12:06.511Z] GET /component/Motherboard?brand=ROG&brand=MSI&sort=priceAsc : 200 (44ms)
[2025-12-02T14:12:07.018Z] GET /component/Motherboard?brand=ROG&brand=MSI&sort=priceDesc : 200 (27ms)
[2025-12-02T14:12:07.576Z] GET /component/Motherboard?brand=ROG&brand=MSI&sort=nameAsc : 200 (33ms)
[2025-12-02T14:12:08.085Z] GET /component/Motherboard?brand=ROG&brand=MSI&sort=nameDesc : 200 (32ms)
[2025-12-02T14:12:45.031Z] GET /shop : 200 (50ms)
[2025-12-02T14:12:49.397Z] GET /admin/products/?page=1 : 302 (7ms)
[2025-12-02T14:12:49.407Z] GET /admin/login : 200 (3ms)
[2025-12-02T14:12:55.818Z] POST /admin/login : 302 (92ms)
[2025-12-02T14:12:55.826Z] GET /admin : 200 (4ms)
[2025-12-02T14:12:55.925Z] GET /admin/report?range=monthly : 200 (11ms)
[2025-12-02T14:12:57.618Z] GET /admin/brands : 200 (15ms)
[2025-12-02T14:12:57.644Z] GET /js/admin/categoryList.js : 404 (5ms)
[2025-12-02T14:13:00.084Z] GET /admin/brands : 200 (11ms)
[2025-12-02T14:13:00.103Z] GET /js/admin/categoryList.js : 404 (2ms)
[2025-12-02T14:13:01.255Z] GET /admin/customers : 200 (13ms)
[2025-12-02T14:13:04.969Z] GET /admin/customers : 200 (12ms)
[2025-12-02T14:13:08.710Z] GET /admin/category : 200 (13ms)
[2025-12-02T14:13:15.785Z] GET /admin/category?sort=name&search=&page=2 : 200 (14ms)
[2025-12-02T14:13:18.129Z] GET /admin/category/unListCategory?id=68f71bacd60696bebac0c1bf&page=2 : 302 (14ms)
[2025-12-02T14:13:18.143Z] GET /admin/category/?page=2 : 200 (11ms)
[2025-12-02T14:13:25.649Z] GET /component/Memory(RAM) : 200 (31ms)
[2025-12-02T14:13:27.050Z] GET /component/Memory(RAM) : 200 (26ms)
[2025-12-02T14:13:43.316Z] GET /component/Memory(RAM) : 200 (57ms)
[2025-12-02T14:13:43.856Z] GET /component/Memory(RAM) : 200 (32ms)
[2025-12-02T14:13:44.024Z] GET /component/Memory(RAM) : 200 (26ms)
[2025-12-02T14:13:55.138Z] GET /component/Memory(RAM) : 200 (30ms)
[2025-12-02T14:13:55.357Z] GET /component/Memory(RAM) : 200 (26ms)
[2025-12-02T14:13:55.561Z] GET /component/Memory(RAM) : 200 (31ms)
[2025-12-02T14:13:58.149Z] GET /admin/category/?page=2 : 302 (8ms)
[2025-12-02T14:13:58.152Z] GET /admin/login : 200 (1ms)
[2025-12-02T14:14:04.619Z] POST /admin/login : 302 (92ms)
[2025-12-02T14:14:04.626Z] GET /admin : 200 (3ms)
[2025-12-02T14:14:04.735Z] GET /admin/report?range=monthly : 200 (6ms)
[2025-12-02T14:14:06.441Z] GET /admin/category : 200 (17ms)
[2025-12-02T14:14:12.292Z] GET /admin/category?sort=name&search=&page=2 : 200 (20ms)
[2025-12-02T14:14:29.549Z] GET /component/Memory(RAM) : 302 (17ms)
[2025-12-02T14:14:29.565Z] GET /pageNotFound : 200 (14ms)
[2025-12-02T14:14:30.154Z] GET /pageNotFound : 200 (11ms)
[2025-12-02T14:14:31.203Z] GET /pageNotFound : 200 (9ms)
[2025-12-02T14:14:31.857Z] GET /shop : 200 (65ms)
[2025-12-02T14:14:32.940Z] GET /shop : 200 (53ms)
[2025-12-02T14:14:45.325Z] GET /products/?brand=Corsair : 200 (51ms)
[2025-12-02T14:14:49.864Z] GET /admin/brands : 302 (5ms)
[2025-12-02T14:14:49.870Z] GET /admin/login : 200 (3ms)
[2025-12-02T14:14:55.139Z] POST /admin/login : 302 (91ms)
[2025-12-02T14:14:55.147Z] GET /admin : 200 (4ms)
[2025-12-02T14:14:55.266Z] GET /admin/report?range=monthly : 200 (4ms)
[2025-12-02T14:15:10.259Z] GET /admin/brands : 200 (17ms)
[2025-12-02T14:15:10.288Z] GET /js/admin/categoryList.js : 404 (4ms)
[2025-12-02T14:15:15.286Z] GET /admin/brands/?page=2&sort=name : 200 (14ms)
[2025-12-02T14:15:15.306Z] GET /js/admin/categoryList.js : 404 (3ms)
[2025-12-02T14:15:17.817Z] GET /admin/brands/?page=4&sort=name : 200 (11ms)
[2025-12-02T14:15:17.835Z] GET /js/admin/categoryList.js : 404 (1ms)
[2025-12-02T14:15:25.416Z] GET /admin/brands/unlistBrand?id=68f85949ed589925c667bb89&page=4 : 302 (25ms)
[2025-12-02T14:15:25.430Z] GET /admin/brands/?page=4 : 200 (11ms)
[2025-12-02T14:15:25.445Z] GET /js/admin/categoryList.js : 404 (1ms)
[2025-12-02T14:15:27.684Z] GET /products/?brand=Corsair : 200 (43ms)
[2025-12-02T14:15:28.237Z] GET /products/?brand=Corsair : 200 (50ms)
[2025-12-02T14:15:28.402Z] GET /products/?brand=Corsair : 200 (32ms)
[2025-12-02T14:18:11.755Z] GET /products/?brand=Corsair : 200 (99ms)
[2025-12-02T14:18:12.386Z] GET /products/?brand=Corsair : 200 (45ms)
[2025-12-02T14:18:12.567Z] GET /products/?brand=Corsair : 200 (27ms)
[2025-12-02T14:18:14.373Z] GET /admin/brands/?page=4 : 302 (7ms)
[2025-12-02T14:18:14.379Z] GET /admin/login : 200 (3ms)
[2025-12-02T14:18:16.801Z] GET /products/?brand=Corsair : 200 (43ms)
[2025-12-02T14:18:16.982Z] GET /products/?brand=Corsair : 200 (34ms)
[2025-12-02T14:18:17.196Z] GET /products/?brand=Corsair : 200 (31ms)
[2025-12-02T14:18:20.499Z] GET /products/?brand=Corsair&brand=ROG : 200 (39ms)
[2025-12-02T14:19:03.132Z] GET /products/?brand=Corsair&brand=ROG : 200 (70ms)
[2025-12-02T14:19:07.787Z] GET /products/?brand=Corsair&brand=ROG : 200 (57ms)
[2025-12-02T14:19:39.854Z] GET /products/?brand=Corsair : 200 (54ms)
[2025-12-02T14:19:40.606Z] GET /shop : 200 (52ms)
[2025-12-02T14:19:41.389Z] GET /component/Motherboard?brand=ROG&brand=MSI&sort=nameDesc : 200 (51ms)
[2025-12-02T14:19:46.927Z] GET /component/Motherboard : 200 (37ms)
[2025-12-02T14:19:53.193Z] GET /component/Coolers : 200 (38ms)
[2025-12-02T14:20:03.620Z] POST /admin/login : 302 (92ms)
[2025-12-02T14:20:03.628Z] GET /admin : 200 (4ms)
[2025-12-02T14:20:03.760Z] GET /admin/report?range=monthly : 200 (5ms)
[2025-12-02T14:20:05.203Z] GET /admin/brands : 200 (16ms)
[2025-12-02T14:20:05.226Z] GET /js/admin/categoryList.js : 404 (5ms)
[2025-12-02T14:20:07.646Z] GET /admin/brands/?page=4&sort=name : 200 (13ms)
[2025-12-02T14:20:07.662Z] GET /js/admin/categoryList.js : 404 (2ms)
[2025-12-02T14:20:09.882Z] GET /admin/brands/listBrand?id=68f85949ed589925c667bb89&page=4 : 302 (30ms)
[2025-12-02T14:20:09.897Z] GET /admin/brands/?page=4 : 200 (11ms)
[2025-12-02T14:20:09.909Z] GET /js/admin/categoryList.js : 404 (1ms)
[2025-12-02T14:20:14.687Z] GET /component/Motherboard : 200 (50ms)
[2025-12-02T14:20:16.427Z] GET /component/Processor(CPU) : 200 (17ms)
[2025-12-02T14:20:17.927Z] GET /component/Coolers : 200 (36ms)
[2025-12-02T14:20:28.527Z] GET /component/Fans : 200 (28ms)
[2025-12-02T14:20:31.967Z] GET /component/GPU : 200 (28ms)
[2025-12-02T14:20:34.653Z] GET /component/Motherboard : 200 (34ms)
[2025-12-02T14:20:40.171Z] GET /admin/brands/?page=3&sort=name : 200 (14ms)
[2025-12-02T14:20:40.197Z] GET /js/admin/categoryList.js : 404 (3ms)
[2025-12-02T14:20:44.783Z] GET /admin/brands/?page=2&sort=name : 200 (10ms)
[2025-12-02T14:20:44.801Z] GET /js/admin/categoryList.js : 404 (1ms)
[2025-12-02T14:20:50.100Z] GET /admin/brands/?page=4&sort=name : 200 (9ms)
[2025-12-02T14:20:50.115Z] GET /js/admin/categoryList.js : 404 (1ms)
[2025-12-02T14:20:51.954Z] GET /admin/brands/unlistBrand?id=68f859dfed589925c667bbd0&page=4 : 302 (6ms)
[2025-12-02T14:20:51.966Z] GET /admin/brands/?page=4 : 200 (9ms)
[2025-12-02T14:20:51.978Z] GET /js/admin/categoryList.js : 404 (1ms)
[2025-12-02T14:20:54.436Z] GET /component/Motherboard : 200 (34ms)
[2025-12-02T14:20:55.161Z] GET /component/Motherboard : 200 (36ms)
[2025-12-02T14:21:02.910Z] GET /admin/brands/?page=4 : 200 (11ms)
[2025-12-02T14:21:02.924Z] GET /js/admin/categoryList.js : 404 (1ms)
[2025-12-02T14:21:04.751Z] GET /component/Motherboard : 200 (35ms)
[2025-12-02T14:21:04.999Z] GET /component/Motherboard : 200 (33ms)
[2025-12-02T14:21:05.191Z] GET /component/Motherboard : 200 (26ms)
[2025-12-02T14:21:07.957Z] GET /component/Motherboard?brand=ROG&brand=MSI : 200 (40ms)
[2025-12-02T14:21:08.944Z] GET /component/Motherboard?brand=ROG&brand=MSI : 200 (25ms)
[2025-12-02T14:21:19.187Z] GET /component/Motherboard : 200 (32ms)
[2025-12-02T14:22:20.672Z] GET /component/Motherboard : 200 (60ms)
[2025-12-02T14:22:21.475Z] GET /component/Motherboard : 200 (40ms)
[2025-12-02T14:22:21.773Z] GET /component/Motherboard : 200 (33ms)
[2025-12-02T14:22:37.481Z] GET /component/Motherboard : 200 (41ms)
[2025-12-02T14:22:43.500Z] GET /component/Motherboard : 200 (59ms)
[2025-12-02T14:22:44.301Z] GET /component/Motherboard : 200 (43ms)
[2025-12-02T14:22:57.786Z] GET /component/Motherboard : 200 (64ms)
[2025-12-02T14:22:58.445Z] GET /component/Motherboard : 200 (45ms)
[2025-12-02T14:23:01.986Z] GET /component/Motherboard?brand=MSI : 200 (38ms)
[2025-12-02T14:23:06.657Z] GET /component/Motherboard?brand=ROG&brand=MSI : 200 (33ms)
[2025-12-02T14:24:27.693Z] GET /peripheral/Cabinet : 200 (62ms)
[2025-12-02T14:24:31.979Z] GET /peripheral/Cabinet : 200 (37ms)
[2025-12-02T14:25:12.000Z] GET /peripheral/Cabinet : 200 (63ms)
[2025-12-02T14:25:12.602Z] GET /peripheral/Cabinet : 200 (41ms)
[2025-12-02T14:25:12.813Z] GET /peripheral/Cabinet : 200 (31ms)
[2025-12-02T14:25:16.880Z] GET /peripheral/Cabinet : 200 (35ms)
[2025-12-02T14:27:08.115Z] GET /peripheral/Cabinet : 200 (59ms)
[2025-12-02T14:27:08.775Z] GET /peripheral/Cabinet : 200 (43ms)
[2025-12-02T14:27:08.949Z] GET /peripheral/Cabinet : 200 (29ms)
[2025-12-02T14:27:10.982Z] GET /peripheral/Monitor : 200 (37ms)
[2025-12-02T14:27:14.993Z] GET /peripheral/Headphones : 200 (34ms)
[2025-12-02T14:27:19.105Z] GET /peripheral/Cabinet : 200 (31ms)
[2025-12-02T14:27:20.207Z] GET /peripheral/Cabinet : 200 (28ms)
[2025-12-02T14:27:20.681Z] GET /peripheral/Cabinet : 200 (33ms)
[2025-12-02T14:27:20.882Z] GET /peripheral/Cabinet : 200 (27ms)
[2025-12-02T14:27:21.059Z] GET /peripheral/Cabinet : 200 (26ms)
[2025-12-02T14:27:21.286Z] GET /peripheral/Cabinet : 200 (29ms)
[2025-12-02T14:31:28.295Z] GET /peripheral/Cabinet : 200 (139ms)
[2025-12-02T14:31:32.297Z] GET /peripheral/Cabinet : 200 (39ms)
[2025-12-02T14:31:38.058Z] GET /peripheral/Cabinet?brand=Corsair : 200 (39ms)
[2025-12-02T14:31:42.512Z] GET /peripheral/Cabinet?brand=ROG : 302 (9ms)
[2025-12-02T14:31:42.519Z] GET /pageNotFound : 200 (6ms)
[2025-12-02T14:36:19.761Z] GET /peripheral/Cabinet?brand=Corsair : 200 (117ms)
[2025-12-02T14:36:23.782Z] GET /peripheral/Cabinet?brand=Corsair&brand=NZXT : 200 (42ms)
[2025-12-02T14:36:26.949Z] GET /peripheral/Cabinet?brand=Corsair&brand=NZXT&brand=AntEsports : 200 (36ms)
[2025-12-02T14:36:29.842Z] GET /peripheral/Cabinet?brand=Corsair&brand=NZXT&brand=AntEsports&brand=Zebronics : 200 (37ms)
[2025-12-02T14:36:31.373Z] GET /peripheral/Cabinet : 200 (46ms)
[2025-12-02T14:36:53.280Z] GET /shop : 200 (68ms)
[2025-12-02T14:36:56.331Z] GET /admin/brands/?page=4 : 302 (10ms)
[2025-12-02T14:36:56.336Z] GET /admin/login : 200 (2ms)
[2025-12-02T14:37:03.097Z] POST /admin/login : 302 (88ms)
[2025-12-02T14:37:03.107Z] GET /admin : 200 (5ms)
[2025-12-02T14:37:03.215Z] GET /admin/report?range=monthly : 200 (19ms)
[2025-12-02T14:37:06.117Z] GET /admin/products : 200 (29ms)
[2025-12-02T14:37:06.139Z] GET /js/admin/categoryList.js : 404 (3ms)
[2025-12-02T14:37:13.600Z] GET /peripheral/Cabinet : 200 (47ms)
[2025-12-02T14:37:20.271Z] GET /admin/products/unListProduct?id=6904e84982d5f8c9a2b2bcbd&page=1 : 302 (28ms)
[2025-12-02T14:37:20.298Z] GET /admin/products/?page=1 : 200 (25ms)
[2025-12-02T14:37:20.316Z] GET /js/admin/categoryList.js : 404 (3ms)
[2025-12-02T14:37:26.473Z] GET /peripheral/Cabinet : 200 (37ms)
[2025-12-02T14:39:14.818Z] GET /admin/products/listProduct?id=6904e84982d5f8c9a2b2bcbd&page=1 : 302 (21ms)
[2025-12-02T14:39:14.826Z] GET /admin/login : 200 (6ms)
[2025-12-02T14:39:22.881Z] POST /admin/login : 302 (98ms)
[2025-12-02T14:39:22.890Z] GET /admin : 200 (5ms)
[2025-12-02T14:39:23.000Z] GET /admin/report?range=monthly : 200 (32ms)
[2025-12-02T14:39:29.170Z] GET /admin/coupons : 200 (47ms)
[2025-12-02T14:39:29.595Z] GET /admin/category : 200 (17ms)
[2025-12-02T14:39:33.045Z] GET /admin/category?sort=name&search=&page=2 : 200 (15ms)
[2025-12-02T14:39:34.288Z] GET /admin/category/listCategory?id=68f71bacd60696bebac0c1bf&page=2 : 302 (15ms)
[2025-12-02T14:39:34.302Z] GET /admin/category/?page=2 : 200 (11ms)
[2025-12-02T14:39:36.671Z] GET /admin/category : 200 (14ms)
[2025-12-02T14:39:39.748Z] GET /admin/orders : 200 (14ms)
[2025-12-02T14:39:40.598Z] GET /admin/brands : 200 (15ms)
[2025-12-02T14:39:40.620Z] GET /js/admin/categoryList.js : 404 (4ms)
[2025-12-02T14:39:42.958Z] GET /admin/brands/?page=2&sort=name : 200 (13ms)
[2025-12-02T14:39:42.984Z] GET /js/admin/categoryList.js : 404 (3ms)
[2025-12-02T14:39:44.470Z] GET /admin/brands/?page=3&sort=name : 200 (14ms)
[2025-12-02T14:39:44.488Z] GET /js/admin/categoryList.js : 404 (2ms)
[2025-12-02T14:39:45.865Z] GET /admin/brands/?page=4&sort=name : 200 (11ms)
[2025-12-02T14:39:45.885Z] GET /js/admin/categoryList.js : 404 (1ms)
[2025-12-02T14:39:47.090Z] GET /admin/brands/listBrand?id=68f859dfed589925c667bbd0&page=4 : 302 (6ms)
[2025-12-02T14:39:47.104Z] GET /admin/brands/?page=4 : 200 (12ms)
[2025-12-02T14:39:47.118Z] GET /js/admin/categoryList.js : 404 (1ms)
[2025-12-02T14:39:50.366Z] GET /admin/products : 200 (37ms)
[2025-12-02T14:39:50.391Z] GET /js/admin/categoryList.js : 404 (5ms)
[2025-12-02T14:39:51.943Z] GET /admin/products/listProduct?id=6904e84982d5f8c9a2b2bcbd&page=1 : 302 (7ms)
[2025-12-02T14:39:51.970Z] GET /admin/products/?page=1 : 200 (24ms)
[2025-12-02T14:39:51.984Z] GET /js/admin/categoryList.js : 404 (1ms)
[2025-12-02T14:39:55.388Z] GET /peripheral/Cabinet : 200 (41ms)
[2025-12-02T14:40:05.384Z] GET /peripheral/Keyboard : 200 (40ms)
[2025-12-02T14:40:06.820Z] GET /peripheral/Keyboard : 200 (43ms)
[2025-12-02T14:40:14.409Z] GET /admin/products/unListProduct?id=6925bca9c899fd4abada264a&page=1 : 302 (7ms)
[2025-12-02T14:40:14.436Z] GET /admin/products/?page=1 : 200 (25ms)
[2025-12-02T14:40:14.451Z] GET /js/admin/categoryList.js : 404 (1ms)
[2025-12-02T14:40:22.223Z] GET /peripheral/Keyboard : 200 (35ms)
[2025-12-02T14:40:22.765Z] GET /peripheral/Keyboard : 200 (34ms)
[2025-12-02T14:40:23.015Z] GET /peripheral/Keyboard : 200 (29ms)
[2025-12-02T14:40:35.458Z] GET /peripheral/Keyboard : 200 (33ms)
[2025-12-02T14:40:42.511Z] GET /admin/products/?page=1 : 200 (19ms)
[2025-12-02T14:40:42.523Z] GET /js/admin/categoryList.js : 404 (1ms)
[2025-12-02T14:40:42.879Z] GET /admin/products/?page=1 : 200 (23ms)
[2025-12-02T14:40:42.893Z] GET /js/admin/categoryList.js : 404 (1ms)
[2025-12-02T14:40:43.104Z] GET /admin/products/?page=1 : 200 (16ms)
[2025-12-02T14:40:43.113Z] GET /js/admin/categoryList.js : 404 (1ms)
[2025-12-02T14:40:43.356Z] GET /admin/products/?page=1 : 200 (17ms)
[2025-12-02T14:40:43.371Z] GET /js/admin/categoryList.js : 404 (2ms)
[2025-12-02T14:40:43.615Z] GET /admin/products/?page=1 : 200 (18ms)
[2025-12-02T14:40:43.626Z] GET /js/admin/categoryList.js : 404 (1ms)
[2025-12-02T14:40:51.530Z] GET /peripheral/Keyboard?brand=Portronics : 200 (33ms)
[2025-12-02T14:40:54.335Z] GET /peripheral/Keyboard? : 200 (33ms)
[2025-12-02T14:40:57.185Z] GET /admin/products/listProduct?id=6925bca9c899fd4abada264a&page=1 : 302 (6ms)
[2025-12-02T14:40:57.211Z] GET /admin/products/?page=1 : 200 (23ms)
[2025-12-02T14:40:57.227Z] GET /js/admin/categoryList.js : 404 (2ms)
[2025-12-02T14:41:01.364Z] GET /peripheral/Keyboard?brand=Portronics : 200 (36ms)
[2025-12-02T14:41:06.869Z] GET /admin/products/unListProduct?id=6925bca9c899fd4abada264a&page=1 : 302 (7ms)
[2025-12-02T14:41:06.891Z] GET /admin/products/?page=1 : 200 (20ms)
[2025-12-02T14:41:06.909Z] GET /js/admin/categoryList.js : 404 (2ms)
[2025-12-02T14:41:08.455Z] GET /admin/products : 200 (21ms)
[2025-12-02T14:41:08.468Z] GET /js/admin/categoryList.js : 404 (1ms)
[2025-12-02T14:41:10.036Z] GET /admin/brands : 200 (11ms)
[2025-12-02T14:41:10.058Z] GET /js/admin/categoryList.js : 404 (2ms)
[2025-12-02T14:41:11.414Z] GET /admin/brands/unlistBrand?id=6925b894c899fd4abada1ffc&page=1 : 302 (5ms)
[2025-12-02T14:41:11.427Z] GET /admin/brands/?page=1 : 200 (11ms)
[2025-12-02T14:41:11.444Z] GET /js/admin/categoryList.js : 404 (1ms)
[2025-12-02T14:41:14.098Z] GET /peripheral/Keyboard?brand=Portronics : 302 (6ms)
[2025-12-02T14:41:14.117Z] GET /pageNotFound : 200 (10ms)
[2025-12-02T14:41:17.755Z] GET /peripheral/Keyboard? : 200 (37ms)
[2025-12-02T14:41:18.364Z] GET /peripheral/Keyboard? : 200 (26ms)
[2025-12-02T14:41:20.436Z] GET /peripheral/Keyboard?brand=Kreo : 200 (32ms)
[2025-12-02T14:41:26.440Z] GET /peripheral/Keyboard?brand=Portronics : 302 (7ms)
[2025-12-02T14:41:26.448Z] GET /pageNotFound : 200 (6ms)
[2025-12-02T14:41:38.732Z] GET /admin/brands/listBrand?id=6925b894c899fd4abada1ffc&page=1 : 302 (13ms)
[2025-12-02T14:41:38.744Z] GET /admin/brands/?page=1 : 200 (10ms)
[2025-12-02T14:41:38.767Z] GET /js/admin/categoryList.js : 404 (5ms)
[2025-12-02T14:41:41.638Z] GET /admin/products : 200 (26ms)
[2025-12-02T14:41:41.656Z] GET /js/admin/categoryList.js : 404 (1ms)
[2025-12-02T14:41:43.348Z] GET /admin/products/listProduct?id=6925bca9c899fd4abada264a&page=1 : 302 (5ms)
[2025-12-02T14:41:43.375Z] GET /admin/products/?page=1 : 200 (20ms)
[2025-12-02T14:41:43.389Z] GET /js/admin/categoryList.js : 404 (1ms)
[2025-12-02T14:41:45.682Z] GET /admin/products : 200 (21ms)
[2025-12-02T14:41:45.699Z] GET /js/admin/categoryList.js : 404 (2ms)
[2025-12-02T14:41:46.594Z] GET /admin/brands : 200 (13ms)
[2025-12-02T14:41:46.615Z] GET /js/admin/categoryList.js : 404 (2ms)
[2025-12-02T14:41:48.124Z] GET /admin/category : 200 (14ms)
[2025-12-02T14:41:56.941Z] GET /peripheral/Keyboard : 200 (35ms)
[2025-12-02T14:42:04.429Z] GET /admin/category/unListCategory?id=68f72009d60696bebac0c1eb&page=1 : 302 (14ms)
[2025-12-02T14:42:04.442Z] GET /admin/category/?page=1 : 200 (11ms)
[2025-12-02T14:42:10.130Z] GET /peripheral/Keyboard : 302 (3ms)
[2025-12-02T14:42:10.135Z] GET /pageNotFound : 200 (4ms)
[2025-12-02T14:42:10.906Z] GET /pageNotFound : 200 (7ms)
[2025-12-02T14:42:13.157Z] GET /peripheral/Keyboard?brand=Kreo : 302 (3ms)
[2025-12-02T14:42:13.167Z] GET /pageNotFound : 200 (8ms)
[2025-12-02T14:42:13.801Z] GET /pageNotFound : 200 (9ms)
[2025-12-02T14:42:15.085Z] GET /peripheral/Keyboard? : 302 (4ms)
[2025-12-02T14:42:15.094Z] GET /pageNotFound : 200 (6ms)
[2025-12-02T14:42:16.213Z] GET /peripheral/Keyboard?brand=Portronics : 302 (4ms)
[2025-12-02T14:42:16.223Z] GET /pageNotFound : 200 (8ms)
[2025-12-02T14:42:16.709Z] GET /peripheral/Keyboard : 302 (4ms)
[2025-12-02T14:42:16.718Z] GET /pageNotFound : 200 (6ms)
[2025-12-02T14:42:16.941Z] GET /peripheral/Cabinet : 200 (32ms)
[2025-12-02T14:42:18.138Z] GET /peripheral/Cabinet : 200 (33ms)
[2025-12-02T14:42:33.200Z] GET /admin/category/listCategory?id=68f72009d60696bebac0c1eb&page=1 : 302 (9ms)
[2025-12-02T14:42:33.220Z] GET /admin/category/?page=1 : 200 (13ms)
[2025-12-02T14:42:55.109Z] GET /peripheral/Keyboard : 200 (50ms)
[2025-12-02T14:43:05.320Z] GET / : 200 (25ms)
[2025-12-02T14:45:26.903Z] GET / : 200 (46ms)
[2025-12-02T14:45:28.224Z] GET /shop : 200 (99ms)
[2025-12-02T14:45:31.522Z] GET /admin/category/?page=1 : 302 (6ms)
[2025-12-02T14:45:31.526Z] GET /admin/login : 200 (2ms)
[2025-12-02T14:45:38.960Z] POST /admin/login : 302 (93ms)
[2025-12-02T14:45:38.967Z] GET /admin : 200 (4ms)
[2025-12-02T14:45:39.087Z] GET /admin/report?range=monthly : 200 (11ms)
[2025-12-02T14:45:40.255Z] GET /admin/brands : 200 (13ms)
[2025-12-02T14:45:40.282Z] GET /js/admin/categoryList.js : 404 (5ms)
[2025-12-02T14:45:41.747Z] GET /admin/brands/unlistBrand?id=6925b894c899fd4abada1ffc&page=1 : 302 (22ms)
[2025-12-02T14:45:41.762Z] GET /admin/brands/?page=1 : 200 (11ms)
[2025-12-02T14:45:41.776Z] GET /js/admin/categoryList.js : 404 (1ms)
[2025-12-02T14:45:48.536Z] GET /shop?sort=oldest : 200 (51ms)
[2025-12-02T14:45:49.130Z] GET /shop?sort=newest : 200 (46ms)
[2025-12-02T14:45:50.708Z] GET /shop?sort=newest : 200 (47ms)
[2025-12-02T14:45:56.312Z] GET /products/?brand=Corsair : 200 (49ms)
[2025-12-02T14:46:04.521Z] GET /products/?brand=Portronics : 200 (36ms)
[2025-12-02T14:48:25.742Z] GET /products/?brand=Portronics : 200 (143ms)
[2025-12-02T14:48:27.309Z] GET /products/?brand=Portronics : 200 (44ms)
[2025-12-02T14:48:27.715Z] GET /products/?brand=Portronics : 200 (36ms)
[2025-12-02T14:48:27.911Z] GET /products/?brand=Portronics : 200 (37ms)
[2025-12-02T14:48:31.238Z] GET /admin/brands/?page=1 : 302 (6ms)
[2025-12-02T14:48:31.242Z] GET /admin/login : 200 (2ms)
[2025-12-02T14:48:37.622Z] POST /admin/login : 302 (93ms)
[2025-12-02T14:48:37.630Z] GET /admin : 200 (3ms)
[2025-12-02T14:48:37.743Z] GET /admin/report?range=monthly : 200 (14ms)
[2025-12-02T14:48:38.900Z] GET /admin/products : 200 (30ms)
[2025-12-02T14:48:38.930Z] GET /js/admin/categoryList.js : 404 (5ms)
[2025-12-02T14:48:41.105Z] GET /admin/brands : 200 (14ms)
[2025-12-02T14:48:41.117Z] GET /js/admin/categoryList.js : 404 (2ms)
[2025-12-02T14:48:42.945Z] GET /admin/brands/listBrand?id=6925b894c899fd4abada1ffc&page=1 : 302 (12ms)
[2025-12-02T14:48:42.961Z] GET /admin/brands/?page=1 : 200 (13ms)
[2025-12-02T14:48:42.975Z] GET /js/admin/categoryList.js : 404 (1ms)
[2025-12-02T14:48:45.037Z] GET /products/?brand=Portronics : 200 (45ms)
[2025-12-02T14:48:45.649Z] GET /products/?brand=Portronics : 200 (25ms)
[2025-12-02T14:48:47.203Z] GET /admin/brands/unlistBrand?id=6925b894c899fd4abada1ffc&page=1 : 302 (5ms)
[2025-12-02T14:48:47.211Z] GET /admin/brands/?page=1 : 200 (6ms)
[2025-12-02T14:48:47.228Z] GET /js/admin/categoryList.js : 404 (1ms)
[2025-12-02T14:48:49.198Z] GET /products/?brand=Portronics : 200 (32ms)
[2025-12-02T14:48:49.532Z] GET /products/?brand=Portronics : 200 (35ms)
[2025-12-02T14:48:49.755Z] GET /products/?brand=Portronics : 200 (31ms)
[2025-12-02T14:48:49.939Z] GET /products/?brand=Portronics : 200 (32ms)
[2025-12-02T14:48:59.625Z] GET /products/? : 200 (43ms)
[2025-12-02T14:49:02.259Z] GET /products/?sort=oldest : 200 (47ms)
[2025-12-02T14:49:03.823Z] GET /products/?sort=oldest : 200 (49ms)
[2025-12-02T14:49:08.073Z] GET /products/?sort=oldest : 200 (42ms)
[2025-12-02T14:49:08.595Z] GET /products/?sort=newest : 200 (39ms)
[2025-12-02T14:51:15.885Z] GET /products/?sort=newest : 200 (74ms)
[2025-12-02T14:51:16.392Z] GET /products/?sort=newest : 200 (43ms)
[2025-12-02T14:51:16.572Z] GET /products/?sort=newest : 200 (28ms)
[2025-12-02T14:51:20.248Z] GET /shop : 200 (50ms)
[2025-12-02T14:51:20.864Z] GET /shop : 200 (35ms)
[2025-12-02T14:51:26.963Z] GET /shop?sort=newest : 200 (44ms)
[2025-12-02T14:51:32.673Z] GET /products/?brand=ROG : 200 (38ms)
[2025-12-02T14:51:43.843Z] GET /products/?brand=Portronics : 200 (39ms)
[2025-12-02T14:53:44.752Z] GET /products/?brand=Portronics : 200 (67ms)
[2025-12-02T14:53:45.375Z] GET /products/?brand=Portronics : 200 (48ms)
[2025-12-02T14:53:45.564Z] GET /products/?brand=Portronics : 200 (26ms)
[2025-12-02T14:53:45.760Z] GET /products/?brand=Portronics : 200 (19ms)
[2025-12-02T14:53:45.971Z] GET /products/?brand=Portronics : 200 (30ms)
[2025-12-02T14:53:46.201Z] GET /products/?brand=Portronics : 200 (61ms)
[2025-12-02T14:53:46.538Z] GET /products/?brand=Portronics : 200 (208ms)
[2025-12-02T14:53:46.745Z] GET /products/?brand=Portronics : 200 (38ms)
[2025-12-02T14:53:46.980Z] GET /products/?brand=Portronics : 200 (75ms)
[2025-12-02T14:53:51.256Z] GET /products/?brand=Portronics : 200 (39ms)
[2025-12-02T14:53:53.842Z] GET /products/?brand=Portronics : 200 (35ms)
[2025-12-02T14:54:02.126Z] GET /admin/brands/?page=1 : 302 (5ms)
[2025-12-02T14:54:02.130Z] GET /admin/login : 200 (2ms)
[2025-12-02T14:54:02.321Z] GET /admin/login : 200 (2ms)
[2025-12-02T14:54:10.068Z] POST /admin/login : 302 (90ms)
[2025-12-02T14:54:10.075Z] GET /admin : 200 (4ms)
[2025-12-02T14:54:10.157Z] GET /admin/report?range=monthly : 200 (7ms)
[2025-12-02T14:54:11.698Z] GET /admin/brands : 200 (16ms)
[2025-12-02T14:54:11.723Z] GET /js/admin/categoryList.js : 404 (4ms)
[2025-12-02T14:54:13.125Z] GET /admin/brands : 200 (12ms)
[2025-12-02T14:54:13.139Z] GET /js/admin/categoryList.js : 404 (2ms)
[2025-12-02T14:54:13.318Z] GET /admin/brands : 200 (10ms)
[2025-12-02T14:54:13.329Z] GET /js/admin/categoryList.js : 404 (1ms)
[2025-12-02T14:54:13.511Z] GET /admin/brands : 200 (9ms)
[2025-12-02T14:54:13.521Z] GET /js/admin/categoryList.js : 404 (1ms)
[2025-12-02T14:54:13.701Z] GET /admin/brands : 200 (7ms)
[2025-12-02T14:54:13.710Z] GET /js/admin/categoryList.js : 404 (1ms)
[2025-12-02T14:54:13.911Z] GET /admin/brands : 200 (8ms)
[2025-12-02T14:54:13.922Z] GET /js/admin/categoryList.js : 404 (1ms)
[2025-12-02T14:54:14.069Z] GET /admin/brands : 200 (9ms)
[2025-12-02T14:54:14.078Z] GET /js/admin/categoryList.js : 404 (1ms)
[2025-12-02T14:54:14.241Z] GET /admin/brands : 200 (11ms)
[2025-12-02T14:54:14.252Z] GET /js/admin/categoryList.js : 404 (1ms)
[2025-12-02T14:54:16.027Z] GET /admin/customers : 200 (13ms)
[2025-12-02T14:54:16.769Z] GET /admin/category : 200 (14ms)
[2025-12-02T14:54:22.954Z] GET /admin/category/unListCategory?id=68f72009d60696bebac0c1eb&page=1 : 302 (15ms)
[2025-12-02T14:54:22.971Z] GET /admin/category/?page=1 : 200 (13ms)
[2025-12-02T14:54:26.073Z] GET /shop : 200 (51ms)
[2025-12-02T14:54:27.407Z] GET /shop : 200 (41ms)
[2025-12-02T14:54:32.900Z] GET /products/?category=Monitor : 200 (38ms)
[2025-12-02T14:54:50.968Z] GET /products/?category=Keyboard : 200 (36ms)
[2025-12-02T14:54:57.559Z] GET /admin/products : 200 (23ms)
[2025-12-02T14:54:57.586Z] GET /js/admin/categoryList.js : 404 (9ms)
[2025-12-02T14:54:59.141Z] GET /admin/products/unListProduct?id=6925bca9c899fd4abada264a&page=1 : 302 (6ms)
[2025-12-02T14:54:59.165Z] GET /admin/products/?page=1 : 200 (22ms)
[2025-12-02T14:54:59.177Z] GET /js/admin/categoryList.js : 404 (0ms)
[2025-12-02T14:55:03.761Z] GET /shop : 200 (49ms)
[2025-12-02T14:55:09.945Z] GET /products/?brand=ROG : 200 (40ms)
[2025-12-02T14:55:17.570Z] GET /products/?brand=Portronics : 200 (34ms)
[2025-12-02T14:58:09.373Z] GET /products/?brand=Portronics : 200 (51ms)
[2025-12-02T14:58:09.921Z] GET /products/?brand=Portronics : 200 (41ms)
[2025-12-02T14:58:10.097Z] GET /products/?brand=Portronics : 200 (40ms)
[2025-12-02T14:59:58.202Z] GET /products/?brand=Portronics : 200 (70ms)
[2025-12-02T14:59:58.733Z] GET /products/?brand=Portronics : 200 (57ms)
[2025-12-02T14:59:58.915Z] GET /products/?brand=Portronics : 200 (49ms)
[2025-12-02T14:59:59.072Z] GET /products/?brand=Portronics : 200 (37ms)
[2025-12-02T14:59:59.227Z] GET /products/?brand=Portronics : 200 (33ms)
[2025-12-02T14:59:59.384Z] GET /products/?brand=Portronics : 200 (42ms)
[2025-12-02T14:59:59.537Z] GET /products/?brand=Portronics : 200 (36ms)
[2025-12-02T14:59:59.698Z] GET /products/?brand=Portronics : 200 (24ms)
[2025-12-02T15:00:04.700Z] GET /admin/products/?page=1 : 302 (9ms)
[2025-12-02T15:00:04.711Z] GET /admin/login : 200 (4ms)
[2025-12-02T15:00:11.134Z] POST /admin/login : 302 (92ms)
[2025-12-02T15:00:11.144Z] GET /admin : 200 (4ms)
[2025-12-02T15:00:11.240Z] GET /admin/report?range=monthly : 200 (18ms)
[2025-12-02T15:00:12.431Z] GET /admin/brands : 200 (18ms)
[2025-12-02T15:00:12.459Z] GET /js/admin/categoryList.js : 404 (4ms)
[2025-12-02T15:00:13.007Z] GET /admin/products : 200 (24ms)
[2025-12-02T15:00:13.026Z] GET /js/admin/categoryList.js : 404 (2ms)
[2025-12-02T15:00:14.474Z] GET /admin/products/listProduct?id=6925bca9c899fd4abada264a&page=1 : 302 (25ms)
[2025-12-02T15:00:14.502Z] GET /admin/products/?page=1 : 200 (26ms)
[2025-12-02T15:00:14.519Z] GET /js/admin/categoryList.js : 404 (1ms)
[2025-12-02T15:00:16.529Z] GET /products/?brand=Portronics : 200 (39ms)
[2025-12-02T15:00:17.536Z] GET /products/?brand=Portronics : 200 (28ms)
[2025-12-02T15:00:22.936Z] GET /admin/products/?page=1 : 200 (18ms)
[2025-12-02T15:00:22.952Z] GET /js/admin/categoryList.js : 404 (1ms)
[2025-12-02T15:00:23.522Z] GET /admin/brands : 200 (12ms)
[2025-12-02T15:00:23.541Z] GET /js/admin/categoryList.js : 404 (1ms)
[2025-12-02T15:00:26.397Z] GET /admin/brands/listBrand?id=6925b894c899fd4abada1ffc&page=1 : 302 (5ms)
[2025-12-02T15:00:26.409Z] GET /admin/brands/?page=1 : 200 (9ms)
[2025-12-02T15:00:26.423Z] GET /js/admin/categoryList.js : 404 (2ms)
[2025-12-02T15:00:28.901Z] GET /products/?brand=Portronics : 200 (32ms)
[2025-12-02T15:00:29.601Z] GET /products/?brand=Portronics : 200 (33ms)
[2025-12-02T15:00:32.182Z] GET /admin/brands/unlistBrand?id=6925b894c899fd4abada1ffc&page=1 : 302 (5ms)
[2025-12-02T15:00:32.194Z] GET /admin/brands/?page=1 : 200 (10ms)
[2025-12-02T15:00:32.209Z] GET /js/admin/categoryList.js : 404 (1ms)
[2025-12-02T15:00:33.722Z] GET /products/?brand=Portronics : 200 (27ms)
[2025-12-02T15:00:34.164Z] GET /products/?brand=Portronics : 200 (37ms)
[2025-12-02T15:00:34.346Z] GET /products/?brand=Portronics : 200 (22ms)
[2025-12-02T15:00:34.530Z] GET /products/?brand=Portronics : 200 (23ms)
[2025-12-02T15:00:37.185Z] GET /admin/brands/listBrand?id=6925b894c899fd4abada1ffc&page=1 : 302 (4ms)
[2025-12-02T15:00:37.198Z] GET /admin/brands/?page=1 : 200 (10ms)
[2025-12-02T15:00:37.215Z] GET /js/admin/categoryList.js : 404 (1ms)
[2025-12-02T15:00:42.479Z] GET /products/?category=Coolers : 200 (39ms)
[2025-12-02T15:00:43.593Z] GET /products/?category=Coolers : 200 (37ms)
[2025-12-02T15:00:43.974Z] GET /products/?category=Coolers : 200 (29ms)
[2025-12-02T15:00:45.942Z] GET /admin/category : 200 (13ms)
[2025-12-02T15:00:48.157Z] GET /admin/category/listCategory?id=68f72009d60696bebac0c1eb&page=1 : 302 (5ms)
[2025-12-02T15:00:48.171Z] GET /admin/category/?page=1 : 200 (11ms)
[2025-12-02T15:00:50.876Z] GET /admin/category?sort=name&search=&page=2 : 200 (12ms)
[2025-12-02T15:00:53.101Z] GET /admin/category/unListCategory?id=68f71bf0d60696bebac0c1d1&page=2 : 302 (5ms)
[2025-12-02T15:00:53.117Z] GET /admin/category/?page=2 : 200 (10ms)
[2025-12-02T15:00:54.543Z] GET /products/?category=Coolers : 200 (31ms)
[2025-12-02T15:00:55.022Z] GET /products/?category=Coolers : 200 (37ms)
[2025-12-02T15:00:55.205Z] GET /products/?category=Coolers : 200 (29ms)
[2025-12-02T15:00:55.407Z] GET /products/?category=Coolers : 200 (33ms)
[2025-12-02T15:00:55.574Z] GET /products/?category=Coolers : 200 (29ms)
[2025-12-02T15:00:55.745Z] GET /products/?category=Coolers : 200 (20ms)
[2025-12-02T15:00:55.936Z] GET /products/?category=Coolers : 200 (28ms)
[2025-12-02T15:00:56.096Z] GET /products/?category=Coolers : 200 (22ms)
[2025-12-02T15:00:56.279Z] GET /products/?category=Coolers : 200 (19ms)
[2025-12-02T15:00:56.463Z] GET /products/?category=Coolers : 200 (24ms)
[2025-12-02T15:00:56.672Z] GET /products/?category=Coolers : 200 (31ms)
[2025-12-02T15:00:56.871Z] GET /products/?category=Coolers : 200 (29ms)
[2025-12-02T15:00:57.524Z] GET /products/?category=Coolers : 200 (27ms)
[2025-12-02T15:02:59.720Z] GET /products/?category=Coolers : 200 (43ms)
[2025-12-02T15:03:02.146Z] GET /products/? : 200 (38ms)
[2025-12-02T15:03:03.570Z] GET /products : 200 (42ms)
[2025-12-02T15:03:12.025Z] GET /products : 200 (50ms)
[2025-12-02T15:03:12.300Z] GET /products : 200 (37ms)
[2025-12-02T15:03:13.021Z] GET /products : 200 (46ms)
[2025-12-02T15:03:13.636Z] GET /products : 200 (45ms)
[2025-12-02T15:03:21.653Z] GET /admin/brands : 200 (11ms)
[2025-12-02T15:03:21.672Z] GET /js/admin/categoryList.js : 404 (2ms)
[2025-12-02T15:03:23.226Z] GET /admin/brands/unlistBrand?id=6925b894c899fd4abada1ffc&page=1 : 302 (5ms)
[2025-12-02T15:03:23.238Z] GET /admin/brands/?page=1 : 200 (10ms)
[2025-12-02T15:03:23.253Z] GET /js/admin/categoryList.js : 404 (1ms)
[2025-12-02T15:03:25.559Z] GET /products : 200 (38ms)
[2025-12-02T15:04:04.130Z] GET /products?sort=newest : 200 (35ms)
[2025-12-02T15:04:07.665Z] GET /admin/brands/?page=1 : 200 (7ms)
[2025-12-02T15:04:07.677Z] GET /js/admin/categoryList.js : 404 (1ms)
[2025-12-02T15:04:09.122Z] GET /products?sort=newest : 200 (41ms)
[2025-12-02T15:04:09.324Z] GET /products?sort=newest : 200 (18ms)
[2025-12-02T15:04:09.549Z] GET /products?sort=newest : 200 (25ms)
[2025-12-02T15:04:46.732Z] GET /products?sort=newest : 200 (72ms)
[2025-12-02T15:04:47.358Z] GET /products?sort=newest : 200 (59ms)
[2025-12-02T15:04:47.757Z] GET /products?sort=newest : 200 (44ms)
[2025-12-02T15:04:48.840Z] GET /shop : 200 (41ms)
[2025-12-02T15:04:49.318Z] GET /shop : 200 (38ms)
[2025-12-02T15:04:49.525Z] GET /shop : 200 (34ms)
[2025-12-02T15:04:50.655Z] GET /shop?sort=newest : 200 (41ms)
[2025-12-02T15:04:52.179Z] GET /shop?sort=newest : 200 (43ms)
[2025-12-02T15:05:06.169Z] GET /admin/products : 302 (7ms)
[2025-12-02T15:05:06.178Z] GET /admin/login : 200 (3ms)
[2025-12-02T15:05:11.599Z] POST /admin/login : 302 (90ms)
[2025-12-02T15:05:11.608Z] GET /admin : 200 (4ms)
[2025-12-02T15:05:11.700Z] GET /admin/report?range=monthly : 200 (7ms)
[2025-12-02T15:05:12.891Z] GET /admin/products : 200 (25ms)
[2025-12-02T15:05:12.918Z] GET /js/admin/categoryList.js : 404 (8ms)
[2025-12-02T15:05:14.549Z] GET /admin/products/unListProduct?id=692d0f60d4913cc0b2b0e9c5&page=1 : 302 (11ms)
[2025-12-02T15:05:14.574Z] GET /admin/products/?page=1 : 200 (22ms)
[2025-12-02T15:05:14.592Z] GET /js/admin/categoryList.js : 404 (3ms)
[2025-12-02T15:05:16.105Z] GET /shop?sort=newest : 200 (46ms)
[2025-12-02T15:05:18.425Z] GET /admin/products/listProduct?id=692d0f60d4913cc0b2b0e9c5&page=1 : 302 (6ms)
[2025-12-02T15:05:18.447Z] GET /admin/products/?page=1 : 200 (19ms)
[2025-12-02T15:05:18.462Z] GET /js/admin/categoryList.js : 404 (1ms)
[2025-12-02T15:05:20.010Z] GET /shop?sort=newest : 200 (39ms)
[2025-12-02T15:05:25.151Z] GET /admin/products : 200 (17ms)
[2025-12-02T15:05:25.170Z] GET /js/admin/categoryList.js : 404 (0ms)
[2025-12-02T15:05:26.474Z] GET /admin/products : 200 (18ms)
[2025-12-02T15:05:26.488Z] GET /js/admin/categoryList.js : 404 (1ms)
[2025-12-02T15:05:27.863Z] GET /admin/products/unListProduct?id=6925bca9c899fd4abada264a&page=1 : 302 (6ms)
[2025-12-02T15:05:27.884Z] GET /admin/products/?page=1 : 200 (18ms)
[2025-12-02T15:05:27.898Z] GET /js/admin/categoryList.js : 404 (1ms)
[2025-12-02T15:05:30.255Z] GET /admin/products/listProduct?id=6925bca9c899fd4abada264a&page=1 : 302 (5ms)
[2025-12-02T15:05:30.277Z] GET /admin/products/?page=1 : 200 (19ms)
[2025-12-02T15:05:30.291Z] GET /js/admin/categoryList.js : 404 (1ms)
[2025-12-02T15:05:31.229Z] GET /admin/brands : 200 (13ms)
[2025-12-02T15:05:31.247Z] GET /js/admin/categoryList.js : 404 (1ms)
[2025-12-02T15:05:32.693Z] GET /admin/brands/listBrand?id=6925b894c899fd4abada1ffc&page=1 : 302 (6ms)
[2025-12-02T15:05:32.707Z] GET /admin/brands/?page=1 : 200 (12ms)
[2025-12-02T15:05:32.719Z] GET /js/admin/categoryList.js : 404 (1ms)
[2025-12-02T15:05:34.881Z] GET /shop?sort=newest : 200 (36ms)
[2025-12-02T15:05:41.408Z] GET /admin/brands : 200 (10ms)
[2025-12-02T15:05:41.422Z] GET /js/admin/categoryList.js : 404 (1ms)
[2025-12-02T15:05:43.402Z] GET /admin/products : 200 (20ms)
[2025-12-02T15:05:43.419Z] GET /js/admin/categoryList.js : 404 (1ms)
[2025-12-02T15:05:44.817Z] GET /admin/customers : 200 (11ms)
[2025-12-02T15:05:47.626Z] GET /admin/orders : 200 (11ms)
[2025-12-02T15:05:48.353Z] GET /admin/brands : 200 (10ms)
[2025-12-02T15:05:48.369Z] GET /js/admin/categoryList.js : 404 (1ms)
[2025-12-02T15:05:52.031Z] GET /admin/category : 200 (14ms)
[2025-12-02T15:05:54.325Z] GET /admin/category/unListCategory?id=692d0dd3d4913cc0b2b0e7e9&page=1 : 302 (6ms)
[2025-12-02T15:05:54.340Z] GET /admin/category/?page=1 : 200 (12ms)
[2025-12-02T15:05:56.774Z] GET /shop?sort=newest : 200 (40ms)
[2025-12-02T15:05:58.018Z] GET /shop?sort=newest : 200 (39ms)
[2025-12-02T15:05:58.991Z] GET /shop?sort=newest : 200 (30ms)
[2025-12-02T15:05:59.340Z] GET /shop?sort=newest : 200 (40ms)
[2025-12-02T15:05:59.590Z] GET /shop?sort=newest : 200 (32ms)
[2025-12-02T15:06:01.839Z] GET /admin/category/listCategory?id=692d0dd3d4913cc0b2b0e7e9&page=1 : 302 (7ms)
[2025-12-02T15:06:01.851Z] GET /admin/category/?page=1 : 200 (10ms)
[2025-12-02T15:06:04.326Z] GET /shop?sort=newest : 200 (32ms)
[2025-12-02T15:06:07.320Z] GET /shop?sort=newest : 200 (37ms)
[2025-12-02T15:06:08.927Z] GET /peripheral/ABC : 200 (30ms)
[2025-12-02T15:06:10.657Z] GET /peripheral/ABC : 200 (24ms)
[2025-12-02T15:06:10.843Z] GET /peripheral/ABC : 200 (20ms)
[2025-12-02T15:06:11.133Z] GET /peripheral/ABC : 200 (22ms)
[2025-12-02T15:06:11.348Z] GET /peripheral/ABC : 200 (23ms)
[2025-12-02T15:06:11.564Z] GET /peripheral/ABC : 200 (23ms)
[2025-12-02T15:06:12.308Z] GET /peripheral/ABC : 200 (29ms)
[2025-12-02T15:06:12.534Z] GET /peripheral/ABC : 200 (26ms)
[2025-12-02T15:06:12.749Z] GET /peripheral/ABC : 200 (25ms)
[2025-12-02T15:06:13.002Z] GET /peripheral/ABC : 200 (26ms)
[2025-12-02T15:06:13.268Z] GET /peripheral/ABC : 200 (26ms)
[2025-12-02T15:06:13.937Z] GET /peripheral/ABC : 200 (31ms)
[2025-12-02T15:06:14.394Z] GET /peripheral/ABC : 200 (28ms)
[2025-12-02T15:06:14.822Z] GET /peripheral/ABC : 200 (27ms)
[2025-12-02T15:06:15.315Z] GET /peripheral/ABC : 200 (29ms)
[2025-12-02T15:06:16.019Z] GET /peripheral/ABC : 200 (23ms)
[2025-12-02T15:06:20.607Z] GET /admin/category/unListCategory?id=692d0dd3d4913cc0b2b0e7e9&page=1 : 302 (6ms)
[2025-12-02T15:06:20.621Z] GET /admin/category/?page=1 : 200 (11ms)
[2025-12-02T15:06:21.944Z] GET /peripheral/ABC : 302 (6ms)
[2025-12-02T15:06:21.952Z] GET /pageNotFound : 200 (6ms)
[2025-12-02T15:06:25.291Z] GET /shop : 200 (42ms)
[2025-12-02T15:08:15.786Z] GET / : 200 (36ms)
[2025-12-02T15:08:32.902Z] GET /shop/limitedEditions : 200 (116ms)
[2025-12-02T15:08:44.958Z] GET /admin/category/?page=1 : 302 (8ms)
[2025-12-02T15:08:44.968Z] GET /admin/login : 200 (5ms)
[2025-12-02T15:08:50.945Z] POST /admin/login : 302 (91ms)
[2025-12-02T15:08:50.954Z] GET /admin : 200 (5ms)
[2025-12-02T15:08:51.053Z] GET /admin/report?range=monthly : 200 (12ms)
[2025-12-02T15:08:53.265Z] GET /admin/customers : 200 (16ms)
[2025-12-02T15:08:53.941Z] GET /admin/category : 200 (18ms)
[2025-12-02T15:08:54.616Z] GET /admin/products : 200 (30ms)
[2025-12-02T15:08:54.639Z] GET /js/admin/categoryList.js : 404 (4ms)
[2025-12-02T15:08:57.453Z] GET /admin/products/?page=5&sort= : 200 (27ms)
[2025-12-02T15:08:57.478Z] GET /js/admin/categoryList.js : 404 (7ms)
[2025-12-02T15:09:03.066Z] GET /admin/products/?page=7&sort= : 200 (29ms)
[2025-12-02T15:09:03.084Z] GET /js/admin/categoryList.js : 404 (1ms)
[2025-12-02T15:09:15.818Z] GET /admin/products/?page=1&sort= : 200 (27ms)
[2025-12-02T15:09:15.836Z] GET /js/admin/categoryList.js : 404 (4ms)
[2025-12-02T15:09:17.642Z] GET /admin/products/unListProduct?id=6904e84982d5f8c9a2b2bcbd&page=1 : 302 (24ms)
[2025-12-02T15:09:17.665Z] GET /admin/products/?page=1 : 200 (21ms)
[2025-12-02T15:09:17.681Z] GET /js/admin/categoryList.js : 404 (3ms)
[2025-12-02T15:09:21.332Z] GET /shop/limitedEditions : 200 (31ms)
[2025-12-02T15:09:31.375Z] GET /admin/products/listProduct?id=6904e84982d5f8c9a2b2bcbd&page=1 : 302 (6ms)
[2025-12-02T15:09:31.399Z] GET /admin/products/?page=1 : 200 (21ms)
[2025-12-02T15:09:31.415Z] GET /js/admin/categoryList.js : 404 (1ms)
[2025-12-02T15:09:32.867Z] GET /shop/limitedEditions : 200 (33ms)
[2025-12-02T15:09:37.856Z] GET / : 200 (24ms)
[2025-12-02T15:09:39.327Z] GET /shop : 200 (48ms)
[2025-12-02T15:09:41.833Z] GET / : 200 (16ms)
[2025-12-02T15:11:04.919Z] GET /shop : 200 (63ms)
[2025-12-02T15:11:11.040Z] GET /product?id=68fc6f9100cdf88c889f30aa : 200 (24ms)
[2025-12-02T15:11:14.025Z] GET /product?id=68fc6f9100cdf88c889f30aa&variant=68fc6f9100cdf88c889f30ab : 500 (23ms)
[2025-12-02T15:14:32.748Z] GET /product?id=68fc6f9100cdf88c889f30aa&variant=68fc6f9100cdf88c889f30ab : 500 (59ms)
[2025-12-02T15:14:33.323Z] GET /product?id=68fc6f9100cdf88c889f30aa&variant=68fc6f9100cdf88c889f30ab : 500 (30ms)
[2025-12-02T15:14:33.504Z] GET /product?id=68fc6f9100cdf88c889f30aa&variant=68fc6f9100cdf88c889f30ab : 500 (20ms)
[2025-12-02T15:14:33.720Z] GET /product?id=68fc6f9100cdf88c889f30aa&variant=68fc6f9100cdf88c889f30ab : 500 (17ms)
[2025-12-02T15:14:39.045Z] GET /product?id=68fc6f9100cdf88c889f30aa : 500 (20ms)
[2025-12-02T15:14:40.254Z] GET /shop : 200 (47ms)
[2025-12-02T15:14:41.289Z] GET /shop : 200 (29ms)
[2025-12-02T15:14:48.793Z] GET /product?id=68fc6f9100cdf88c889f30aa : 500 (30ms)
[2025-12-02T15:15:21.548Z] GET /product?id=68fc6f9100cdf88c889f30aa : 500 (45ms)
[2025-12-02T15:15:22.386Z] GET /product?id=68fc6f9100cdf88c889f30aa : 500 (34ms)
[2025-12-02T15:15:42.282Z] GET /product?id=68fc6f9100cdf88c889f30aa : 500 (50ms)
[2025-12-02T15:15:42.855Z] GET /product?id=68fc6f9100cdf88c889f30aa : 500 (28ms)
[2025-12-02T15:15:43.476Z] GET /product?id=68fc6f9100cdf88c889f30aa : 500 (23ms)
[2025-12-02T15:15:48.165Z] GET /product?id=68fc6f9100cdf88c889f30aa : 500 (27ms)
[2025-12-02T15:15:49.265Z] GET /product?id=68fc6f9100cdf88c889f30aa : 500 (24ms)
[2025-12-02T15:15:52.316Z] GET /product?id=68fc6f9100cdf88c889f30aa : 200 (28ms)
[2025-12-02T15:17:42.862Z] GET /product?id=68fc6f9100cdf88c889f30aa : 500 (52ms)
[2025-12-02T15:18:13.353Z] GET /product?id=68fc6f9100cdf88c889f30aa : 500 (42ms)
[2025-12-02T15:18:14.134Z] GET /product?id=68fc6f9100cdf88c889f30aa : 500 (33ms)
[2025-12-02T15:18:39.473Z] GET /product?id=68fc6f9100cdf88c889f30aa : 500 (25ms)
[2025-12-02T15:18:39.924Z] GET /product?id=68fc6f9100cdf88c889f30aa : 500 (29ms)
[2025-12-02T15:18:40.109Z] GET /product?id=68fc6f9100cdf88c889f30aa : 500 (21ms)
[2025-12-02T15:18:40.617Z] GET /product?id=68fc6f9100cdf88c889f30aa : 500 (16ms)
[2025-12-02T15:18:41.629Z] GET /product?id=68fc6f9100cdf88c889f30aa : 500 (23ms)
[2025-12-02T15:18:58.645Z] GET /product?id=68fc6f9100cdf88c889f30aa : 500 (28ms)
[2025-12-02T15:18:58.853Z] GET /product?id=68fc6f9100cdf88c889f30aa : 500 (23ms)
[2025-12-02T15:18:59.089Z] GET /product?id=68fc6f9100cdf88c889f30aa : 500 (23ms)
[2025-12-02T15:18:59.356Z] GET /product?id=68fc6f9100cdf88c889f30aa : 500 (24ms)
[2025-12-02T15:18:59.556Z] GET /product?id=68fc6f9100cdf88c889f30aa : 500 (21ms)
[2025-12-02T15:19:25.717Z] GET /product?id=68fc6f9100cdf88c889f30aa : 500 (31ms)
[2025-12-02T15:19:31.747Z] GET /product?id=68fc6f9100cdf88c889f30aa : 500 (19ms)
[2025-12-02T15:19:32.428Z] GET /product?id=68fc6f9100cdf88c889f30aa : 500 (27ms)
[2025-12-02T15:19:32.651Z] GET /product?id=68fc6f9100cdf88c889f30aa : 500 (24ms)
[2025-12-02T15:19:33.968Z] GET /product?id=68fc6f9100cdf88c889f30aa : 500 (21ms)
[2025-12-02T15:19:46.901Z] GET /product?id=68fc6f9100cdf88c889f30aa : 500 (26ms)
[2025-12-02T15:19:47.847Z] GET /product?id=68fc6f9100cdf88c889f30aa : 500 (22ms)
[2025-12-02T15:20:24.449Z] GET /product?id=68fc6f9100cdf88c889f30aa : 500 (28ms)
[2025-12-02T15:20:25.518Z] GET /product?id=68fc6f9100cdf88c889f30aa : 500 (10ms)
[2025-12-02T15:20:39.504Z] GET /product?id=68fc6f9100cdf88c889f30aa : 500 (27ms)
[2025-12-02T15:20:40.245Z] GET /product?id=68fc6f9100cdf88c889f30aa : 500 (26ms)
[2025-12-02T15:21:11.199Z] GET /product?id=68fc6f9100cdf88c889f30aa : 200 (30ms)
[2025-12-02T15:21:12.474Z] GET /product?id=68fc6f9100cdf88c889f30aa : 200 (22ms)
[2025-12-02T15:21:13.836Z] GET /product?id=68fc6f9100cdf88c889f30aa&variant=68fc6f9100cdf88c889f30ab : 200 (23ms)
[2025-12-02T15:21:14.531Z] GET /product?id=68fc6f9100cdf88c889f30aa&variant=68fc6f9100cdf88c889f30ab : 200 (24ms)
[2025-12-02T15:21:16.754Z] GET /product?id=68fc6f9100cdf88c889f30aa&variant=68fc6f9100cdf88c889f30ab : 200 (20ms)
[2025-12-02T15:21:17.909Z] GET /product?id=68fc6f9100cdf88c889f30aa&variant=68fc6f9100cdf88c889f30ab : 200 (23ms)
[2025-12-02T15:21:18.725Z] GET /shop : 200 (50ms)
[2025-12-02T15:21:21.686Z] GET /product?id=68fc722500cdf88c889f3166 : 200 (21ms)
[2025-12-02T15:21:22.525Z] GET /product?id=68fc722500cdf88c889f3166&variant=68fc722500cdf88c889f3167 : 200 (18ms)
[2025-12-02T15:21:23.232Z] GET /product?id=68fc722500cdf88c889f3166&variant=68fc722500cdf88c889f3168 : 200 (14ms)
[2025-12-02T15:21:24.214Z] GET /product?id=68fc722500cdf88c889f3166&variant=68fc722500cdf88c889f3167 : 200 (15ms)
[2025-12-02T15:21:24.986Z] GET /product?id=68fc722500cdf88c889f3166&variant=68fc722500cdf88c889f3168 : 200 (19ms)
[2025-12-02T15:21:25.679Z] GET /product?id=68fc722500cdf88c889f3166&variant=68fc722500cdf88c889f3167 : 200 (15ms)
[2025-12-02T15:21:26.334Z] GET /product?id=68fc722500cdf88c889f3166&variant=68fc722500cdf88c889f3168 : 200 (21ms)
[2025-12-02T15:21:27.022Z] GET /product?id=68fc722500cdf88c889f3166&variant=68fc722500cdf88c889f3167 : 200 (16ms)
[2025-12-02T15:21:27.853Z] GET /product?id=68fc722500cdf88c889f3166&variant=68fc722500cdf88c889f3167 : 200 (24ms)
[2025-12-02T15:21:29.336Z] GET /shop : 200 (47ms)
[2025-12-02T15:21:33.336Z] GET /product?id=68fc722500cdf88c889f3166 : 200 (22ms)
[2025-12-02T15:21:49.118Z] GET /product?id=68fc722500cdf88c889f3166 : 200 (24ms)
[2025-12-02T15:21:49.791Z] GET /product?id=68fc722500cdf88c889f3166 : 200 (23ms)
[2025-12-02T15:21:50.293Z] GET /product?id=68fc722500cdf88c889f3166 : 200 (18ms)
[2025-12-02T15:21:50.798Z] GET /product?id=68fc722500cdf88c889f3166 : 200 (23ms)
[2025-12-02T15:21:51.561Z] GET /product?id=68fc722500cdf88c889f3166 : 200 (21ms)
[2025-12-02T15:21:57.789Z] GET /product?id=68fc722500cdf88c889f3166 : 200 (22ms)
[2025-12-02T15:22:00.512Z] GET /product?id=68fc722500cdf88c889f3166&variant=68fc722500cdf88c889f3167 : 200 (21ms)
[2025-12-02T15:22:01.426Z] GET /product?id=68fc722500cdf88c889f3166&variant=68fc722500cdf88c889f3168 : 200 (19ms)
[2025-12-02T15:22:02.206Z] GET /product?id=68fc722500cdf88c889f3166&variant=68fc722500cdf88c889f3167 : 200 (21ms)
[2025-12-02T15:22:02.980Z] GET /product?id=68fc722500cdf88c889f3166&variant=68fc722500cdf88c889f3168 : 200 (21ms)
[2025-12-02T15:22:03.643Z] GET /product?id=68fc722500cdf88c889f3166&variant=68fc722500cdf88c889f3167 : 200 (20ms)
[2025-12-02T15:22:04.316Z] GET /product?id=68fc722500cdf88c889f3166&variant=68fc722500cdf88c889f3168 : 200 (20ms)
[2025-12-02T15:22:05.671Z] GET /product?id=68fc722500cdf88c889f3166&variant=68fc722500cdf88c889f3167 : 200 (23ms)
[2025-12-02T15:22:06.393Z] GET /product?id=68fc722500cdf88c889f3166&variant=68fc722500cdf88c889f3168 : 200 (17ms)
[2025-12-02T15:22:27.728Z] POST /cart/add : 401 (1ms)
[2025-12-02T15:22:29.308Z] GET /login : 200 (2ms)
[2025-12-02T15:22:30.862Z] GET /product?id=68fc722500cdf88c889f3166&variant=68fc722500cdf88c889f3168 : 200 (24ms)
[2025-12-02T15:22:33.040Z] GET /login : 200 (1ms)
[2025-12-02T15:22:33.995Z] GET /auth/google : 302 (2ms)
[2025-12-02T15:22:34.690Z] GET /auth/google/callback?code=4%2F0Ab32j92BIJDjHvVCwi8aSpm1AuqJvVU1uNF-RRfvMQ5MOg1mSnuERLV5lNfyC3epdS9TpQ&scope=email+profile+https%3A%2F%2Fwww.googleapis.com%2Fauth%2Fuserinfo.email+https%3A%2F%2Fwww.googleapis.com%2Fauth%2Fuserinfo.profile+openid&authuser=0&prompt=none : 302 (405ms)
[2025-12-02T15:22:34.709Z] GET / : 200 (13ms)
[2025-12-02T15:22:36.621Z] GET /logout : 302 (1ms)
[2025-12-02T15:22:36.639Z] GET / : 200 (15ms)
[2025-12-02T15:22:39.506Z] GET /login : 200 (1ms)
[2025-12-02T15:22:40.627Z] GET /auth/google : 302 (1ms)
[2025-12-02T15:22:41.250Z] GET /auth/google/callback?code=4%2F0Ab32j90AULEdiLPJjrUXnec6Bb_hkHQtlZUB8jT-cWKosWp2RyYO6FQOGLzNLss0jhkL0g&scope=email+profile+https%3A%2F%2Fwww.googleapis.com%2Fauth%2Fuserinfo.email+https%3A%2F%2Fwww.googleapis.com%2Fauth%2Fuserinfo.profile+openid&authuser=0&prompt=none : 302 (318ms)
[2025-12-02T15:22:41.272Z] GET / : 200 (14ms)
[2025-12-02T15:22:43.670Z] GET /shop : 200 (43ms)
[2025-12-02T15:22:47.728Z] GET /product?id=68fc722500cdf88c889f3166 : 200 (21ms)
[2025-12-02T15:22:48.727Z] POST /cart/add : 200 (33ms)
[2025-12-02T15:22:49.644Z] GET /product?id=68fc722500cdf88c889f3166 : 200 (17ms)
[2025-12-02T15:22:50.374Z] GET /product?id=68fc722500cdf88c889f3166&variant=68fc722500cdf88c889f3168 : 200 (19ms)
[2025-12-02T15:22:50.973Z] POST /cart/add : 200 (18ms)
[2025-12-02T15:22:51.813Z] GET /product?id=68fc722500cdf88c889f3166&variant=68fc722500cdf88c889f3168 : 200 (16ms)
[2025-12-02T15:22:52.743Z] GET /cart : 200 (22ms)
[2025-12-02T15:22:55.630Z] DELETE /cart/empty : 200 (7ms)
[2025-12-02T15:22:56.852Z] GET /cart : 200 (13ms)
[2025-12-02T15:24:36.386Z] GET /shop : 200 (49ms)
[2025-12-02T15:24:39.508Z] GET /product?id=68fc722500cdf88c889f3166 : 200 (24ms)
[2025-12-02T15:24:40.539Z] GET /product?id=68fc722500cdf88c889f3166&variant=68fc722500cdf88c889f3168 : 200 (16ms)
[2025-12-02T15:24:41.440Z] GET /product?id=68fc722500cdf88c889f3166&variant=68fc722500cdf88c889f3167 : 200 (15ms)
[2025-12-02T15:24:42.136Z] GET /product?id=68fc722500cdf88c889f3166&variant=68fc722500cdf88c889f3168 : 200 (19ms)
[2025-12-02T15:24:42.930Z] GET /product?id=68fc722500cdf88c889f3166&variant=68fc722500cdf88c889f3167 : 200 (22ms)
[2025-12-02T15:24:43.766Z] GET /product?id=68fc722500cdf88c889f3166&variant=68fc722500cdf88c889f3168 : 200 (21ms)
[2025-12-02T15:27:15.490Z] GET /product?id=68fc722500cdf88c889f3166&variant=68fc722500cdf88c889f3168 : 200 (50ms)
[2025-12-02T15:27:15.699Z] GET /product?id=68fc722500cdf88c889f3166&variant=68fc722500cdf88c889f3168 : 200 (35ms)
[2025-12-02T15:27:15.908Z] GET /product?id=68fc722500cdf88c889f3166&variant=68fc722500cdf88c889f3168 : 200 (24ms)
[2025-12-02T15:27:17.602Z] GET /product?id=68fc722500cdf88c889f3166&variant=68fc722500cdf88c889f3168 : 200 (21ms)
[2025-12-02T15:27:19.125Z] GET /product?id=68fc722500cdf88c889f3166&variant=68fc722500cdf88c889f3168 : 200 (24ms)
[2025-12-02T15:27:19.295Z] GET /product?id=68fc722500cdf88c889f3166&variant=68fc722500cdf88c889f3168 : 200 (21ms)
[2025-12-02T15:27:19.496Z] GET /product?id=68fc722500cdf88c889f3166&variant=68fc722500cdf88c889f3168 : 200 (20ms)
[2025-12-02T15:27:19.675Z] GET /product?id=68fc722500cdf88c889f3166&variant=68fc722500cdf88c889f3168 : 200 (17ms)
[2025-12-02T15:27:19.845Z] GET /product?id=68fc722500cdf88c889f3166&variant=68fc722500cdf88c889f3168 : 200 (19ms)
[2025-12-02T15:27:20.007Z] GET /product?id=68fc722500cdf88c889f3166&variant=68fc722500cdf88c889f3168 : 200 (16ms)
[2025-12-02T15:27:20.179Z] GET /product?id=68fc722500cdf88c889f3166&variant=68fc722500cdf88c889f3168 : 200 (22ms)
[2025-12-02T15:27:24.817Z] GET /product?id=68fc722500cdf88c889f3166&variant=68fc722500cdf88c889f3167 : 200 (17ms)
[2025-12-02T15:29:33.976Z] GET /shop : 200 (39ms)
[2025-12-02T15:29:35.454Z] GET / : 200 (24ms)
[2025-12-02T16:03:08.485Z] GET /products?search=tron : 200 (128ms)
[2025-12-02T16:03:19.238Z] GET /products?search=tron : 200 (69ms)
[2025-12-02T16:03:22.934Z] GET /product?id=68fc949100cdf88c889f3ec8 : 200 (33ms)
[2025-12-02T16:04:03.752Z] GET /products?search=tron : 200 (46ms)
[2025-12-02T16:04:04.858Z] GET /products?search=tron : 200 (48ms)
[2025-12-02T16:06:33.571Z] GET /products?search=tron : 200 (62ms)
[2025-12-02T16:06:34.585Z] GET /products?search=tron : 200 (36ms)
[2025-12-02T16:06:58.922Z] GET /products : 200 (71ms)
[2025-12-02T16:07:00.932Z] GET /products?search=hey : 200 (29ms)
[2025-12-02T16:07:05.558Z] GET /products : 200 (51ms)
[2025-12-02T16:08:17.151Z] GET /products : 200 (43ms)
[2025-12-02T16:10:22.136Z] GET / : 200 (43ms)
[2025-12-02T16:10:24.138Z] GET /shop : 200 (67ms)
[2025-12-02T16:11:03.375Z] GET /product?id=68f8c2428b2ab3f73fc2752b : 200 (58ms)
[2025-12-02T16:12:53.094Z] GET / : 200 (45ms)
[2025-12-02T16:12:56.671Z] GET /shop/limitedEditions : 200 (46ms)
[2025-12-02T16:14:12.271Z] GET /products?search=moni : 200 (75ms)
[2025-12-02T16:14:47.450Z] GET /login : 200 (15ms)
[2025-12-02T16:15:54.589Z] GET /forgotPassword : 200 (14ms)
[2025-12-02T16:16:41.580Z] POST /forgotPassword : 200 (5113ms)
[2025-12-02T16:17:01.735Z] POST /emailOTP : 400 (6ms)
[2025-12-02T16:18:31.516Z] POST /emailOTP : 200 (14ms)
[2025-12-02T16:18:33.544Z] GET /newPassword/krishnamanu27112004@gmail.com : 200 (4ms)
[2025-12-02T16:22:29.031Z] GET /newPassword/krishnamanu27112004@gmail.com : 200 (5ms)
[2025-12-02T16:22:30.342Z] GET /newPassword/krishnamanu27112004@gmail.com : 200 (2ms)
[2025-12-02T16:22:30.961Z] GET /newPassword/krishnamanu27112004@gmail.com : 200 (1ms)
[2025-12-02T16:22:31.504Z] GET /newPassword/krishnamanu27112004@gmail.com : 200 (2ms)
[2025-12-02T16:22:39.041Z] GET /newPassword/krishnamanu27112004@gmail.com : 200 (2ms)
[2025-12-02T16:27:49.632Z] GET /newPassword/krishnamanu27112004@gmail.com : 302 (13ms)
[2025-12-02T16:27:49.641Z] GET /forgotPassword : 200 (6ms)
[2025-12-02T16:27:50.864Z] GET /forgotPassword : 200 (2ms)
[2025-12-02T16:27:59.236Z] POST /forgotPassword : 200 (5111ms)
[2025-12-02T16:28:19.405Z] POST /emailOTP : 400 (7ms)
[2025-12-02T16:28:35.875Z] POST /emailOTP : 200 (9ms)
[2025-12-02T16:28:37.909Z] GET /newPassword/krishnamanu27112004@gmail.com : 200 (3ms)
[2025-12-02T16:28:44.938Z] GET /newPassword/krishnamanu27112004@gmail.com : 302 (2ms)
[2025-12-02T16:28:44.942Z] GET /forgotPassword : 200 (2ms)
[2025-12-02T16:29:00.208Z] PATCH /newPassword/krishnamanu27112004@gmail.com : 200 (118ms)
[2025-12-02T16:29:02.227Z] GET /login : 200 (1ms)
[2025-12-02T16:32:38.601Z] GET /auth/google : 302 (18ms)
[2025-12-02T16:32:39.329Z] GET /auth/google/callback?code=4%2F0Ab32j91lNOO-r1QswXn3I99HrUQCku1geK7VPcDj86qRPvkH-GJvLPK4Ou_AjW26uhWR1w&scope=email+profile+https%3A%2F%2Fwww.googleapis.com%2Fauth%2Fuserinfo.email+https%3A%2F%2Fwww.googleapis.com%2Fauth%2Fuserinfo.profile+openid&authuser=0&prompt=none : 302 (444ms)
[2025-12-02T16:32:39.399Z] GET / : 200 (63ms)
[2025-12-02T16:32:41.181Z] GET /profile : 200 (17ms)
[2025-12-02T16:32:46.582Z] GET /logout : 302 (1ms)
[2025-12-02T16:32:46.621Z] GET / : 200 (24ms)
[2025-12-02T16:32:48.384Z] GET /profile : 302 (9ms)
[2025-12-02T16:32:48.389Z] GET /login : 200 (2ms)
[2025-12-02T16:33:11.939Z] GET /login : 200 (13ms)
[2025-12-02T16:33:26.009Z] GET /auth/google : 302 (7ms)
[2025-12-02T16:33:26.634Z] GET /auth/google/callback?code=4%2F0Ab32j914LfWLIgp919NP7qOoN3FKEJ6Ri0NDTqlBYWaHPo4ffIzKyP6M_jWyzu6IdR-NUg&scope=email+profile+https%3A%2F%2Fwww.googleapis.com%2Fauth%2Fuserinfo.email+https%3A%2F%2Fwww.googleapis.com%2Fauth%2Fuserinfo.profile+openid&authuser=0&prompt=none : 302 (384ms)
[2025-12-02T16:33:26.665Z] GET / : 200 (26ms)
[2025-12-02T16:33:28.509Z] GET /profile : 200 (17ms)
[2025-12-02T16:33:33.203Z] GET /profile : 200 (10ms)
[2025-12-02T16:33:36.459Z] GET /logout : 302 (1ms)
[2025-12-02T16:33:36.484Z] GET / : 200 (22ms)
[2025-12-02T16:33:39.433Z] GET /profile : 302 (1ms)
[2025-12-02T16:33:39.438Z] GET /login : 200 (2ms)
[2025-12-02T16:33:51.607Z] GET /auth/google : 302 (8ms)
[2025-12-02T16:33:52.238Z] GET /auth/google/callback?code=4%2F0Ab32j91vztDzjtanS1YyW28YxWOXcNedx0kKJBkWr1W8C2KA4lrIoRqvejo1euv9m6gMGA&scope=email+profile+https%3A%2F%2Fwww.googleapis.com%2Fauth%2Fuserinfo.email+https%3A%2F%2Fwww.googleapis.com%2Fauth%2Fuserinfo.profile+openid&authuser=0&prompt=none : 302 (402ms)
[2025-12-02T16:33:52.276Z] GET / : 200 (29ms)
[2025-12-02T16:33:54.712Z] GET /profile : 200 (17ms)
[2025-12-02T16:38:55.814Z] GET /editProfile : 302 (20ms)
[2025-12-02T16:38:55.821Z] GET /login : 200 (5ms)
[2025-12-02T16:38:58.026Z] GET /auth/google : 302 (2ms)
[2025-12-02T16:38:58.693Z] GET /auth/google/callback?code=4%2F0Ab32j90o3gxpuctnuIdhPY4eNTL8Rjz7AfMFpX7nSpi3lTfEHqSaw3PD-KjD5JB22zVFlQ&scope=email+profile+openid+https%3A%2F%2Fwww.googleapis.com%2Fauth%2Fuserinfo.profile+https%3A%2F%2Fwww.googleapis.com%2Fauth%2Fuserinfo.email&authuser=0&prompt=none : 302 (408ms)
[2025-12-02T16:38:58.729Z] GET / : 200 (28ms)
[2025-12-02T16:39:00.794Z] GET /profile : 200 (16ms)
[2025-12-02T16:39:01.630Z] GET /editProfile : 200 (12ms)
[2025-12-02T16:39:18.292Z] PUT /editProfile : 200 (8ms)
[2025-12-02T16:39:19.308Z] GET /profile : 200 (7ms)
[2025-12-02T16:42:00.527Z] GET /profile : 302 (10ms)
[2025-12-02T16:42:00.536Z] GET /login : 200 (7ms)
[2025-12-02T16:42:01.535Z] GET /auth/google : 302 (4ms)
[2025-12-02T16:42:02.272Z] GET /auth/google/callback?code=4%2F0Ab32j91Y5Ukj2ebVhbQVgX_hlYIQ2mULMhs7WAwM-xH7lNp34byny9-Ozxb_jpAjpnljyA&scope=email+profile+https%3A%2F%2Fwww.googleapis.com%2Fauth%2Fuserinfo.email+https%3A%2F%2Fwww.googleapis.com%2Fauth%2Fuserinfo.profile+openid&authuser=0&prompt=none : 302 (409ms)
[2025-12-02T16:42:02.303Z] GET / : 200 (26ms)
[2025-12-02T16:42:05.033Z] GET /profile : 200 (18ms)
[2025-12-02T16:42:07.180Z] GET /editProfile : 200 (10ms)
[2025-12-02T16:42:15.252Z] GET /editProfile : 302 (1ms)
[2025-12-02T16:42:15.254Z] GET /login : 200 (1ms)
[2025-12-02T16:46:32.872Z] GET /profile : 302 (14ms)
[2025-12-02T16:46:32.882Z] GET /login : 200 (6ms)
[2025-12-02T16:46:33.994Z] GET /auth/google : 302 (2ms)
[2025-12-02T16:46:34.641Z] GET /auth/google/callback?code=4%2F0Ab32j90gwNPxA9G0U2wXU6-tJEe8ciRA63BQABqngQAPkE3hQlFXm35KU-N2AKv8htL5RA&scope=email+profile+openid+https%3A%2F%2Fwww.googleapis.com%2Fauth%2Fuserinfo.profile+https%3A%2F%2Fwww.googleapis.com%2Fauth%2Fuserinfo.email&authuser=0&prompt=none : 302 (388ms)
[2025-12-02T16:46:34.672Z] GET / : 200 (24ms)
[2025-12-02T16:46:37.672Z] GET /profile : 200 (16ms)
[2025-12-02T16:46:40.073Z] GET /profile : 200 (10ms)
[2025-12-02T16:46:41.413Z] GET /editProfile : 200 (13ms)
[2025-12-02T16:46:44.873Z] PUT /editProfile : 200 (4ms)
[2025-12-02T16:46:45.845Z] GET /profile : 200 (13ms)
[2025-12-02T16:46:50.028Z] GET /editProfile : 200 (18ms)
[2025-12-02T16:49:57.635Z] GET /editProfile : 302 (9ms)
[2025-12-02T16:49:57.644Z] GET /login : 200 (7ms)
[2025-12-02T16:49:58.458Z] GET /auth/google : 302 (2ms)
[2025-12-02T16:49:59.132Z] GET /auth/google/callback?code=4%2F0Ab32j90ggahhuNrH8Tgbj2FprhYhGUacPI24uFYwwFjtuGLb8hMHEaLhWEWCuWJlWMoqew&scope=email+profile+https%3A%2F%2Fwww.googleapis.com%2Fauth%2Fuserinfo.email+https%3A%2F%2Fwww.googleapis.com%2Fauth%2Fuserinfo.profile+openid&authuser=0&prompt=none : 302 (368ms)
[2025-12-02T16:49:59.160Z] GET / : 200 (23ms)
[2025-12-02T16:50:00.640Z] GET /profile : 200 (16ms)
[2025-12-02T16:50:03.120Z] GET /editProfile : 200 (14ms)
[2025-12-02T16:50:22.352Z] GET /.well-known/appspecific/com.chrome.devtools.json : 404 (4ms)
[2025-12-02T16:53:10.347Z] PUT /editProfile : 200 (22ms)
[2025-12-02T16:53:11.439Z] GET /profile : 200 (19ms)
[2025-12-02T16:53:11.478Z] GET /.well-known/appspecific/com.chrome.devtools.json : 404 (8ms)
[2025-12-02T16:56:50.425Z] PUT /editProfile : 302 (4ms)
[2025-12-02T16:56:50.431Z] PUT /login : 404 (2ms)
[2025-12-02T16:57:20.040Z] PUT /editProfile : 302 (3ms)
[2025-12-02T16:57:20.046Z] PUT /login : 404 (4ms)
[2025-12-02T16:57:33.364Z] GET / : 200 (61ms)
[2025-12-02T16:57:34.652Z] GET /login : 200 (3ms)
[2025-12-02T16:57:40.080Z] GET /auth/google : 302 (2ms)
[2025-12-02T16:57:40.730Z] GET /auth/google/callback?code=4%2F0Ab32j91LFsC4wBsT4STCuOKW_m3rBx7hKxPmYvW5Np2XuBXoyGbxvRjCO273KiPxKPdgIg&scope=email+profile+https%3A%2F%2Fwww.googleapis.com%2Fauth%2Fuserinfo.profile+openid+https%3A%2F%2Fwww.googleapis.com%2Fauth%2Fuserinfo.email&authuser=0&prompt=none : 302 (372ms)
[2025-12-02T16:57:40.753Z] GET / : 200 (14ms)
[2025-12-02T16:58:13.878Z] GET /profile : 200 (23ms)
[2025-12-02T16:58:33.586Z] GET /editProfile : 200 (14ms)
[2025-12-02T17:01:18.195Z] PUT /editProfile : 302 (8ms)
[2025-12-02T17:01:18.205Z] PUT /login : 404 (5ms)
[2025-12-02T17:02:34.091Z] PUT /editProfile : 302 (12ms)
[2025-12-02T17:02:34.099Z] PUT /login : 404 (5ms)
[2025-12-02T17:02:34.939Z] PUT /editProfile : 302 (0ms)
[2025-12-02T17:02:34.945Z] PUT /login : 404 (2ms)
[2025-12-02T17:02:35.284Z] PUT /editProfile : 302 (1ms)
[2025-12-02T17:02:35.287Z] PUT /login : 404 (1ms)
[2025-12-02T17:02:35.450Z] PUT /editProfile : 302 (0ms)
[2025-12-02T17:02:35.454Z] PUT /login : 404 (1ms)
[2025-12-02T17:02:35.623Z] PUT /editProfile : 302 (1ms)
[2025-12-02T17:02:35.626Z] PUT /login : 404 (1ms)
[2025-12-02T17:02:35.988Z] PUT /editProfile : 302 (1ms)
[2025-12-02T17:02:35.992Z] PUT /login : 404 (1ms)
[2025-12-02T17:05:15.301Z] PUT /editProfile : 302 (6ms)
[2025-12-02T17:05:15.310Z] PUT /login : 404 (5ms)
[2025-12-02T17:05:16.364Z] PUT /editProfile : 302 (1ms)
[2025-12-02T17:05:16.370Z] PUT /login : 404 (2ms)
[2025-12-02T17:05:16.600Z] PUT /editProfile : 302 (1ms)
[2025-12-02T17:05:16.604Z] PUT /login : 404 (1ms)
[2025-12-02T17:05:16.782Z] PUT /editProfile : 302 (0ms)
[2025-12-02T17:05:16.786Z] PUT /login : 404 (1ms)
[2025-12-02T17:05:16.929Z] PUT /editProfile : 302 (1ms)
[2025-12-02T17:05:16.935Z] PUT /login : 404 (2ms)
[2025-12-02T17:05:17.072Z] PUT /editProfile : 302 (0ms)
[2025-12-02T17:05:17.076Z] PUT /login : 404 (1ms)
[2025-12-02T17:05:17.296Z] PUT /editProfile : 302 (1ms)
[2025-12-02T17:05:17.299Z] PUT /login : 404 (1ms)
[2025-12-02T17:05:17.423Z] PUT /editProfile : 302 (1ms)
[2025-12-02T17:05:17.427Z] PUT /login : 404 (1ms)
[2025-12-02T17:05:17.680Z] PUT /editProfile : 302 (1ms)
[2025-12-02T17:05:17.683Z] PUT /login : 404 (1ms)
[2025-12-02T17:05:17.823Z] PUT /editProfile : 302 (0ms)
[2025-12-02T17:05:17.826Z] PUT /login : 404 (1ms)
[2025-12-02T17:05:17.937Z] PUT /editProfile : 302 (0ms)
[2025-12-02T17:05:17.939Z] PUT /login : 404 (0ms)
[2025-12-02T17:05:18.076Z] PUT /editProfile : 302 (0ms)
[2025-12-02T17:05:18.079Z] PUT /login : 404 (1ms)
[2025-12-02T17:05:30.487Z] GET /editProfile : 302 (2ms)
[2025-12-02T17:05:30.492Z] GET /login : 200 (2ms)
[2025-12-02T17:05:31.729Z] GET /auth/google : 302 (3ms)
[2025-12-02T17:05:32.422Z] GET /auth/google/callback?code=4%2F0Ab32j91vWyItHqM4Hjsvrtqpaj-SELYoB3SAe7q2y0bbZM85z74fzCg2B395B5VikguI0w&scope=email+profile+https%3A%2F%2Fwww.googleapis.com%2Fauth%2Fuserinfo.email+openid+https%3A%2F%2Fwww.googleapis.com%2Fauth%2Fuserinfo.profile&authuser=0&prompt=none : 302 (394ms)
[2025-12-02T17:05:32.455Z] GET / : 200 (29ms)
[2025-12-02T17:05:34.855Z] GET /logout : 302 (1ms)
[2025-12-02T17:05:34.880Z] GET / : 200 (21ms)
[2025-12-02T17:05:35.791Z] GET /login : 200 (2ms)
[2025-12-02T17:05:37.762Z] GET /auth/google : 302 (1ms)
[2025-12-02T17:05:38.355Z] GET /auth/google/callback?code=4%2F0Ab32j90_5VLZkBk0RXxdq_2jl06wjY4LYWaUMo5-Xyg7RAi-LrvsvODbhqFZdxBZOwEheA&scope=email+profile+https%3A%2F%2Fwww.googleapis.com%2Fauth%2Fuserinfo.profile+https%3A%2F%2Fwww.googleapis.com%2Fauth%2Fuserinfo.email+openid&authuser=0&prompt=none : 302 (332ms)
[2025-12-02T17:05:38.375Z] GET / : 200 (16ms)
[2025-12-02T17:05:42.970Z] PUT /editProfile : 302 (1ms)
[2025-12-02T17:05:42.974Z] PUT /login : 404 (1ms)
[2025-12-02T17:07:04.060Z] GET / : 200 (40ms)
[2025-12-02T17:07:09.617Z] GET /.well-known/appspecific/com.chrome.devtools.json : 404 (2ms)
[2025-12-02T17:07:30.433Z] PUT /editProfile : 200 (35ms)
[2025-12-02T17:07:51.727Z] PUT /editProfile : 200 (1ms)
[2025-12-02T17:08:28.214Z] GET /profile : 200 (17ms)
[2025-12-02T17:08:28.240Z] GET /photo.jpg : 404 (1ms)
[2025-12-02T17:08:28.340Z] GET /photo.jpg : 404 (1ms)
[2025-12-02T17:08:28.354Z] GET /photo.jpg : 404 (1ms)
[2025-12-02T17:08:28.374Z] GET /photo.jpg : 404 (1ms)
[2025-12-02T17:08:28.884Z] GET /profile : 200 (13ms)
[2025-12-02T17:08:28.908Z] GET /photo.jpg : 404 (1ms)
[2025-12-02T17:08:28.965Z] GET /photo.jpg : 404 (1ms)
[2025-12-02T17:08:28.978Z] GET /photo.jpg : 404 (2ms)
[2025-12-02T17:08:28.992Z] GET /photo.jpg : 404 (1ms)
[2025-12-02T17:08:31.376Z] GET /editProfile : 200 (16ms)
[2025-12-02T17:08:31.408Z] GET /photo.jpg : 404 (1ms)
[2025-12-02T17:08:31.470Z] GET /photo.jpg : 404 (1ms)
[2025-12-02T17:08:31.484Z] GET /photo.jpg : 404 (1ms)
[2025-12-02T17:08:31.501Z] GET /photo.jpg : 404 (2ms)
[2025-12-02T17:08:39.014Z] GET /editProfile : 200 (16ms)
[2025-12-02T17:08:39.038Z] GET /photo.jpg : 404 (1ms)
[2025-12-02T17:08:39.088Z] GET /photo.jpg : 404 (1ms)
[2025-12-02T17:08:39.101Z] GET /photo.jpg : 404 (0ms)
[2025-12-02T17:08:39.117Z] GET /photo.jpg : 404 (0ms)
[2025-12-02T17:08:39.486Z] GET /editProfile : 200 (10ms)
[2025-12-02T17:08:39.507Z] GET /photo.jpg : 404 (1ms)
[2025-12-02T17:08:39.562Z] GET /photo.jpg : 404 (1ms)
[2025-12-02T17:08:39.575Z] GET /photo.jpg : 404 (1ms)
[2025-12-02T17:08:39.590Z] GET /photo.jpg : 404 (0ms)
[2025-12-02T17:08:39.954Z] GET /editProfile : 200 (11ms)
[2025-12-02T17:08:39.975Z] GET /photo.jpg : 404 (1ms)
[2025-12-02T17:08:40.027Z] GET /photo.jpg : 404 (1ms)
[2025-12-02T17:08:40.044Z] GET /photo.jpg : 404 (1ms)
[2025-12-02T17:08:40.058Z] GET /photo.jpg : 404 (0ms)
[2025-12-02T17:08:40.575Z] GET /editProfile : 200 (8ms)
[2025-12-02T17:08:40.592Z] GET /photo.jpg : 404 (1ms)
[2025-12-02T17:08:40.644Z] GET /photo.jpg : 404 (1ms)
[2025-12-02T17:08:40.657Z] GET /photo.jpg : 404 (1ms)
[2025-12-02T17:08:40.671Z] GET /photo.jpg : 404 (0ms)
[2025-12-02T17:08:40.811Z] GET /editProfile : 200 (9ms)
[2025-12-02T17:08:40.826Z] GET /photo.jpg : 404 (1ms)
[2025-12-02T17:08:40.891Z] GET /photo.jpg : 404 (2ms)
[2025-12-02T17:08:40.910Z] GET /photo.jpg : 404 (1ms)
[2025-12-02T17:08:41.011Z] GET /editProfile : 200 (8ms)
[2025-12-02T17:08:41.024Z] GET /photo.jpg : 404 (1ms)
[2025-12-02T17:08:41.071Z] GET /photo.jpg : 404 (1ms)
[2025-12-02T17:08:41.090Z] GET /photo.jpg : 404 (2ms)
[2025-12-02T17:08:41.101Z] GET /photo.jpg : 404 (1ms)
[2025-12-02T17:08:41.179Z] GET /editProfile : 200 (9ms)
[2025-12-02T17:08:41.192Z] GET /photo.jpg : 404 (1ms)
[2025-12-02T17:08:41.237Z] GET /photo.jpg : 404 (1ms)
[2025-12-02T17:08:41.250Z] GET /photo.jpg : 404 (1ms)
[2025-12-02T17:08:41.269Z] GET /photo.jpg : 404 (3ms)
[2025-12-02T17:08:41.359Z] GET /editProfile : 200 (12ms)
[2025-12-02T17:08:41.374Z] GET /photo.jpg : 404 (1ms)
[2025-12-02T17:08:41.422Z] GET /photo.jpg : 404 (1ms)
[2025-12-02T17:08:41.435Z] GET /photo.jpg : 404 (2ms)
[2025-12-02T17:08:41.453Z] GET /photo.jpg : 404 (1ms)
[2025-12-02T17:08:41.578Z] GET /editProfile : 200 (9ms)
[2025-12-02T17:08:41.592Z] GET /photo.jpg : 404 (1ms)
[2025-12-02T17:08:41.643Z] GET /photo.jpg : 404 (1ms)
[2025-12-02T17:08:41.654Z] GET /photo.jpg : 404 (1ms)
[2025-12-02T17:08:41.669Z] GET /photo.jpg : 404 (1ms)
[2025-12-02T17:08:42.193Z] GET /editProfile : 200 (10ms)
[2025-12-02T17:08:42.217Z] GET /photo.jpg : 404 (1ms)
[2025-12-02T17:08:42.271Z] GET /photo.jpg : 404 (1ms)
[2025-12-02T17:08:42.286Z] GET /photo.jpg : 404 (1ms)
[2025-12-02T17:08:42.302Z] GET /photo.jpg : 404 (1ms)
[2025-12-02T17:08:42.378Z] GET /editProfile : 200 (8ms)
[2025-12-02T17:08:42.392Z] GET /photo.jpg : 404 (1ms)
[2025-12-02T17:08:42.437Z] GET /photo.jpg : 404 (1ms)
[2025-12-02T17:08:42.451Z] GET /photo.jpg : 404 (2ms)
[2025-12-02T17:08:42.466Z] GET /photo.jpg : 404 (1ms)
[2025-12-02T17:09:03.592Z] PUT /editProfile : 200 (4ms)
[2025-12-02T17:09:04.767Z] GET /profile : 200 (13ms)
[2025-12-02T17:09:04.791Z] GET /photo.jpg : 404 (2ms)
[2025-12-02T17:09:04.837Z] GET /photo.jpg : 404 (1ms)
[2025-12-02T17:09:04.851Z] GET /photo.jpg : 404 (1ms)
[2025-12-02T17:09:04.866Z] GET /photo.jpg : 404 (1ms)
[2025-12-02T17:09:09.401Z] GET /editProfile : 200 (12ms)
[2025-12-02T17:09:09.422Z] GET /photo.jpg : 404 (2ms)
[2025-12-02T17:09:09.478Z] GET /photo.jpg : 404 (1ms)
[2025-12-02T17:09:09.491Z] GET /photo.jpg : 404 (0ms)
[2025-12-02T17:09:09.508Z] GET /photo.jpg : 404 (1ms)
[2025-12-02T17:09:13.766Z] PUT /editProfile : 200 (3ms)
[2025-12-02T17:09:16.064Z] GET /profile : 200 (9ms)
[2025-12-02T17:09:16.084Z] GET /photo.jpg : 404 (1ms)
[2025-12-02T17:09:16.133Z] GET /photo.jpg : 404 (2ms)
[2025-12-02T17:09:16.147Z] GET /photo.jpg : 404 (2ms)
[2025-12-02T17:09:16.161Z] GET /photo.jpg : 404 (1ms)
[2025-12-02T17:09:21.420Z] GET /.well-known/appspecific/com.chrome.devtools.json : 404 (1ms)
[2025-12-02T17:09:41.752Z] PUT /editProfile : 200 (4ms)
[2025-12-02T17:09:45.880Z] GET /profile : 200 (10ms)
[2025-12-02T17:09:45.906Z] GET /photo.jpg : 404 (3ms)
[2025-12-02T17:09:45.964Z] GET /photo.jpg : 404 (1ms)
[2025-12-02T17:09:45.983Z] GET /photo.jpg : 404 (1ms)
[2025-12-02T17:09:45.996Z] GET /photo.jpg : 404 (1ms)
[2025-12-02T17:09:47.799Z] GET /profile : 200 (10ms)
[2025-12-02T17:09:47.819Z] GET /photo.jpg : 404 (1ms)
[2025-12-02T17:09:47.872Z] GET /photo.jpg : 404 (1ms)
[2025-12-02T17:09:47.887Z] GET /photo.jpg : 404 (2ms)
[2025-12-02T17:09:47.901Z] GET /photo.jpg : 404 (1ms)
[2025-12-02T17:09:48.031Z] GET /profile : 200 (12ms)
[2025-12-02T17:09:48.048Z] GET /photo.jpg : 404 (2ms)
[2025-12-02T17:09:48.100Z] GET /photo.jpg : 404 (1ms)
[2025-12-02T17:09:48.113Z] GET /photo.jpg : 404 (1ms)
[2025-12-02T17:09:48.127Z] GET /photo.jpg : 404 (1ms)
[2025-12-02T17:09:48.197Z] GET /profile : 200 (8ms)
[2025-12-02T17:09:48.210Z] GET /photo.jpg : 404 (1ms)
[2025-12-02T17:09:48.254Z] GET /photo.jpg : 404 (0ms)
[2025-12-02T17:09:48.267Z] GET /photo.jpg : 404 (1ms)
[2025-12-02T17:09:48.283Z] GET /photo.jpg : 404 (1ms)
[2025-12-02T17:09:48.379Z] GET /profile : 200 (10ms)
[2025-12-02T17:09:48.392Z] GET /photo.jpg : 404 (1ms)
[2025-12-02T17:09:48.437Z] GET /photo.jpg : 404 (1ms)
[2025-12-02T17:09:48.450Z] GET /photo.jpg : 404 (1ms)
[2025-12-02T17:09:48.466Z] GET /photo.jpg : 404 (1ms)
[2025-12-02T17:09:48.510Z] GET /profile : 200 (7ms)
[2025-12-02T17:09:48.523Z] GET /photo.jpg : 404 (2ms)
[2025-12-02T17:09:48.568Z] GET /photo.jpg : 404 (1ms)
[2025-12-02T17:09:48.581Z] GET /photo.jpg : 404 (1ms)
[2025-12-02T17:09:48.597Z] GET /photo.jpg : 404 (1ms)
[2025-12-02T17:09:49.785Z] GET /profile : 200 (9ms)
[2025-12-02T17:09:49.798Z] GET /photo.jpg : 404 (1ms)
[2025-12-02T17:09:49.853Z] GET /photo.jpg : 404 (1ms)
[2025-12-02T17:09:49.867Z] GET /photo.jpg : 404 (1ms)
[2025-12-02T17:09:49.884Z] GET /photo.jpg : 404 (1ms)
[2025-12-02T17:09:50.010Z] GET /profile : 200 (7ms)
[2025-12-02T17:09:50.025Z] GET /photo.jpg : 404 (2ms)
[2025-12-02T17:09:50.090Z] GET /photo.jpg : 404 (1ms)
[2025-12-02T17:09:50.108Z] GET /photo.jpg : 404 (1ms)
[2025-12-02T17:09:50.225Z] GET /profile : 200 (5ms)
[2025-12-02T17:09:50.247Z] GET /photo.jpg : 404 (1ms)
[2025-12-02T17:09:50.284Z] GET /photo.jpg : 404 (0ms)
[2025-12-02T17:09:50.301Z] GET /photo.jpg : 404 (1ms)
[2025-12-02T17:09:50.314Z] GET /photo.jpg : 404 (1ms)
[2025-12-02T17:09:50.428Z] GET /profile : 200 (7ms)
[2025-12-02T17:09:50.442Z] GET /photo.jpg : 404 (1ms)
[2025-12-02T17:09:50.488Z] GET /photo.jpg : 404 (1ms)
[2025-12-02T17:09:50.501Z] GET /photo.jpg : 404 (1ms)
[2025-12-02T17:09:50.519Z] GET /photo.jpg : 404 (2ms)
[2025-12-02T17:09:50.611Z] GET /profile : 200 (9ms)
[2025-12-02T17:09:50.623Z] GET /photo.jpg : 404 (0ms)
[2025-12-02T17:09:50.672Z] GET /photo.jpg : 404 (1ms)
[2025-12-02T17:09:50.686Z] GET /photo.jpg : 404 (2ms)
[2025-12-02T17:09:50.700Z] GET /photo.jpg : 404 (1ms)
[2025-12-02T17:09:50.776Z] GET /profile : 200 (7ms)
[2025-12-02T17:09:50.792Z] GET /photo.jpg : 404 (1ms)
[2025-12-02T17:09:50.836Z] GET /photo.jpg : 404 (0ms)
[2025-12-02T17:09:50.851Z] GET /photo.jpg : 404 (1ms)
[2025-12-02T17:09:50.866Z] GET /photo.jpg : 404 (1ms)
[2025-12-02T17:09:50.958Z] GET /profile : 200 (7ms)
[2025-12-02T17:09:50.971Z] GET /photo.jpg : 404 (1ms)
[2025-12-02T17:09:51.017Z] GET /photo.jpg : 404 (1ms)
[2025-12-02T17:09:51.032Z] GET /photo.jpg : 404 (1ms)
[2025-12-02T17:09:51.045Z] GET /photo.jpg : 404 (0ms)
[2025-12-02T17:09:51.145Z] GET /profile : 200 (8ms)
[2025-12-02T17:09:51.157Z] GET /photo.jpg : 404 (0ms)
[2025-12-02T17:09:51.203Z] GET /photo.jpg : 404 (1ms)
[2025-12-02T17:09:51.216Z] GET /photo.jpg : 404 (1ms)
[2025-12-02T17:09:51.232Z] GET /photo.jpg : 404 (1ms)
[2025-12-02T17:09:51.348Z] GET /profile : 200 (7ms)
[2025-12-02T17:09:51.362Z] GET /photo.jpg : 404 (1ms)
[2025-12-02T17:09:51.408Z] GET /photo.jpg : 404 (1ms)
[2025-12-02T17:09:51.421Z] GET /photo.jpg : 404 (1ms)
[2025-12-02T17:09:51.435Z] GET /photo.jpg : 404 (1ms)
[2025-12-02T17:09:51.525Z] GET /profile : 200 (7ms)
[2025-12-02T17:09:51.541Z] GET /photo.jpg : 404 (2ms)
[2025-12-02T17:09:51.582Z] GET /photo.jpg : 404 (0ms)
[2025-12-02T17:09:51.597Z] GET /photo.jpg : 404 (0ms)
[2025-12-02T17:09:51.612Z] GET /photo.jpg : 404 (0ms)
[2025-12-02T17:09:56.575Z] GET /profile : 200 (11ms)
[2025-12-02T17:09:56.599Z] GET /photo.jpg : 404 (1ms)
[2025-12-02T17:09:56.698Z] GET /photo.jpg : 404 (1ms)
[2025-12-02T17:09:56.717Z] GET /photo.jpg : 404 (1ms)
[2025-12-02T17:09:56.731Z] GET /photo.jpg : 404 (2ms)
[2025-12-02T17:10:01.619Z] GET /profile : 200 (10ms)
[2025-12-02T17:10:01.639Z] GET /photo.jpg : 404 (1ms)
[2025-12-02T17:10:01.699Z] GET /photo.jpg : 404 (0ms)
[2025-12-02T17:10:01.714Z] GET /photo.jpg : 404 (1ms)
[2025-12-02T17:10:01.727Z] GET /photo.jpg : 404 (1ms)
[2025-12-02T17:11:21.239Z] GET /editPassword : 302 (35ms)
[2025-12-02T17:11:21.248Z] GET /login : 200 (7ms)
[2025-12-02T17:11:22.261Z] GET /auth/google : 302 (2ms)
[2025-12-02T17:11:22.853Z] GET /auth/google/callback?code=4%2F0Ab32j90jnads0fM5uh_vhZ-Hx8m_wx_29jC8335nYgCqRr2Ne_idNrydRxENUx-z9mhgDw&scope=email+profile+openid+https%3A%2F%2Fwww.googleapis.com%2Fauth%2Fuserinfo.profile+https%3A%2F%2Fwww.googleapis.com%2Fauth%2Fuserinfo.email&authuser=0&prompt=none : 302 (353ms)
[2025-12-02T17:11:22.880Z] GET / : 200 (23ms)
[2025-12-02T17:11:22.920Z] GET /photo.jpg : 404 (8ms)
[2025-12-02T17:11:22.997Z] GET /photo.jpg : 404 (2ms)
[2025-12-02T17:11:24.675Z] GET /profile : 200 (15ms)
[2025-12-02T17:11:24.701Z] GET /photo.jpg : 404 (3ms)
[2025-12-02T17:11:24.756Z] GET /photo.jpg : 404 (1ms)
[2025-12-02T17:11:24.771Z] GET /photo.jpg : 404 (2ms)
[2025-12-02T17:11:24.784Z] GET /photo.jpg : 404 (1ms)
[2025-12-02T17:11:26.031Z] GET /editPassword : 200 (12ms)
[2025-12-02T17:11:26.055Z] GET /photo.jpg : 404 (1ms)
[2025-12-02T17:11:26.112Z] GET /photo.jpg : 404 (2ms)
[2025-12-02T17:11:26.124Z] GET /photo.jpg : 404 (2ms)
[2025-12-02T17:11:38.793Z] GET /editPassword : 302 (9ms)
[2025-12-02T17:11:38.798Z] GET /login : 200 (2ms)
[2025-12-02T17:11:55.910Z] GET /editPassword : 500 (43ms)
[2025-12-02T17:12:16.743Z] GET /editPassword : 302 (9ms)
[2025-12-02T17:12:16.752Z] GET /login : 200 (7ms)
[2025-12-02T17:32:24.694Z] PUT /editPassword : 302 (17ms)
[2025-12-02T17:32:24.701Z] PUT /login : 404 (5ms)
[2025-12-02T17:32:55.428Z] GET /editPassword : 302 (4ms)
[2025-12-02T17:32:55.434Z] GET /login : 200 (5ms)
[2025-12-02T17:32:56.805Z] GET /auth/google : 302 (2ms)
[2025-12-02T17:32:57.463Z] GET /auth/google/callback?code=4%2F0Ab32j90E-g3oqZhR_Z4xYgSf_IileWA5l0XrK97eWWoGXVufDUJCJglhNkKJoCSZ2zPVWA&scope=email+profile+https%3A%2F%2Fwww.googleapis.com%2Fauth%2Fuserinfo.email+openid+https%3A%2F%2Fwww.googleapis.com%2Fauth%2Fuserinfo.profile&authuser=0&prompt=none : 302 (375ms)
[2025-12-02T17:32:57.497Z] GET / : 200 (28ms)
[2025-12-02T17:32:57.531Z] GET /photo.jpg : 404 (1ms)
[2025-12-02T17:32:57.664Z] GET /photo.jpg : 404 (2ms)
[2025-12-02T17:32:59.473Z] GET /profile : 200 (16ms)
[2025-12-02T17:32:59.498Z] GET /photo.jpg : 404 (2ms)
[2025-12-02T17:32:59.553Z] GET /photo.jpg : 404 (2ms)
[2025-12-02T17:32:59.569Z] GET /photo.jpg : 404 (1ms)
[2025-12-02T17:32:59.586Z] GET /photo.jpg : 404 (1ms)
[2025-12-02T17:33:02.026Z] GET /editPassword : 200 (17ms)
[2025-12-02T17:33:02.054Z] GET /photo.jpg : 404 (1ms)
[2025-12-02T17:33:02.114Z] GET /photo.jpg : 404 (2ms)
[2025-12-02T17:33:02.127Z] GET /photo.jpg : 404 (2ms)
[2025-12-02T17:33:14.928Z] PUT /editPassword : 404 (96ms)
[2025-12-02T17:35:34.201Z] GET /editPassword : 200 (13ms)
[2025-12-02T17:35:34.225Z] GET /photo.jpg : 404 (2ms)
[2025-12-02T17:35:34.282Z] GET /photo.jpg : 404 (1ms)
[2025-12-02T17:35:34.297Z] GET /photo.jpg : 404 (1ms)
[2025-12-02T17:36:14.211Z] PUT /editPassword : 404 (93ms)
[2025-12-02T17:36:24.422Z] PUT /editPassword : 200 (174ms)
[2025-12-02T17:36:26.527Z] GET /profile : 200 (15ms)
[2025-12-02T17:36:26.552Z] GET /photo.jpg : 404 (2ms)
[2025-12-02T17:36:26.637Z] GET /photo.jpg : 404 (3ms)
[2025-12-02T17:36:26.646Z] GET /photo.jpg : 404 (1ms)
[2025-12-02T17:36:26.657Z] GET /photo.jpg : 404 (0ms)
[2025-12-02T17:41:38.963Z] GET /profile : 302 (12ms)
[2025-12-02T17:41:38.972Z] GET /login : 200 (7ms)
[2025-12-02T17:41:40.152Z] GET /auth/google : 302 (2ms)
[2025-12-02T17:41:40.821Z] GET /auth/google/callback?code=4%2F0Ab32j93pjPq9C7OyZg6NZJGVNfgewZKQGK0zlFC2F00hkvSaeqRCF9o8jUOMDLXHOtFIoA&scope=email+profile+https%3A%2F%2Fwww.googleapis.com%2Fauth%2Fuserinfo.email+openid+https%3A%2F%2Fwww.googleapis.com%2Fauth%2Fuserinfo.profile&authuser=0&prompt=none : 302 (387ms)
[2025-12-02T17:41:40.851Z] GET / : 200 (23ms)
[2025-12-02T17:41:40.887Z] GET /photo.jpg : 404 (5ms)
[2025-12-02T17:41:40.964Z] GET /photo.jpg : 404 (2ms)
[2025-12-02T17:41:42.609Z] GET /profile : 200 (17ms)
[2025-12-02T17:41:42.627Z] GET /photo.jpg : 404 (1ms)
[2025-12-02T17:41:42.703Z] GET /photo.jpg : 404 (4ms)
[2025-12-02T17:41:42.709Z] GET /photo.jpg : 404 (1ms)
[2025-12-02T17:41:42.727Z] GET /photo.jpg : 404 (1ms)
[2025-12-02T17:41:45.512Z] GET /editPassword : 200 (15ms)
[2025-12-02T17:41:45.532Z] GET /photo.jpg : 404 (1ms)
[2025-12-02T17:41:45.593Z] GET /photo.jpg : 404 (1ms)
[2025-12-02T17:41:45.607Z] GET /photo.jpg : 404 (2ms)
[2025-12-02T17:41:47.880Z] GET /.well-known/appspecific/com.chrome.devtools.json : 404 (1ms)
[2025-12-02T17:42:10.955Z] PUT /editPassword : 200 (2ms)
[2025-12-02T17:42:33.229Z] PUT /editPassword : 200 (106ms)
[2025-12-02T17:43:24.828Z] PUT /editPassword : 200 (155ms)
[2025-12-02T17:43:32.448Z] GET /editPassword : 200 (14ms)
[2025-12-02T17:43:32.483Z] GET /photo.jpg : 404 (1ms)
[2025-12-02T17:43:32.582Z] GET /photo.jpg : 404 (1ms)
[2025-12-02T17:43:32.596Z] GET /photo.jpg : 404 (2ms)
[2025-12-02T17:43:49.260Z] PUT /editPassword : 200 (164ms)
[2025-12-02T17:44:25.289Z] PUT /editPassword : 200 (162ms)
[2025-12-02T17:44:25.420Z] PUT /editPassword : 200 (130ms)
[2025-12-02T17:44:34.788Z] GET /editPassword : 200 (13ms)
[2025-12-02T17:44:34.811Z] GET /photo.jpg : 404 (1ms)
[2025-12-02T17:44:34.869Z] GET /photo.jpg : 404 (1ms)
[2025-12-02T17:44:34.883Z] GET /photo.jpg : 404 (1ms)
[2025-12-02T17:44:44.071Z] PUT /editPassword : 200 (100ms)
[2025-12-02T17:44:55.798Z] PUT /editPassword : 200 (294ms)
[2025-12-02T17:44:57.020Z] GET /profile : 200 (14ms)
[2025-12-02T17:44:57.046Z] GET /photo.jpg : 404 (2ms)
[2025-12-02T17:44:57.100Z] GET /photo.jpg : 404 (1ms)
[2025-12-02T17:44:57.113Z] GET /photo.jpg : 404 (1ms)
[2025-12-02T17:44:57.127Z] GET /photo.jpg : 404 (1ms)
[2025-12-02T17:44:59.607Z] GET /editPassword : 200 (15ms)
[2025-12-02T17:44:59.628Z] GET /photo.jpg : 404 (3ms)
[2025-12-02T17:44:59.685Z] GET /photo.jpg : 404 (1ms)
[2025-12-02T17:44:59.701Z] GET /photo.jpg : 404 (1ms)
[2025-12-02T17:45:12.434Z] PUT /editPassword : 200 (97ms)
[2025-12-02T17:45:23.740Z] PUT /editPassword : 200 (99ms)
[2025-12-02T17:45:42.812Z] PUT /editPassword : 200 (98ms)
[2025-12-02T17:45:54.652Z] PUT /editPassword : 200 (100ms)
[2025-12-02T17:46:02.013Z] PUT /editPassword : 200 (100ms)
[2025-12-02T17:46:05.044Z] PUT /editPassword : 200 (99ms)
[2025-12-02T17:46:13.834Z] PUT /editPassword : 200 (98ms)
[2025-12-02T17:48:15.516Z] GET /logout : 302 (1ms)
[2025-12-02T17:48:15.543Z] GET / : 200 (25ms)
[2025-12-02T17:48:18.557Z] GET /login : 200 (2ms)
[2025-12-02T17:48:19.552Z] GET /auth/google : 302 (2ms)
[2025-12-02T17:48:20.123Z] GET /auth/google/callback?code=4%2F0Ab32j93CNh5s73-ro1du03zz74lIYVA09xAzgsr5jGRrkVWC4ID90V4BvAzBpweCtssRGg&scope=email+profile+https%3A%2F%2Fwww.googleapis.com%2Fauth%2Fuserinfo.profile+openid+https%3A%2F%2Fwww.googleapis.com%2Fauth%2Fuserinfo.email&authuser=0&prompt=none : 302 (327ms)
[2025-12-02T17:48:20.141Z] GET / : 200 (13ms)
[2025-12-02T17:49:35.782Z] GET /profile : 302 (11ms)
[2025-12-02T17:49:35.792Z] GET /login : 200 (8ms)
[2025-12-02T17:49:37.068Z] GET /auth/google : 302 (2ms)
[2025-12-02T17:49:37.722Z] GET /auth/google/callback?code=4%2F0Ab32j90Plowd-Kqf_uKlEaxWE2U_nlYv5srzmB5NgHRs3_qM9zEBPvH9Dxd_vHxTrMe3iw&scope=email+profile+https%3A%2F%2Fwww.googleapis.com%2Fauth%2Fuserinfo.email+https%3A%2F%2Fwww.googleapis.com%2Fauth%2Fuserinfo.profile+openid&authuser=0&prompt=none : 302 (386ms)
[2025-12-02T17:49:37.752Z] GET / : 200 (23ms)
[2025-12-02T17:49:39.168Z] GET /profile : 200 (16ms)
[2025-12-02T17:49:40.557Z] GET /profile : 200 (20ms)
[2025-12-02T17:49:42.224Z] GET /editProfile : 200 (14ms)
[2025-12-02T17:50:38.577Z] GET /editProfile : 200 (10ms)
[2025-12-02T17:50:39.582Z] PUT /editProfile : 200 (0ms)
[2025-12-02T17:50:52.787Z] GET /editProfile : 200 (14ms)
[2025-12-02T17:51:11.814Z] GET /editProfile : 200 (13ms)
[2025-12-02T17:51:19.821Z] GET /editProfile : 200 (16ms)
[2025-12-02T17:51:28.367Z] GET /editProfile : 200 (15ms)
[2025-12-02T17:51:29.202Z] PUT /editProfile : 200 (1ms)
[2025-12-02T17:51:40.130Z] GET /editProfile : 200 (13ms)
[2025-12-02T17:51:45.986Z] GET /editProfile : 200 (13ms)
[2025-12-02T17:52:09.466Z] PUT /editProfile : 200 (10ms)
[2025-12-02T17:52:10.520Z] GET /profile : 200 (13ms)
[2025-12-02T17:54:11.393Z] GET / : 200 (21ms)
[2025-12-03T04:37:29.598Z] GET / : 200 (86ms)
[2025-12-03T04:37:33.290Z] GET /login : 200 (3ms)
[2025-12-03T04:37:34.219Z] GET /auth/google : 302 (3ms)
[2025-12-03T04:37:35.030Z] GET /auth/google/callback?code=4%2F0Ab32j90rdDuR-WggCA4ipFdImX7DSA-l2EwLKATpzuwnNeNEQBW_df1AUMFWNrwJW7xW1Q&scope=email+profile+https%3A%2F%2Fwww.googleapis.com%2Fauth%2Fuserinfo.email+https%3A%2F%2Fwww.googleapis.com%2Fauth%2Fuserinfo.profile+openid&authuser=0&prompt=none : 302 (467ms)
[2025-12-03T04:37:35.061Z] GET / : 200 (18ms)
[2025-12-03T04:37:37.405Z] GET /profile : 200 (16ms)
[2025-12-03T04:37:38.408Z] GET /addresses : 200 (19ms)
[2025-12-03T04:37:48.324Z] GET /addresses : 500 (18ms)
[2025-12-03T04:45:51.585Z] GET /addresses : 500 (45ms)
[2025-12-03T04:45:52.475Z] GET /addresses : 500 (16ms)
[2025-12-03T04:45:53.083Z] GET /addresses : 500 (13ms)
[2025-12-03T04:46:20.670Z] GET /addresses : 302 (9ms)
[2025-12-03T04:46:20.680Z] GET /login : 200 (7ms)
[2025-12-03T04:46:21.364Z] GET /login : 200 (2ms)
[2025-12-03T04:46:35.419Z] GET /addresses : 302 (2ms)
[2025-12-03T04:46:35.422Z] GET /login : 200 (1ms)
[2025-12-03T04:46:36.483Z] GET /auth/google : 302 (2ms)
[2025-12-03T04:46:37.167Z] GET /auth/google/callback?code=4%2F0Ab32j910zbMS3kzs6cS_tucuaS03mkrjVdzx7sm_Zd2Ok412IcDEEkzlVhDoC2iLjKHoPw&scope=email+profile+https%3A%2F%2Fwww.googleapis.com%2Fauth%2Fuserinfo.profile+openid+https%3A%2F%2Fwww.googleapis.com%2Fauth%2Fuserinfo.email&authuser=0&prompt=none : 302 (422ms)
[2025-12-03T04:46:37.208Z] GET / : 200 (33ms)
[2025-12-03T04:46:38.721Z] GET /profile : 200 (15ms)
[2025-12-03T04:46:39.923Z] GET /addresses : 200 (15ms)
[2025-12-03T04:46:41.361Z] GET /address : 200 (10ms)
[2025-12-03T04:46:50.812Z] POST /address : 200 (26ms)
[2025-12-03T04:46:51.906Z] GET /addresses : 200 (13ms)
[2025-12-03T04:46:58.948Z] DELETE /deleteAddress/692fc0ba1b5a7ac89424da9f : 200 (15ms)
[2025-12-03T04:47:00.561Z] GET /addresses : 200 (14ms)
[2025-12-03T04:47:58.298Z] GET /addresses : 302 (10ms)
[2025-12-03T04:47:58.306Z] GET /login : 200 (6ms)
[2025-12-03T04:47:59.223Z] GET /auth/google : 302 (2ms)
[2025-12-03T04:47:59.929Z] GET /auth/google/callback?code=4%2F0Ab32j90rd1HIvtL33_OFupPARt9ivdz60rW17PCtOE9qo55gIfWYx05PddOfgykqlJEpxg&scope=email+profile+https%3A%2F%2Fwww.googleapis.com%2Fauth%2Fuserinfo.email+https%3A%2F%2Fwww.googleapis.com%2Fauth%2Fuserinfo.profile+openid&authuser=0&prompt=none : 302 (415ms)
[2025-12-03T04:47:59.962Z] GET / : 200 (25ms)
[2025-12-03T04:48:02.005Z] GET /profile : 200 (16ms)
[2025-12-03T04:48:03.901Z] GET /addresses : 200 (17ms)
[2025-12-03T04:48:11.339Z] GET /addresses : 200 (15ms)
[2025-12-03T04:48:13.188Z] GET /address : 200 (15ms)
[2025-12-03T04:52:21.632Z] GET /address : 200 (16ms)
[2025-12-03T04:53:15.001Z] GET /address : 200 (19ms)
[2025-12-03T04:54:52.706Z] POST /address : 200 (717ms)
[2025-12-03T04:54:52.707Z] POST /address : 200 (149ms)
[2025-12-03T04:54:52.773Z] GET /addresses : 200 (16ms)
[2025-12-03T04:55:09.749Z] DELETE /deleteAddress/692fc29c00ee20f00187c82a : 200 (9ms)
[2025-12-03T04:55:10.725Z] GET /addresses : 200 (14ms)
[2025-12-03T04:55:13.082Z] GET /addresses : 200 (14ms)
[2025-12-03T04:56:23.412Z] GET /address : 200 (14ms)
[2025-12-03T04:56:30.522Z] GET /address : 302 (11ms)
[2025-12-03T04:56:30.527Z] GET /login : 200 (1ms)
[2025-12-03T04:57:09.395Z] GET /address : 302 (14ms)
[2025-12-03T04:57:09.403Z] GET /login : 200 (7ms)
[2025-12-03T04:59:23.991Z] GET /address : 302 (12ms)
[2025-12-03T04:59:23.997Z] GET /login : 200 (5ms)
[2025-12-03T04:59:24.948Z] GET /auth/google : 302 (1ms)
[2025-12-03T04:59:25.663Z] GET /auth/google/callback?code=4%2F0Ab32j92Fh-AHoDdWYfZOCk9_miPae5clT395o61KEKHZJ_TgXPy8g11RXh5S2LsQdiLKcw&scope=email+profile+https%3A%2F%2Fwww.googleapis.com%2Fauth%2Fuserinfo.profile+openid+https%3A%2F%2Fwww.googleapis.com%2Fauth%2Fuserinfo.email&authuser=0&prompt=none : 302 (433ms)
[2025-12-03T04:59:25.701Z] GET / : 200 (33ms)
[2025-12-03T04:59:27.197Z] GET /profile : 200 (16ms)
[2025-12-03T04:59:28.222Z] GET /addresses : 200 (18ms)
[2025-12-03T04:59:29.535Z] GET /address : 302 (8ms)
[2025-12-03T04:59:29.554Z] GET /pageNotFound : 200 (14ms)
[2025-12-03T04:59:38.656Z] GET /addresses : 302 (9ms)
[2025-12-03T04:59:38.665Z] GET /login : 200 (7ms)
[2025-12-03T04:59:39.643Z] GET /auth/google : 302 (1ms)
[2025-12-03T04:59:40.289Z] GET /auth/google/callback?code=4%2F0Ab32j92rq6R7N97va4lneVHL9sNQh3dE2EL3plF3w-4F4LJjO_NDIFYdXEMIUzj5g6ACDA&scope=email+profile+https%3A%2F%2Fwww.googleapis.com%2Fauth%2Fuserinfo.profile+https%3A%2F%2Fwww.googleapis.com%2Fauth%2Fuserinfo.email+openid&authuser=0&prompt=none : 302 (374ms)
[2025-12-03T04:59:40.323Z] GET / : 200 (26ms)
[2025-12-03T04:59:41.856Z] GET /profile : 200 (18ms)
[2025-12-03T04:59:43.241Z] GET /addresses : 200 (19ms)
[2025-12-03T04:59:46.244Z] GET /address : 200 (13ms)
[2025-12-03T05:01:18.493Z] GET /address : 302 (11ms)
[2025-12-03T05:01:18.501Z] GET /login : 200 (4ms)
[2025-12-03T05:01:19.576Z] GET /auth/google : 302 (2ms)
[2025-12-03T05:01:20.279Z] GET /auth/google/callback?code=4%2F0Ab32j91qQL9nKQ_LhWJekBS3hWnvbhSU23pAI59BJdJe8OTJ0jnDLkcjrVR4NSHxA8gQkQ&scope=email+profile+https%3A%2F%2Fwww.googleapis.com%2Fauth%2Fuserinfo.email+https%3A%2F%2Fwww.googleapis.com%2Fauth%2Fuserinfo.profile+openid&authuser=0&prompt=none : 302 (424ms)
[2025-12-03T05:01:20.322Z] GET / : 200 (38ms)
[2025-12-03T05:01:21.984Z] GET /logout : 302 (2ms)
[2025-12-03T05:01:22.009Z] GET / : 200 (21ms)
[2025-12-03T05:01:24.025Z] GET /login : 200 (3ms)
[2025-12-03T05:01:24.859Z] GET /auth/google : 302 (2ms)
[2025-12-03T05:01:25.398Z] GET /auth/google/callback?code=4%2F0Ab32j935j_r4Ua1cTpawy9y8U_xZixgXP1ogUFXovVmnOQOw4q7EHnwWMlLN1W8ip-PiEg&scope=email+profile+https%3A%2F%2Fwww.googleapis.com%2Fauth%2Fuserinfo.email+https%3A%2F%2Fwww.googleapis.com%2Fauth%2Fuserinfo.profile+openid&authuser=0&prompt=none : 302 (271ms)
[2025-12-03T05:01:25.426Z] GET / : 200 (20ms)
[2025-12-03T05:01:27.711Z] GET /profile : 200 (16ms)
[2025-12-03T05:01:28.886Z] GET /addresses : 200 (23ms)
[2025-12-03T05:01:30.224Z] GET /address : 200 (12ms)
[2025-12-03T05:02:02.597Z] GET /address : 302 (5ms)
[2025-12-03T05:02:02.608Z] GET /login : 200 (5ms)
[2025-12-03T05:02:03.330Z] GET /login : 200 (3ms)
[2025-12-03T05:02:03.881Z] GET /auth/google : 302 (3ms)
[2025-12-03T05:02:04.549Z] GET /auth/google/callback?code=4%2F0Ab32j920olDtPNtmz9m8ZtFNsDhMzZv0EtGngEF-I9tFDmMJBN1fncXVJzR7iJ5j-sTGwA&scope=email+profile+https%3A%2F%2Fwww.googleapis.com%2Fauth%2Fuserinfo.profile+https%3A%2F%2Fwww.googleapis.com%2Fauth%2Fuserinfo.email+openid&authuser=0&prompt=none : 302 (384ms)
[2025-12-03T05:02:04.582Z] GET / : 200 (27ms)
[2025-12-03T05:02:06.418Z] GET /profile : 200 (14ms)
[2025-12-03T05:02:07.494Z] GET /addresses : 200 (31ms)
[2025-12-03T05:02:08.804Z] GET /address : 200 (11ms)
[2025-12-03T05:02:27.563Z] GET /address : 302 (1ms)
[2025-12-03T05:02:27.568Z] GET /login : 200 (2ms)
[2025-12-03T06:52:44.058Z] GET /address : 302 (20ms)
[2025-12-03T06:52:44.071Z] GET /login : 200 (10ms)
[2025-12-03T06:52:45.523Z] GET /auth/google : 302 (3ms)
[2025-12-03T06:52:46.226Z] GET /auth/google/callback?code=4%2F0Ab32j90yg2LHnq3g6yb2Ci0MhcrqFB1tu3j6-a6MQPy27LhpFTsuu52e9nDGdpWPO_FYJA&scope=email+profile+https%3A%2F%2Fwww.googleapis.com%2Fauth%2Fuserinfo.email+https%3A%2F%2Fwww.googleapis.com%2Fauth%2Fuserinfo.profile+openid&authuser=0&prompt=none : 302 (447ms)
[2025-12-03T06:52:46.279Z] GET / : 200 (42ms)
[2025-12-03T06:55:28.994Z] GET /profile : 302 (10ms)
[2025-12-03T06:55:29.004Z] GET /login : 200 (8ms)
[2025-12-03T06:55:32.456Z] GET /auth/google : 302 (1ms)
[2025-12-03T06:55:33.198Z] GET /auth/google/callback?code=4%2F0Ab32j90FgV63gzZJMHUft92lFuR2icOOtwMgcd4G0rsA4Uc_x6K0Y_710HFo2x56VJQ_fg&scope=email+profile+https%3A%2F%2Fwww.googleapis.com%2Fauth%2Fuserinfo.email+https%3A%2F%2Fwww.googleapis.com%2Fauth%2Fuserinfo.profile+openid&authuser=0&prompt=none : 302 (423ms)
[2025-12-03T06:55:33.228Z] GET / : 200 (23ms)
[2025-12-03T06:55:35.217Z] GET /profile : 200 (17ms)
[2025-12-03T06:55:36.734Z] GET /addresses : 200 (13ms)
[2025-12-03T06:55:41.003Z] GET /address : 200 (8ms)
[2025-12-03T07:31:30.168Z] GET /address : 302 (11ms)
[2025-12-03T07:31:30.177Z] GET /login : 200 (6ms)
[2025-12-03T07:31:31.242Z] GET /auth/google : 302 (2ms)
[2025-12-03T07:31:31.929Z] GET /auth/google/callback?code=4%2F0Ab32j91Dx0IN_g2VJ5D8v2o1I6uEd9e4QPHz9XHJpCUtsK4IEVH5WAEP98-tkEbxb7b2qA&scope=email+profile+https%3A%2F%2Fwww.googleapis.com%2Fauth%2Fuserinfo.email+https%3A%2F%2Fwww.googleapis.com%2Fauth%2Fuserinfo.profile+openid&authuser=0&prompt=none : 302 (418ms)
[2025-12-03T07:31:31.974Z] GET / : 200 (37ms)
[2025-12-03T07:31:33.574Z] GET /profile : 200 (15ms)
[2025-12-03T07:31:34.559Z] GET /addresses : 200 (15ms)
[2025-12-03T07:31:35.445Z] GET /address : 200 (11ms)
[2025-12-03T07:31:50.652Z] POST /address : 500 (3ms)
[2025-12-03T07:32:05.213Z] GET /address : 302 (11ms)
[2025-12-03T07:32:05.222Z] GET /login : 200 (7ms)
[2025-12-03T07:32:05.455Z] GET /login : 200 (2ms)
[2025-12-03T07:32:06.039Z] GET /auth/google : 302 (1ms)
[2025-12-03T07:32:07.003Z] GET /auth/google/callback?code=4%2F0Ab32j90cRbS8m0Fj5DWluHj7_dQILxLvMsjC_6aqlyjL_GKD0WLRTDzOU4FKYzvPxkFx9g&scope=email+profile+https%3A%2F%2Fwww.googleapis.com%2Fauth%2Fuserinfo.profile+https%3A%2F%2Fwww.googleapis.com%2Fauth%2Fuserinfo.email+openid&authuser=0&prompt=none : 302 (706ms)
[2025-12-03T07:32:07.036Z] GET / : 200 (28ms)
[2025-12-03T07:32:08.993Z] GET /profile : 200 (15ms)
[2025-12-03T07:32:10.001Z] GET /addresses : 200 (16ms)
[2025-12-03T07:32:10.889Z] GET /address : 200 (12ms)
[2025-12-03T07:32:18.022Z] POST /address : 200 (18ms)
[2025-12-03T07:32:26.286Z] POST /address : 200 (19ms)
[2025-12-03T07:33:04.067Z] GET /addresses : 200 (17ms)
[2025-12-03T07:33:15.720Z] GET /addresses : 302 (9ms)
[2025-12-03T07:33:15.728Z] GET /login : 200 (6ms)
[2025-12-03T07:33:16.777Z] GET /auth/google : 302 (1ms)
[2025-12-03T07:33:17.422Z] GET /auth/google/callback?code=4%2F0Ab32j93xeNy09ySziqu3vd6BOCH0lGObIOUnvekOVFSWc1ewVo91IKqFyveAtabUk2VMBw&scope=email+profile+https%3A%2F%2Fwww.googleapis.com%2Fauth%2Fuserinfo.email+https%3A%2F%2Fwww.googleapis.com%2Fauth%2Fuserinfo.profile+openid&authuser=0&prompt=none : 302 (385ms)
[2025-12-03T07:33:17.446Z] GET / : 200 (19ms)
[2025-12-03T07:33:19.488Z] GET /profile : 200 (15ms)
[2025-12-03T07:33:20.298Z] GET /addresses : 200 (19ms)
[2025-12-03T07:33:21.485Z] GET /address : 200 (11ms)
[2025-12-03T07:33:28.829Z] POST /address : 200 (19ms)
[2025-12-03T07:33:30.073Z] GET /addresses : 200 (13ms)
[2025-12-03T07:36:00.955Z] GET /addresses : 302 (11ms)
[2025-12-03T07:36:00.966Z] GET /login : 200 (9ms)
[2025-12-03T07:36:01.718Z] GET /auth/google : 302 (2ms)
[2025-12-03T07:36:02.567Z] GET /auth/google/callback?code=4%2F0Ab32j90M9AW32zt8ibjnHOMcpGAjS41LLrJgM0rVufoi_w4s1zmgd14RojXt4em9laicHA&scope=email+profile+https%3A%2F%2Fwww.googleapis.com%2Fauth%2Fuserinfo.email+https%3A%2F%2Fwww.googleapis.com%2Fauth%2Fuserinfo.profile+openid&authuser=0&prompt=none : 302 (492ms)
[2025-12-03T07:36:02.602Z] GET / : 200 (27ms)
[2025-12-03T07:36:05.065Z] GET /profile : 200 (20ms)
[2025-12-03T07:36:05.908Z] GET /addresses : 200 (16ms)
[2025-12-03T07:36:08.153Z] GET /.well-known/appspecific/com.chrome.devtools.json : 404 (3ms)
[2025-12-03T07:36:14.561Z] POST /address : 400 (2ms)
[2025-12-03T07:39:20.346Z] GET / : 200 (71ms)
[2025-12-03T07:39:24.662Z] GET / : 200 (19ms)
[2025-12-03T07:39:26.609Z] GET /login : 200 (3ms)
[2025-12-03T07:39:28.533Z] GET /auth/google : 302 (2ms)
[2025-12-03T07:39:29.464Z] GET /auth/google/callback?code=4%2F0Ab32j93gJFis4I6RMwxmeeEMZA-KrP2y4hRiwRpv_HUYNtlD5IZS-p9Kc1hMmwHsEcObYw&scope=email+profile+https%3A%2F%2Fwww.googleapis.com%2Fauth%2Fuserinfo.profile+openid+https%3A%2F%2Fwww.googleapis.com%2Fauth%2Fuserinfo.email&authuser=0&prompt=none : 302 (595ms)
[2025-12-03T07:39:29.490Z] GET / : 200 (17ms)
[2025-12-03T07:39:31.326Z] GET /profile : 200 (16ms)
[2025-12-03T07:39:32.648Z] GET /addresses : 200 (22ms)
[2025-12-03T07:39:35.082Z] DELETE /deleteAddress/692fe78a97ea3d96a8de893e : 200 (18ms)
[2025-12-03T07:39:36.012Z] GET /addresses : 200 (14ms)
[2025-12-03T07:39:37.537Z] DELETE /deleteAddress/692fe7c8eeb30bc01b8b5a48 : 200 (3ms)
[2025-12-03T07:39:38.315Z] GET /addresses : 200 (12ms)
[2025-12-03T07:39:40.001Z] DELETE /deleteAddress/692fe78297ea3d96a8de8938 : 200 (3ms)
[2025-12-03T07:39:40.856Z] GET /addresses : 200 (13ms)
[2025-12-03T07:39:41.628Z] GET /address : 200 (9ms)
[2025-12-03T07:39:57.620Z] POST /address : 200 (23ms)
[2025-12-03T07:39:58.849Z] GET /addresses : 200 (13ms)
[2025-12-03T07:40:39.176Z] GET /editAddress/692fe94d26ec2ba01ed47728 : 200 (47ms)
[2025-12-03T07:43:45.624Z] GET /editAddress/692fe94d26ec2ba01ed47728 : 302 (11ms)
[2025-12-03T07:43:45.632Z] GET /login : 200 (5ms)
[2025-12-03T07:43:46.794Z] GET /auth/google : 302 (2ms)
[2025-12-03T07:43:47.494Z] GET /auth/google/callback?code=4%2F0Ab32j93oxMhll5CtFioH8VaDIZ_Qq5By0W5QYfbXbVXTVCItyfrDU9gp_eUmaMizcTTMTQ&scope=email+profile+openid+https%3A%2F%2Fwww.googleapis.com%2Fauth%2Fuserinfo.email+https%3A%2F%2Fwww.googleapis.com%2Fauth%2Fuserinfo.profile&authuser=0&prompt=none : 302 (400ms)
[2025-12-03T07:43:47.558Z] GET / : 200 (52ms)
[2025-12-03T07:43:49.133Z] GET /profile : 200 (18ms)
[2025-12-03T07:43:50.290Z] GET /addresses : 200 (18ms)
[2025-12-03T07:43:51.337Z] GET /editAddress/692fe94d26ec2ba01ed47728 : 500 (19ms)
[2025-12-03T07:44:24.395Z] GET /editAddress/692fe94d26ec2ba01ed47728 : 302 (11ms)
[2025-12-03T07:44:24.407Z] GET /login : 200 (4ms)
[2025-12-03T07:44:25.541Z] GET /auth/google : 302 (2ms)
[2025-12-03T07:44:26.228Z] GET /auth/google/callback?code=4%2F0Ab32j90FjLP9g1cnZvZk4jmcoC1FCf0wd0RbC7krs31qGTaGbGag_wMQrfMedOEqGLStOA&scope=email+profile+https%3A%2F%2Fwww.googleapis.com%2Fauth%2Fuserinfo.email+https%3A%2F%2Fwww.googleapis.com%2Fauth%2Fuserinfo.profile+openid&authuser=0&prompt=none : 302 (439ms)
[2025-12-03T07:44:26.297Z] GET / : 200 (56ms)
[2025-12-03T07:44:28.122Z] GET /profile : 200 (19ms)
[2025-12-03T07:44:28.967Z] GET /addresses : 200 (22ms)
[2025-12-03T07:44:30.135Z] GET /editAddress/692fe94d26ec2ba01ed47728 : 500 (21ms)
[2025-12-03T07:45:50.316Z] GET /editAddress/692fe94d26ec2ba01ed47728 : 302 (14ms)
[2025-12-03T07:45:50.324Z] GET /login : 200 (6ms)
[2025-12-03T07:45:53.244Z] GET /auth/google : 302 (2ms)
[2025-12-03T07:45:54.278Z] GET /auth/google/callback?code=4%2F0Ab32j92sHG-TIsh_OQfyUE2icHdJcx937mAC7kiHEYk9PDMc9UpU0h-WTRVjFIGc_ye00Q&scope=email+profile+openid+https%3A%2F%2Fwww.googleapis.com%2Fauth%2Fuserinfo.email+https%3A%2F%2Fwww.googleapis.com%2Fauth%2Fuserinfo.profile&authuser=0&prompt=none : 302 (779ms)
[2025-12-03T07:45:54.336Z] GET / : 200 (48ms)
[2025-12-03T07:45:57.615Z] GET /profile : 200 (17ms)
[2025-12-03T07:45:58.500Z] GET /addresses : 200 (41ms)
[2025-12-03T07:45:59.753Z] GET /editAddress/692fe94d26ec2ba01ed47728 : 302 (9ms)
[2025-12-03T07:45:59.769Z] GET /pageNotFound : 200 (12ms)
[2025-12-03T07:46:35.532Z] GET /addresses : 200 (15ms)
[2025-12-03T07:46:36.232Z] GET /addresses : 200 (11ms)
[2025-12-03T07:46:37.089Z] GET /editAddress/692fe94d26ec2ba01ed47728 : 302 (8ms)
[2025-12-03T07:46:37.101Z] GET /pageNotFound : 200 (7ms)
[2025-12-03T07:47:49.587Z] GET /pageNotFound : 200 (33ms)
[2025-12-03T07:47:50.661Z] GET /addresses : 302 (3ms)
[2025-12-03T07:47:50.666Z] GET /login : 200 (2ms)
[2025-12-03T07:47:51.735Z] GET /auth/google : 302 (1ms)
[2025-12-03T07:47:52.562Z] GET /auth/google/callback?code=4%2F0Ab32j92HdBPLzXO1Bmk_VbWnOD4LL2OSZ4UINI5fV0Ov7bTir7TNHmElqCRlZyfB8X0DBw&scope=email+profile+https%3A%2F%2Fwww.googleapis.com%2Fauth%2Fuserinfo.profile+https%3A%2F%2Fwww.googleapis.com%2Fauth%2Fuserinfo.email+openid&authuser=0&prompt=none : 302 (369ms)
[2025-12-03T07:47:52.607Z] GET / : 200 (36ms)
[2025-12-03T07:47:54.082Z] GET /profile : 200 (16ms)
[2025-12-03T07:47:55.109Z] GET /addresses : 200 (19ms)
[2025-12-03T07:47:56.126Z] GET /editAddress/692fe94d26ec2ba01ed47728 : 500 (19ms)
[2025-12-03T07:49:40.714Z] GET /editAddress/692fe94d26ec2ba01ed47728 : 302 (8ms)
[2025-12-03T07:49:40.721Z] GET /login : 200 (5ms)
[2025-12-03T07:49:41.647Z] GET /auth/google : 302 (1ms)
[2025-12-03T07:49:42.299Z] GET /auth/google/callback?code=4%2F0Ab32j92uckmbOKM9dhEXWeHQlDSa3YKQpt5_gj8hMQoDUCbLkzZvYnZ-bzBdNIMT0MHVUw&scope=email+profile+openid+https%3A%2F%2Fwww.googleapis.com%2Fauth%2Fuserinfo.profile+https%3A%2F%2Fwww.googleapis.com%2Fauth%2Fuserinfo.email&authuser=0&prompt=none : 302 (402ms)
[2025-12-03T07:49:42.330Z] GET / : 200 (24ms)
[2025-12-03T07:49:43.787Z] GET /profile : 200 (18ms)
[2025-12-03T07:49:44.617Z] GET /addresses : 200 (15ms)
[2025-12-03T07:49:45.617Z] GET /editAddress/692fe94d26ec2ba01ed47728 : 200 (12ms)
[2025-12-03T07:50:47.745Z] GET /editAddress/692fe94d26ec2ba01ed47728 : 302 (9ms)
[2025-12-03T07:50:47.753Z] GET /login : 200 (7ms)
[2025-12-03T07:50:48.690Z] GET /auth/google : 302 (2ms)
[2025-12-03T07:50:49.339Z] GET /auth/google/callback?code=4%2F0Ab32j9358duaaOjAPLx5cuZwjcBSkN50yZ8HhBWhBT-P_-js2PU804HXRVsYDG88llCu-Q&scope=email+profile+https%3A%2F%2Fwww.googleapis.com%2Fauth%2Fuserinfo.email+openid+https%3A%2F%2Fwww.googleapis.com%2Fauth%2Fuserinfo.profile&authuser=0&prompt=none : 302 (381ms)
[2025-12-03T07:50:49.369Z] GET / : 200 (23ms)
[2025-12-03T07:50:50.777Z] GET /profile : 200 (16ms)
[2025-12-03T07:50:51.771Z] GET /addresses : 200 (20ms)
[2025-12-03T07:50:53.680Z] GET /editAddress/692fe94d26ec2ba01ed47728 : 200 (20ms)
[2025-12-03T07:51:27.792Z] GET /editAddress/692fe94d26ec2ba01ed47728 : 302 (8ms)
[2025-12-03T07:51:27.801Z] GET /login : 200 (7ms)
[2025-12-03T07:51:28.801Z] GET /auth/google : 302 (1ms)
[2025-12-03T07:51:29.421Z] GET /auth/google/callback?code=4%2F0Ab32j93VYg6CZhGkULBGtrt5sSHdfiwF5B4DObcSIBgeAfFVrtK8LEM5QXXwbHKJEj09FA&scope=email+profile+https%3A%2F%2Fwww.googleapis.com%2Fauth%2Fuserinfo.email+https%3A%2F%2Fwww.googleapis.com%2Fauth%2Fuserinfo.profile+openid&authuser=0&prompt=none : 302 (396ms)
[2025-12-03T07:51:29.452Z] GET / : 200 (25ms)
[2025-12-03T07:51:31.509Z] GET /profile : 200 (17ms)
[2025-12-03T07:51:32.432Z] GET /addresses : 200 (15ms)
[2025-12-03T07:51:44.675Z] GET /addresses : 200 (25ms)
[2025-12-03T07:51:45.424Z] GET /addresses : 200 (16ms)
[2025-12-03T07:52:57.165Z] GET /addresses : 302 (16ms)
[2025-12-03T07:52:57.174Z] GET /login : 200 (7ms)
[2025-12-03T07:52:58.390Z] GET /auth/google : 302 (2ms)
[2025-12-03T07:52:59.101Z] GET /auth/google/callback?code=4%2F0Ab32j90ZE0oKXvY4ib6irIpaEuMj9tD_9gSjRdunQOa3jdT3Tq7VAyG35K6p-1f8RgmvqA&scope=email+profile+https%3A%2F%2Fwww.googleapis.com%2Fauth%2Fuserinfo.profile+openid+https%3A%2F%2Fwww.googleapis.com%2Fauth%2Fuserinfo.email&authuser=0&prompt=none : 302 (465ms)
[2025-12-03T07:52:59.176Z] GET / : 200 (69ms)
[2025-12-03T07:53:00.856Z] GET /profile : 200 (15ms)
[2025-12-03T07:53:01.914Z] GET /addresses : 200 (14ms)
[2025-12-03T07:53:02.937Z] GET /address : 200 (12ms)
[2025-12-03T07:53:12.386Z] POST /address : 200 (23ms)
[2025-12-03T07:53:13.573Z] GET /addresses : 200 (13ms)
[2025-12-03T07:53:14.533Z] GET /editAddress/692fec68938582cae2979f67 : 200 (11ms)
[2025-12-03T07:53:31.776Z] GET /addresses : 200 (12ms)
[2025-12-03T07:53:34.591Z] DELETE /deleteAddress/692fec68938582cae2979f67 : 200 (15ms)
[2025-12-03T07:53:35.772Z] GET /addresses : 200 (14ms)
[2025-12-03T07:53:39.736Z] GET /editAddress/692fec68938582cae2979f67 : 302 (8ms)
[2025-12-03T07:53:39.752Z] GET /addresses : 200 (12ms)
[2025-12-03T07:53:50.291Z] GET /editAddress/692fec68938582cae2979f67 : 302 (2ms)
[2025-12-03T07:53:50.302Z] GET /login : 200 (8ms)
[2025-12-03T08:25:06.563Z] GET /address : 302 (19ms)
[2025-12-03T08:25:06.587Z] GET /login : 200 (14ms)
[2025-12-03T08:25:07.854Z] GET /auth/google : 302 (3ms)
[2025-12-03T08:25:08.616Z] GET /auth/google/callback?code=4%2F0Ab32j92w9sD30hSArOetBVYNhRvSrBcKugwaGenHQvAlW5gyvkLn2Gb47ts6r4ZvgJ2R1A&scope=email+profile+https%3A%2F%2Fwww.googleapis.com%2Fauth%2Fuserinfo.email+https%3A%2F%2Fwww.googleapis.com%2Fauth%2Fuserinfo.profile+openid&authuser=0&prompt=none : 302 (468ms)
[2025-12-03T08:25:08.692Z] GET / : 200 (66ms)
[2025-12-03T08:25:12.381Z] GET /profile : 200 (18ms)
[2025-12-03T08:25:14.086Z] GET /addresses : 200 (25ms)
[2025-12-03T08:25:34.055Z] GET /address : 200 (14ms)
[2025-12-03T08:25:46.858Z] POST /address : 200 (61ms)
[2025-12-03T08:25:50.731Z] GET /addresses : 200 (15ms)
[2025-12-03T08:26:06.654Z] GET /editAddress/692ff40a9724c790b8528c47 : 200 (13ms)
[2025-12-03T08:26:08.630Z] PUT /editAddress/692ff40a9724c790b8528c47 : 200 (16ms)
[2025-12-03T08:26:11.391Z] GET /addresses : 200 (12ms)
[2025-12-03T08:26:12.808Z] GET /editAddress/692ff40a9724c790b8528c47 : 200 (13ms)
[2025-12-03T08:28:16.333Z] GET /editAddress/692ff40a9724c790b8528c47 : 200 (16ms)
[2025-12-03T08:30:19.645Z] PUT /editAddress/692ff40a9724c790b8528c47 : 200 (11ms)
[2025-12-03T08:30:20.992Z] GET /addresses : 200 (14ms)
[2025-12-03T08:47:08.222Z] GET /addresses : 302 (14ms)
[2025-12-03T08:47:08.235Z] GET /login : 200 (6ms)
[2025-12-03T08:47:09.186Z] GET /auth/google : 302 (2ms)
[2025-12-03T08:47:09.974Z] GET /auth/google/callback?code=4%2F0Ab32j90IAbwxRCZ4jaozlIlIn0puLoJVtTuCfT_uy2lsKL-Ghdn7IndBr9AZOiJ6aey_cQ&scope=email+profile+https%3A%2F%2Fwww.googleapis.com%2Fauth%2Fuserinfo.profile+https%3A%2F%2Fwww.googleapis.com%2Fauth%2Fuserinfo.email+openid&authuser=0&prompt=none : 302 (444ms)
[2025-12-03T08:47:10.019Z] GET / : 200 (37ms)
[2025-12-03T08:47:13.322Z] GET /profile : 200 (18ms)
[2025-12-03T08:47:17.475Z] GET /addresses : 200 (18ms)
[2025-12-03T08:47:18.863Z] GET /editAddress/692ff40a9724c790b8528c47 : 200 (14ms)
[2025-12-03T08:47:24.426Z] PUT /editAddress/692ff40a9724c790b8528c47 : 200 (13ms)
[2025-12-03T08:47:25.491Z] GET /addresses : 200 (12ms)
[2025-12-03T08:47:28.683Z] GET /editAddress/692ff40a9724c790b8528c47 : 200 (12ms)
[2025-12-03T08:47:34.786Z] PUT /editAddress/692ff40a9724c790b8528c47 : 200 (7ms)
[2025-12-03T08:47:35.941Z] GET /addresses : 200 (10ms)
[2025-12-03T08:50:02.634Z] GET /.well-known/appspecific/com.chrome.devtools.json : 404 (3ms)
[2025-12-03T08:50:06.916Z] GET /addresses : 200 (14ms)
[2025-12-03T08:50:06.947Z] GET /.well-known/appspecific/com.chrome.devtools.json : 404 (7ms)
[2025-12-03T08:50:14.314Z] PUT /editAddress/%3CADDRESS_ID_HERE%3E : 400 (2ms)
[2025-12-03T08:50:26.353Z] PUT /editAddress/%3CADDRESS_ID_HERE%3E : 400 (4ms)
[2025-12-03T09:00:09.230Z] GET /addresses : 302 (14ms)
[2025-12-03T09:00:09.240Z] GET /login : 200 (6ms)
[2025-12-03T09:00:09.474Z] GET /login : 200 (2ms)
[2025-12-03T09:00:10.273Z] GET /auth/google : 302 (1ms)
[2025-12-03T09:00:10.940Z] GET /auth/google/callback?code=4%2F0Ab32j93MtKb8fvlSwC3sK3hiZ6bLeAq-TdRgS060ag2KitYcnSiDBgZ85zEGoIKHT3P34Q&scope=email+profile+openid+https%3A%2F%2Fwww.googleapis.com%2Fauth%2Fuserinfo.email+https%3A%2F%2Fwww.googleapis.com%2Fauth%2Fuserinfo.profile&authuser=0&prompt=none : 302 (405ms)
[2025-12-03T09:00:10.992Z] GET / : 200 (43ms)
[2025-12-03T09:00:12.631Z] GET /profile : 200 (16ms)
[2025-12-03T09:00:13.867Z] GET /addresses : 200 (19ms)
[2025-12-03T09:01:00.103Z] GET /addresses : 200 (20ms)
[2025-12-03T09:01:03.523Z] DELETE /deleteAddress/692ff40a9724c790b8528c47 : 200 (12ms)
[2025-12-03T09:01:04.514Z] GET /addresses : 200 (12ms)
[2025-12-03T09:01:08.600Z] GET /.well-known/appspecific/com.chrome.devtools.json : 404 (4ms)
[2025-12-03T09:01:19.598Z] DELETE /deleteAddress/adfadfadsf : 500 (5ms)
[2025-12-03T09:03:25.873Z] DELETE /deleteAddress/692fc44c57f6d6624be89ea8 : 404 (3ms)
[2025-12-03T09:05:49.303Z] GET /addresses : 200 (25ms)
[2025-12-03T09:07:17.656Z] GET /addresses : 302 (13ms)
[2025-12-03T09:07:17.664Z] GET /login : 200 (6ms)
[2025-12-03T09:07:18.199Z] GET /login : 200 (2ms)
[2025-12-03T09:07:27.985Z] GET /auth/google : 302 (2ms)
[2025-12-03T09:07:28.688Z] GET /auth/google/callback?code=4%2F0Ab32j922764Tv6pTwpbaEcEJSy441lCsdWJO5v21IKZMwvD-HTQ9whhGushJmPvG16y3RA&scope=email+profile+https%3A%2F%2Fwww.googleapis.com%2Fauth%2Fuserinfo.email+https%3A%2F%2Fwww.googleapis.com%2Fauth%2Fuserinfo.profile+openid&authuser=0&prompt=none : 302 (413ms)
[2025-12-03T09:07:28.729Z] GET / : 200 (34ms)
[2025-12-03T09:07:30.317Z] GET /profile : 200 (15ms)
[2025-12-03T09:07:32.482Z] GET /addresses : 200 (17ms)
[2025-12-03T09:07:35.111Z] GET /address : 200 (13ms)
[2025-12-03T09:07:44.222Z] POST /address : 200 (31ms)
[2025-12-03T09:07:45.299Z] GET /addresses : 200 (12ms)
[2025-12-03T09:07:53.651Z] DELETE /deleteAddress/692ffde00664dc81ae4e69e5 : 200 (9ms)
[2025-12-03T09:07:54.606Z] GET /addresses : 200 (14ms)
[2025-12-03T09:17:06.183Z] GET /shop : 200 (162ms)
[2025-12-03T09:17:09.583Z] POST /cart/add : 401 (3ms)
[2025-12-03T09:18:14.537Z] GET /login : 200 (12ms)
[2025-12-03T09:18:17.087Z] GET /shop : 200 (82ms)
[2025-12-03T09:18:19.005Z] POST /cart/add : 302 (3ms)
[2025-12-03T09:18:19.010Z] GET /login : 200 (1ms)
[2025-12-03T09:19:00.208Z] GET /shop : 200 (59ms)
[2025-12-03T09:19:00.541Z] GET /shop : 200 (39ms)
[2025-12-03T09:19:01.317Z] POST /cart/add : 302 (2ms)
[2025-12-03T09:19:01.320Z] GET /login : 200 (2ms)
[2025-12-03T09:19:11.423Z] POST /cart/add : 302 (7ms)
[2025-12-03T09:19:11.431Z] GET /login : 200 (6ms)
[2025-12-03T09:20:33.773Z] POST /cart/add : 302 (2ms)
[2025-12-03T09:20:33.783Z] GET /login : 200 (7ms)
[2025-12-03T09:20:54.401Z] GET /shop : 200 (66ms)
[2025-12-03T09:20:55.101Z] POST /cart/add : 302 (3ms)
[2025-12-03T09:20:55.103Z] GET /login : 200 (1ms)
[2025-12-03T09:20:57.149Z] GET /shop : 200 (47ms)
[2025-12-03T09:20:57.709Z] POST /cart/add : 302 (1ms)
[2025-12-03T09:20:57.713Z] GET /login : 200 (2ms)
[2025-12-03T09:21:07.318Z] POST /cart/add : 401 (7ms)
[2025-12-03T09:21:08.671Z] GET /login : 200 (10ms)
[2025-12-03T09:21:10.039Z] GET /shop : 200 (77ms)
[2025-12-03T09:21:49.501Z] POST /cart/add : 401 (1ms)
[2025-12-03T09:21:50.902Z] GET /login : 200 (5ms)
[2025-12-03T09:21:58.340Z] GET /shop : 200 (40ms)
[2025-12-03T09:21:59.461Z] POST /cart/add : 401 (1ms)
[2025-12-03T09:24:17.047Z] GET / : 200 (29ms)
[2025-12-03T13:17:17.149Z] GET / : 200 (48ms)
[2025-12-03T13:17:18.492Z] GET /login : 200 (2ms)
[2025-12-03T13:17:19.639Z] GET /auth/google : 302 (2ms)
[2025-12-03T13:17:20.469Z] GET /auth/google/callback?code=4%2F0Ab32j92IiWg-jYqI8ZjJulNyo0PH2aYxPJH8pjw5okvzeJc77xbtdBbWJLischbVnUPC6A&scope=email+profile+https%3A%2F%2Fwww.googleapis.com%2Fauth%2Fuserinfo.email+openid+https%3A%2F%2Fwww.googleapis.com%2Fauth%2Fuserinfo.profile&authuser=0&prompt=none : 302 (391ms)
[2025-12-03T13:17:20.497Z] GET / : 200 (19ms)
[2025-12-03T13:17:21.776Z] GET /shop : 200 (81ms)
[2025-12-03T13:17:26.134Z] POST /cart/add : 200 (40ms)
[2025-12-03T13:17:27.204Z] GET /shop : 200 (42ms)
[2025-12-03T13:28:15.296Z] GET /shop : 200 (82ms)
[2025-12-03T13:28:16.828Z] GET /login : 200 (2ms)
[2025-12-03T13:28:18.547Z] GET /auth/google : 302 (1ms)
[2025-12-03T13:28:19.231Z] GET /auth/google/callback?code=4%2F0Ab32j93Jq0u6Z5V32QbsxvCIVYvaqFsSnwBUrIynjlO0RBqQgBP_ugyEJbhkYU3BzKXatg&scope=email+profile+openid+https%3A%2F%2Fwww.googleapis.com%2Fauth%2Fuserinfo.profile+https%3A%2F%2Fwww.googleapis.com%2Fauth%2Fuserinfo.email&authuser=0&prompt=none : 302 (398ms)
[2025-12-03T13:28:19.257Z] GET / : 200 (19ms)
[2025-12-03T13:28:22.969Z] GET /shop : 200 (46ms)
[2025-12-03T13:28:26.401Z] GET /.well-known/appspecific/com.chrome.devtools.json : 404 (2ms)
[2025-12-03T13:28:38.551Z] POST /cart/add : 200 (28ms)
[2025-12-03T13:28:40.071Z] GET /shop : 200 (37ms)
[2025-12-03T13:28:40.099Z] GET /.well-known/appspecific/com.chrome.devtools.json : 404 (2ms)
[2025-12-03T13:28:54.920Z] POST /cart/add : 200 (7ms)
[2025-12-03T13:29:03.095Z] GET /shop : 200 (50ms)
[2025-12-03T13:29:03.833Z] GET /shop : 200 (45ms)
[2025-12-03T13:29:04.251Z] GET /shop : 200 (34ms)
[2025-12-03T13:29:05.126Z] GET /cart : 200 (27ms)
[2025-12-03T13:29:05.924Z] GET /cart : 200 (16ms)
[2025-12-03T13:29:06.445Z] GET /cart : 200 (22ms)
[2025-12-03T13:29:06.971Z] GET /cart : 200 (17ms)
[2025-12-03T13:29:07.439Z] GET /cart : 200 (17ms)
[2025-12-03T13:29:08.128Z] GET /cart : 200 (23ms)
[2025-12-03T13:29:12.292Z] POST /cart/add : 200 (5ms)
[2025-12-03T13:29:14.412Z] GET /cart : 200 (20ms)
[2025-12-03T13:29:14.781Z] GET /cart : 200 (16ms)
[2025-12-03T13:29:15.069Z] GET /cart : 200 (22ms)
[2025-12-03T13:29:15.361Z] GET /cart : 200 (14ms)
[2025-12-03T13:29:15.596Z] GET /cart : 200 (18ms)
[2025-12-03T13:29:15.827Z] GET /cart : 200 (17ms)
[2025-12-03T13:29:17.387Z] GET /cart : 200 (17ms)
[2025-12-03T13:29:18.292Z] GET /shop : 200 (50ms)
[2025-12-03T13:29:21.204Z] GET /cart : 200 (19ms)
[2025-12-03T13:29:25.440Z] POST /cart/add : 400 (3ms)
[2025-12-03T13:29:29.585Z] GET /cart : 200 (22ms)
[2025-12-03T13:29:30.297Z] GET /cart : 200 (19ms)
[2025-12-03T13:29:30.507Z] GET /cart : 200 (13ms)
[2025-12-03T13:29:30.690Z] GET /cart : 200 (13ms)
[2025-12-03T13:29:30.873Z] GET /cart : 200 (13ms)
[2025-12-03T13:29:31.040Z] GET /cart : 200 (13ms)
[2025-12-03T13:29:31.860Z] GET /shop : 200 (44ms)
[2025-12-03T13:52:27.514Z] GET /shop : 200 (133ms)
[2025-12-03T13:52:29.677Z] GET /.well-known/appspecific/com.chrome.devtools.json : 404 (5ms)
[2025-12-03T13:52:44.658Z] POST /cart/add : 401 (0ms)
[2025-12-03T13:52:49.114Z] GET /login : 200 (3ms)
[2025-12-03T13:52:49.162Z] GET /.well-known/appspecific/com.chrome.devtools.json : 404 (3ms)
[2025-12-03T13:52:50.419Z] GET /auth/google : 302 (3ms)
[2025-12-03T13:52:58.994Z] GET /login : 200 (1ms)
[2025-12-03T13:52:59.012Z] GET /.well-known/appspecific/com.chrome.devtools.json : 404 (2ms)
[2025-12-03T13:53:00.114Z] GET /auth/google : 302 (1ms)
[2025-12-03T13:53:02.231Z] GET /login : 200 (2ms)
[2025-12-03T13:53:03.065Z] GET /auth/google : 302 (1ms)
[2025-12-03T13:53:04.281Z] GET /auth/google/callback?code=4%2F0Ab32j90Cu-PuQA6J7ssA3N5cVy_kwM714K1wIs6JX2dovUvLEfvZOYTiE0VgjUTtuVOnYw&scope=email+profile+https%3A%2F%2Fwww.googleapis.com%2Fauth%2Fuserinfo.email+https%3A%2F%2Fwww.googleapis.com%2Fauth%2Fuserinfo.profile+openid&authuser=0&prompt=none : 302 (978ms)
[2025-12-03T13:53:04.318Z] GET / : 200 (28ms)
[2025-12-03T13:53:07.401Z] GET /shop : 200 (55ms)
[2025-12-03T13:53:12.577Z] GET /.well-known/appspecific/com.chrome.devtools.json : 404 (5ms)
[2025-12-03T13:53:18.604Z] POST /cart/add : 400 (3ms)
[2025-12-03T13:53:51.921Z] GET /products/?sort=newest : 200 (76ms)
[2025-12-03T13:53:51.958Z] GET /.well-known/appspecific/com.chrome.devtools.json : 404 (4ms)
[2025-12-03T13:54:40.615Z] POST /cart/add : 400 (9ms)
[2025-12-03T13:55:25.006Z] POST /cart/add : 400 (9ms)
[2025-12-03T13:55:43.701Z] GET /products/?sort=newest : 200 (50ms)
[2025-12-03T13:55:43.862Z] GET /products/?sort=newest : 200 (40ms)
[2025-12-03T13:55:44.728Z] GET /shop : 200 (45ms)
[2025-12-03T13:55:45.905Z] GET /shop : 200 (44ms)
[2025-12-03T13:58:27.500Z] POST /cart/add : 401 (12ms)
[2025-12-03T13:58:28.561Z] GET /login : 200 (9ms)
[2025-12-03T13:58:29.321Z] GET /auth/google : 302 (2ms)
[2025-12-03T13:58:30.023Z] GET /auth/google/callback?code=4%2F0Ab32j90-ydblVFmexuc83w1bk8M-9z8T6vKWOqt5Yr4pAvilJD_bpQ3m9poighNneXbwBg&scope=email+profile+openid+https%3A%2F%2Fwww.googleapis.com%2Fauth%2Fuserinfo.profile+https%3A%2F%2Fwww.googleapis.com%2Fauth%2Fuserinfo.email&authuser=0&prompt=none : 302 (440ms)
[2025-12-03T13:58:30.055Z] GET / : 200 (25ms)
[2025-12-03T13:58:32.190Z] GET /shop : 200 (59ms)
[2025-12-03T13:58:34.685Z] POST /cart/add : 400 (11ms)
[2025-12-03T13:58:42.838Z] POST /cart/add : 500 (14ms)
[2025-12-03T13:58:46.010Z] POST /cart/add : 500 (9ms)
[2025-12-03T13:59:16.527Z] GET /shop : 200 (68ms)
[2025-12-03T13:59:19.986Z] GET /login : 200 (3ms)
[2025-12-03T13:59:21.071Z] GET /auth/google : 302 (2ms)
[2025-12-03T13:59:21.662Z] GET /auth/google/callback?code=4%2F0Ab32j91lgV31GqZrhZmQXDdjsE_h_yXF-ei0vkNL045UDRYZZkcVt-_eZgHsX3iS_r0JAg&scope=email+profile+openid+https%3A%2F%2Fwww.googleapis.com%2Fauth%2Fuserinfo.email+https%3A%2F%2Fwww.googleapis.com%2Fauth%2Fuserinfo.profile&authuser=0&prompt=none : 302 (374ms)
[2025-12-03T13:59:21.680Z] GET / : 200 (12ms)
[2025-12-03T13:59:23.805Z] GET /shop : 200 (54ms)
[2025-12-03T13:59:25.293Z] POST /cart/add : 200 (38ms)
[2025-12-03T13:59:26.475Z] GET /shop : 200 (36ms)
[2025-12-03T13:59:27.243Z] POST /cart/add : 200 (19ms)
[2025-12-03T13:59:28.220Z] GET /shop : 200 (46ms)
[2025-12-03T13:59:29.684Z] GET /cart : 200 (29ms)
[2025-12-03T13:59:31.749Z] PATCH /cart/count/68fc51d21f854f1eb9c65d23 : 200 (13ms)
[2025-12-03T13:59:33.669Z] PATCH /cart/count/68fa051c36c43400e7c48f45 : 200 (12ms)
[2025-12-03T13:59:36.322Z] DELETE /cart/remove : 200 (12ms)
[2025-12-03T13:59:37.573Z] GET /cart : 200 (21ms)
[2025-12-03T13:59:39.048Z] DELETE /cart/remove : 200 (9ms)
[2025-12-03T13:59:40.723Z] GET /cart : 200 (24ms)
[2025-12-03T13:59:42.490Z] DELETE /cart/remove : 200 (8ms)
[2025-12-03T13:59:43.745Z] GET /cart : 200 (14ms)
[2025-12-03T13:59:45.426Z] GET /shop : 200 (29ms)
[2025-12-03T14:01:34.927Z] POST /cart/add : 401 (7ms)
[2025-12-03T14:01:36.080Z] GET /login : 200 (7ms)
[2025-12-03T14:01:36.785Z] GET /auth/google : 302 (2ms)
[2025-12-03T14:01:37.609Z] GET /auth/google/callback?code=4%2F0Ab32j92yIqzySyidCnLyjSK7CeoF6dxX-EsNOePSSrl9BHs0-20O2rzd5i5bnHqdbdv9sg&scope=email+profile+https%3A%2F%2Fwww.googleapis.com%2Fauth%2Fuserinfo.email+openid+https%3A%2F%2Fwww.googleapis.com%2Fauth%2Fuserinfo.profile&authuser=0&prompt=none : 302 (522ms)
[2025-12-03T14:01:37.653Z] GET / : 200 (36ms)
[2025-12-03T14:01:39.212Z] GET /shop : 200 (97ms)
[2025-12-03T14:01:40.627Z] POST /cart/add : 200 (32ms)
[2025-12-03T14:01:41.795Z] GET /shop : 200 (40ms)
[2025-12-03T14:01:42.590Z] POST /cart/add : 200 (18ms)
[2025-12-03T14:01:44.149Z] GET /shop : 200 (32ms)
[2025-12-03T14:01:44.898Z] POST /cart/add : 200 (18ms)
[2025-12-03T14:01:45.674Z] GET /shop : 200 (41ms)
[2025-12-03T14:01:46.402Z] POST /cart/add : 200 (16ms)
[2025-12-03T14:01:47.130Z] GET /shop : 200 (33ms)
[2025-12-03T14:01:47.710Z] POST /cart/add : 200 (15ms)
[2025-12-03T14:01:48.843Z] GET /shop : 200 (35ms)
[2025-12-03T14:01:49.434Z] POST /cart/add : 400 (10ms)
[2025-12-03T14:02:08.200Z] GET /product?id=68f8c2428b2ab3f73fc2752b : 200 (33ms)
[2025-12-03T14:02:09.274Z] POST /cart/add : 200 (14ms)
[2025-12-03T14:02:10.292Z] GET /product?id=68f8c2428b2ab3f73fc2752b : 200 (19ms)
[2025-12-03T14:02:10.889Z] POST /cart/add : 200 (18ms)
[2025-12-03T14:02:11.464Z] GET /product?id=68f8c2428b2ab3f73fc2752b : 200 (16ms)
[2025-12-03T14:02:11.955Z] POST /cart/add : 200 (16ms)
[2025-12-03T14:02:12.783Z] GET /product?id=68f8c2428b2ab3f73fc2752b : 200 (18ms)
[2025-12-03T14:02:13.276Z] POST /cart/add : 400 (10ms)
[2025-12-03T14:02:15.958Z] GET /cart : 200 (36ms)
[2025-12-03T14:02:22.190Z] GET /cart : 200 (26ms)
[2025-12-03T14:02:22.789Z] GET /cart : 200 (24ms)
[2025-12-03T14:02:23.233Z] GET /cart : 200 (26ms)
[2025-12-03T14:02:23.648Z] GET /cart : 200 (19ms)
[2025-12-03T14:02:23.997Z] GET /cart : 200 (18ms)
[2025-12-03T14:02:31.760Z] GET /cart : 200 (21ms)
[2025-12-03T14:02:31.959Z] GET /cart : 200 (21ms)
[2025-12-03T14:02:32.122Z] GET /cart : 200 (19ms)
[2025-12-03T14:02:32.304Z] GET /cart : 200 (17ms)
[2025-12-03T14:02:32.471Z] GET /cart : 200 (17ms)
[2025-12-03T14:02:32.643Z] GET /cart : 200 (16ms)
[2025-12-03T14:02:33.369Z] GET /cart : 200 (22ms)
[2025-12-03T14:02:41.308Z] DELETE /cart/empty : 200 (31ms)
[2025-12-03T14:02:42.294Z] GET /cart : 200 (48ms)
[2025-12-03T14:02:52.626Z] GET /shop : 200 (49ms)
[2025-12-03T14:02:54.384Z] POST /cart/add : 200 (23ms)
[2025-12-03T14:02:55.263Z] GET /shop : 200 (46ms)
[2025-12-03T14:02:56.718Z] GET /cart : 200 (21ms)
[2025-12-03T14:02:58.379Z] GET /shop : 200 (45ms)
[2025-12-03T14:02:59.969Z] POST /cart/add : 200 (17ms)
[2025-12-03T14:03:00.762Z] GET /shop : 200 (33ms)
[2025-12-03T14:03:02.435Z] GET /cart : 200 (22ms)
[2025-12-03T14:04:26.147Z] GET /cart : 302 (13ms)
[2025-12-03T14:04:26.155Z] GET /login : 200 (6ms)
[2025-12-03T14:04:26.991Z] GET /auth/google : 302 (2ms)
[2025-12-03T14:04:35.971Z] GET /login : 200 (3ms)
[2025-12-03T14:04:37.029Z] GET /auth/google : 302 (1ms)
[2025-12-03T14:04:43.035Z] GET /auth/google/callback?code=4%2F0Ab32j934oqK6QRSqFcytewz5fHmhSlr_GosJMpmSnblCUBVXDXz3oALD75A0GJYnzI3XXA&scope=email+profile+openid+https%3A%2F%2Fwww.googleapis.com%2Fauth%2Fuserinfo.profile+https%3A%2F%2Fwww.googleapis.com%2Fauth%2Fuserinfo.email&authuser=0&prompt=none : 302 (5782ms)
[2025-12-03T14:04:43.060Z] GET / : 200 (19ms)
[2025-12-03T14:04:47.622Z] GET /shop : 200 (59ms)
[2025-12-03T14:04:50.956Z] GET /cart : 200 (28ms)
[2025-12-03T14:04:52.806Z] DELETE /cart/empty : 200 (8ms)
[2025-12-03T14:04:54.034Z] GET /cart : 200 (18ms)
[2025-12-03T14:04:54.851Z] GET /shop : 200 (43ms)
[2025-12-03T14:04:56.212Z] POST /cart/add : 200 (22ms)
[2025-12-03T14:04:57.068Z] GET /shop : 200 (43ms)
[2025-12-03T14:04:57.639Z] POST /cart/add : 200 (23ms)
[2025-12-03T14:04:58.540Z] GET /shop : 200 (35ms)
[2025-12-03T14:04:59.808Z] GET /cart : 200 (22ms)
[2025-12-03T14:05:01.375Z] PATCH /cart/count/692135d68b13a47858d3f438 : 200 (15ms)
[2025-12-03T14:05:06.615Z] PATCH /cart/count/692135d68b13a47858d3f438 : 400 (8ms)
[2025-12-03T14:05:08.402Z] PATCH /cart/count/692135d68b13a47858d3f438 : 200 (10ms)
[2025-12-03T14:05:10.483Z] PATCH /cart/count/692135d68b13a47858d3f438 : 200 (11ms)
[2025-12-03T14:05:13.184Z] GET /shop : 200 (43ms)
[2025-12-03T14:06:03.866Z] GET /shop : 200 (167ms)
[2025-12-03T14:06:05.433Z] GET /login : 200 (3ms)
[2025-12-03T14:06:06.192Z] GET /auth/google : 302 (2ms)
[2025-12-03T14:06:06.874Z] GET /auth/google/callback?code=4%2F0Ab32j93bQuD6dPo0_JJEm7CWZE0wTqwoFvYtHC0GyB9RfvyHmvTENN4oMfmHX5YvOmLVMg&scope=email+profile+https%3A%2F%2Fwww.googleapis.com%2Fauth%2Fuserinfo.profile+https%3A%2F%2Fwww.googleapis.com%2Fauth%2Fuserinfo.email+openid&authuser=0&prompt=none : 302 (418ms)
[2025-12-03T14:06:06.901Z] GET / : 200 (17ms)
[2025-12-03T14:06:08.570Z] GET /shop : 200 (57ms)
[2025-12-03T14:06:09.929Z] POST /cart/add : 200 (45ms)
[2025-12-03T14:06:11.514Z] GET /shop : 200 (40ms)
[2025-12-03T14:06:14.758Z] GET /cart : 200 (28ms)
[2025-12-03T14:06:15.967Z] PATCH /cart/count/692135d68b13a47858d3f438 : 200 (14ms)
[2025-12-03T14:06:17.626Z] PATCH /cart/count/692135d68b13a47858d3f438 : 200 (11ms)
[2025-12-03T14:06:18.666Z] GET /cart : 200 (15ms)
[2025-12-03T15:39:36.607Z] GET / : 200 (60ms)
[2025-12-03T15:39:41.253Z] GET /admin : 302 (6ms)
[2025-12-03T15:39:41.261Z] GET /admin/login : 200 (3ms)
[2025-12-03T15:39:51.714Z] GET /admin : 302 (21ms)
[2025-12-03T15:39:51.720Z] GET /admin/login : 200 (5ms)
[2025-12-03T15:39:55.579Z] GET /admin : 302 (4ms)
[2025-12-03T15:39:55.583Z] GET /admin/login : 200 (2ms)
[2025-12-03T15:40:23.504Z] GET /admin/login : 200 (3ms)
[2025-12-03T15:41:06.640Z] GET /admin/login : 200 (12ms)
[2025-12-03T15:41:57.953Z] GET /admin : 302 (9ms)
[2025-12-03T15:41:57.959Z] GET /admin/login : 200 (5ms)
[2025-12-03T15:42:02.590Z] GET /admin : 302 (3ms)
[2025-12-03T15:42:02.595Z] GET /admin/login : 200 (2ms)
[2025-12-03T15:42:09.463Z] POST /admin/login : 302 (93ms)
[2025-12-03T15:42:09.472Z] GET /admin : 200 (4ms)
[2025-12-03T15:42:09.598Z] GET /admin/report?range=monthly : 200 (11ms)
[2025-12-03T15:42:13.768Z] GET /admin/report?range=weekly : 200 (13ms)
[2025-12-03T15:42:14.673Z] GET /admin/report?range=weekly : 200 (7ms)
[2025-12-03T15:42:22.105Z] GET /admin/report?range=yearly : 200 (7ms)
[2025-12-03T15:42:22.936Z] GET /admin/report?range=yearly : 200 (7ms)
[2025-12-03T15:42:25.481Z] GET /admin/report?range=yearly : 200 (7ms)
[2025-12-03T15:42:26.356Z] GET /admin : 200 (8ms)
[2025-12-03T15:42:26.429Z] GET /admin/report?range=monthly : 200 (5ms)
[2025-12-03T15:42:29.089Z] GET /admin/report?range=yearly : 200 (8ms)
[2025-12-03T15:47:05.558Z] GET /admin : 302 (14ms)
[2025-12-03T15:47:05.564Z] GET /admin/login : 200 (4ms)
[2025-12-03T15:47:11.683Z] GET /admin/pageNotFound : 500 (7ms)
[2025-12-03T15:48:29.125Z] GET /admin/pageNotFound : 200 (12ms)
[2025-12-03T15:48:29.863Z] GET /admin/pageNotFound : 200 (3ms)
[2025-12-03T15:48:31.606Z] GET /admin/login : 200 (5ms)
[2025-12-03T15:48:32.908Z] GET /admin/login : 200 (3ms)
[2025-12-03T15:48:33.400Z] GET /admin/login : 200 (1ms)
[2025-12-03T15:48:33.950Z] GET /admin/login : 200 (2ms)
[2025-12-03T15:48:37.070Z] GET /admin : 302 (13ms)
[2025-12-03T15:48:37.073Z] GET /admin/login : 200 (2ms)
[2025-12-03T15:50:44.707Z] GET /admin/logout : 302 (6ms)
[2025-12-03T15:50:44.714Z] GET /admin/login : 200 (5ms)
[2025-12-03T15:50:48.070Z] GET /admin/login : 200 (3ms)
[2025-12-03T15:50:52.012Z] GET /admin/logout : 302 (1ms)
[2025-12-03T15:50:52.016Z] GET /admin/login : 200 (1ms)
[2025-12-03T15:52:47.737Z] GET /admin/login : 200 (12ms)
[2025-12-03T15:52:48.460Z] POST /admin/login : 200 (12ms)
[2025-12-03T15:55:50.691Z] POST /admin/login : 500 (17ms)
[2025-12-03T15:56:16.717Z] POST /admin/login : 200 (19ms)
[2025-12-03T15:56:23.391Z] POST /admin/login : 302 (105ms)
[2025-12-03T15:56:23.402Z] GET /admin : 200 (6ms)
[2025-12-03T15:56:23.522Z] GET /admin/report?range=monthly : 200 (11ms)
[2025-12-03T15:56:28.084Z] GET /admin : 200 (7ms)
[2025-12-03T15:56:28.152Z] GET /admin/report?range=monthly : 200 (5ms)
[2025-12-03T15:56:28.415Z] GET /admin : 200 (6ms)
[2025-12-03T15:56:28.482Z] GET /admin/report?range=monthly : 200 (6ms)
[2025-12-03T15:56:28.612Z] GET /admin : 200 (4ms)
[2025-12-03T15:56:28.680Z] GET /admin/report?range=monthly : 200 (7ms)
[2025-12-03T15:56:28.845Z] GET /admin : 200 (5ms)
[2025-12-03T15:56:28.907Z] GET /admin/report?range=monthly : 200 (4ms)
[2025-12-03T15:56:29.026Z] GET /admin : 200 (5ms)
[2025-12-03T15:56:29.078Z] GET /admin/report?range=monthly : 200 (5ms)
[2025-12-03T15:56:29.619Z] GET /admin : 200 (6ms)
[2025-12-03T15:56:29.689Z] GET /admin/report?range=monthly : 200 (7ms)
[2025-12-03T15:56:30.372Z] GET /admin : 200 (7ms)
[2025-12-03T15:56:30.438Z] GET /admin/report?range=monthly : 200 (3ms)
[2025-12-03T15:56:31.018Z] GET /admin : 200 (6ms)
[2025-12-03T15:56:31.089Z] GET /admin/report?range=monthly : 200 (7ms)
[2025-12-03T15:57:03.694Z] GET /admin : 200 (10ms)
[2025-12-03T15:57:03.796Z] GET /favicon.ico : 404 (4ms)
[2025-12-03T15:57:14.562Z] GET /.well-known/appspecific/com.chrome.devtools.json : 404 (2ms)
[2025-12-03T15:57:23.529Z] POST /admin/login : 200 (7ms)
[2025-12-03T15:58:57.744Z] GET /admin/logout : 302 (10ms)
[2025-12-03T15:58:57.749Z] GET /admin/login : 200 (1ms)
[2025-12-03T15:58:57.779Z] GET /.well-known/appspecific/com.chrome.devtools.json : 404 (2ms)
[2025-12-03T15:59:00.125Z] POST /admin/login : 200 (5ms)
[2025-12-03T16:00:07.127Z] POST /admin/login : 302 (103ms)
[2025-12-03T16:00:07.132Z] GET /admin : 200 (3ms)
[2025-12-03T16:00:27.411Z] GET /admin/login : 302 (1ms)
[2025-12-03T16:00:27.418Z] GET /admin : 200 (5ms)
[2025-12-03T16:00:27.566Z] GET /admin/report?range=monthly : 200 (32ms)
[2025-12-03T16:00:27.660Z] GET /admin : 200 (5ms)
[2025-12-03T16:00:27.724Z] GET /admin/report?range=monthly : 200 (4ms)
[2025-12-03T16:00:27.896Z] GET /admin : 200 (5ms)
[2025-12-03T16:00:27.960Z] GET /admin/report?range=monthly : 200 (3ms)
[2025-12-03T16:00:28.111Z] GET /admin : 200 (4ms)
[2025-12-03T16:00:28.168Z] GET /admin/report?range=monthly : 200 (4ms)
[2025-12-03T16:00:28.629Z] GET /admin : 200 (5ms)
[2025-12-03T16:00:28.706Z] GET /admin/report?range=monthly : 200 (6ms)
[2025-12-03T16:00:28.828Z] GET /admin : 200 (4ms)
[2025-12-03T16:00:28.878Z] GET /admin/report?range=monthly : 200 (4ms)
[2025-12-03T16:00:28.975Z] GET /admin : 200 (4ms)
[2025-12-03T16:00:29.031Z] GET /admin/report?range=monthly : 200 (4ms)
[2025-12-03T16:30:12.095Z] GET /admin : 302 (42ms)
[2025-12-03T16:30:12.104Z] GET /admin/login : 200 (6ms)
[2025-12-03T16:30:19.453Z] POST /admin/login : 302 (94ms)
[2025-12-03T16:30:19.463Z] GET /admin : 200 (5ms)
[2025-12-03T16:30:19.568Z] GET /admin/report?range=monthly : 200 (14ms)
[2025-12-03T16:35:04.435Z] GET /admin : 302 (21ms)
[2025-12-03T16:35:04.446Z] GET /admin/login : 200 (7ms)
[2025-12-03T16:35:10.810Z] POST /admin/login : 302 (87ms)
[2025-12-03T16:35:10.818Z] GET /admin : 200 (4ms)
[2025-12-03T16:35:10.919Z] GET /admin/report?range=monthly : 200 (12ms)
[2025-12-04T04:41:56.812Z] GET / : 200 (51ms)
[2025-12-04T04:42:04.604Z] GET /admin : 302 (11ms)
[2025-12-04T04:42:04.610Z] GET /admin/login : 200 (3ms)
[2025-12-04T04:42:14.060Z] POST /admin/login : 302 (102ms)
[2025-12-04T04:42:14.067Z] GET /admin : 200 (5ms)
[2025-12-04T04:42:14.189Z] GET /admin/report?range=monthly : 200 (15ms)
[2025-12-04T04:42:51.182Z] GET /admin/products : 200 (66ms)
[2025-12-04T04:42:51.202Z] GET /js/admin/categoryList.js : 404 (5ms)
[2025-12-04T04:42:56.290Z] GET /admin/brands : 200 (12ms)
[2025-12-04T04:42:56.320Z] GET /js/admin/categoryList.js : 404 (3ms)
[2025-12-04T04:43:11.327Z] GET /admin/brands : 302 (5ms)
[2025-12-04T04:43:11.330Z] GET /admin/login : 200 (2ms)
[2025-12-04T04:44:39.419Z] POST /admin/login : 302 (100ms)
[2025-12-04T04:44:39.429Z] GET /admin : 200 (6ms)
[2025-12-04T04:44:39.703Z] GET /admin/report?range=monthly : 200 (8ms)
[2025-12-04T04:44:41.023Z] GET /admin/products : 200 (50ms)
[2025-12-04T04:44:41.045Z] GET /js/admin/categoryList.js : 404 (1ms)
[2025-12-04T04:44:44.894Z] GET /admin/brands : 500 (9ms)
[2025-12-04T04:48:59.735Z] GET /admin/brands : 302 (33ms)
[2025-12-04T04:48:59.741Z] GET /admin/login : 200 (5ms)
[2025-12-04T04:49:00.390Z] GET /admin/login : 200 (3ms)
[2025-12-04T04:55:33.054Z] GET /admin/brands : 302 (35ms)
[2025-12-04T04:55:33.063Z] GET /admin/login : 200 (4ms)
[2025-12-04T04:55:39.627Z] POST /admin/login : 302 (98ms)
[2025-12-04T04:55:39.641Z] GET /admin : 200 (8ms)
[2025-12-04T04:55:39.780Z] GET /admin/report?range=monthly : 200 (24ms)
[2025-12-04T04:55:41.163Z] GET /admin/products : 200 (87ms)
[2025-12-04T04:55:41.200Z] GET /js/admin/categoryList.js : 404 (12ms)
[2025-12-04T04:55:42.085Z] GET /admin/brands : 200 (18ms)
[2025-12-04T04:55:42.115Z] GET /js/admin/categoryList.js : 404 (2ms)
[2025-12-04T05:00:55.852Z] GET /admin/brands : 302 (42ms)
[2025-12-04T05:00:55.861Z] GET /admin/login : 200 (6ms)
[2025-12-04T05:01:04.754Z] POST /admin/login : 302 (96ms)
[2025-12-04T05:01:04.764Z] GET /admin : 200 (6ms)
[2025-12-04T05:01:04.875Z] GET /admin/report?range=monthly : 200 (16ms)
[2025-12-04T05:01:06.230Z] GET /admin/products : 200 (87ms)
[2025-12-04T05:01:06.265Z] GET /js/admin/categoryList.js : 404 (9ms)
[2025-12-04T05:01:07.111Z] GET /admin/brands : 200 (14ms)
[2025-12-04T05:01:07.138Z] GET /js/admin/categoryList.js : 404 (2ms)
[2025-12-04T05:01:21.381Z] GET /admin/brands : 302 (17ms)
[2025-12-04T05:01:21.390Z] GET /admin/login : 200 (7ms)
[2025-12-04T05:01:26.838Z] POST /admin/login : 302 (95ms)
[2025-12-04T05:01:26.846Z] GET /admin : 200 (4ms)
[2025-12-04T05:01:26.918Z] GET /admin/report?range=monthly : 200 (12ms)
[2025-12-04T05:01:28.246Z] GET /admin/brands : 500 (8ms)
[2025-12-04T05:01:34.955Z] GET /admin : 200 (10ms)
[2025-12-04T05:01:35.033Z] GET /admin/report?range=monthly : 200 (6ms)
[2025-12-04T13:02:36.619Z] GET / : 200 (154ms)
[2025-12-04T13:02:38.653Z] GET /login : 200 (4ms)
[2025-12-04T13:02:39.683Z] GET /auth/google : 302 (4ms)
[2025-12-04T13:02:40.596Z] GET /auth/google/callback?code=4%2F0Ab32j91FYsKOHuYNtkRqvuEl7s41ZJVVa_k1aAdUQh6L1Oe7VyideDV-IeiJsbPWZqGl3A&scope=email+profile+https%3A%2F%2Fwww.googleapis.com%2Fauth%2Fuserinfo.profile+openid+https%3A%2F%2Fwww.googleapis.com%2Fauth%2Fuserinfo.email&authuser=0&prompt=none : 302 (452ms)
[2025-12-04T13:02:40.623Z] GET / : 200 (19ms)
[2025-12-04T13:02:54.839Z] GET /admin : 302 (8ms)
[2025-12-04T13:02:54.847Z] GET /admin/login : 200 (4ms)
[2025-12-04T13:03:06.953Z] POST /admin/login : 302 (93ms)
[2025-12-04T13:03:06.959Z] GET /admin : 200 (3ms)
[2025-12-04T13:03:07.064Z] GET /admin/report?range=monthly : 200 (9ms)
[2025-12-04T13:04:35.344Z] GET /admin/brands : 200 (46ms)
[2025-12-04T13:04:35.371Z] GET /js/admin/categoryList.js : 404 (3ms)
[2025-12-04T13:04:40.439Z] GET /admin/brands/addBrand : 200 (6ms)
[2025-12-04T13:05:03.381Z] GET /admin/brands/addBrand : 302 (3ms)
[2025-12-04T13:05:03.384Z] GET /admin/login : 200 (2ms)
[2025-12-04T13:05:52.116Z] POST /admin/brands/addBrand : 302 (3812ms)
[2025-12-04T13:05:52.136Z] GET /admin/brands?error=BrandAlreadyExists : 200 (12ms)
[2025-12-04T13:05:52.163Z] GET /js/admin/categoryList.js : 404 (3ms)
[2025-12-04T13:05:57.579Z] GET /admin/brands?error=BrandAlreadyExists&sort=newest : 200 (9ms)
[2025-12-04T13:05:57.597Z] GET /js/admin/categoryList.js : 404 (1ms)
[2025-12-04T13:05:58.997Z] GET /admin/brands?error=BrandAlreadyExists&sort=oldest : 200 (10ms)
[2025-12-04T13:05:59.018Z] GET /js/admin/categoryList.js : 404 (1ms)
[2025-12-04T13:06:05.243Z] GET /admin/brands?error=BrandAlreadyExists&sort=newest : 200 (9ms)
[2025-12-04T13:06:05.261Z] GET /js/admin/categoryList.js : 404 (1ms)
[2025-12-04T13:06:55.411Z] GET /admin/brands?error=BrandAlreadyExists&sort=newest : 302 (23ms)
[2025-12-04T13:06:55.420Z] GET /admin/login : 200 (6ms)
[2025-12-04T13:07:01.236Z] POST /admin/login : 302 (94ms)
[2025-12-04T13:07:01.247Z] GET /admin : 200 (6ms)
[2025-12-04T13:07:01.347Z] GET /admin/report?range=monthly : 200 (8ms)
[2025-12-04T13:07:03.016Z] GET /admin/brands : 200 (18ms)
[2025-12-04T13:07:03.040Z] GET /js/admin/categoryList.js : 404 (4ms)
[2025-12-04T13:07:05.312Z] GET /admin/brands/addBrand : 200 (7ms)
[2025-12-04T13:07:27.707Z] POST /admin/brands/addBrand : 302 (9317ms)
[2025-12-04T13:07:27.725Z] GET /admin/brands?error=BrandAlreadyExists : 200 (11ms)
[2025-12-04T13:07:27.761Z] GET /js/admin/categoryList.js : 404 (5ms)
[2025-12-04T13:16:13.996Z] GET /admin/brands?error=BrandAlreadyExists : 302 (35ms)
[2025-12-04T13:16:14.007Z] GET /admin/login : 200 (8ms)
[2025-12-04T13:16:21.138Z] POST /admin/login : 302 (95ms)
[2025-12-04T13:16:21.148Z] GET /admin : 200 (5ms)
[2025-12-04T13:16:21.256Z] GET /admin/report?range=monthly : 200 (17ms)
[2025-12-04T13:16:22.568Z] GET /admin/brands : 200 (47ms)
[2025-12-04T13:16:22.597Z] GET /js/admin/categoryList.js : 404 (4ms)
[2025-12-04T13:16:24.061Z] GET /admin/brands/addBrand : 200 (9ms)
[2025-12-04T13:16:37.889Z] POST /admin/brands/addBrand : 302 (5412ms)
[2025-12-04T13:16:37.897Z] GET /admin/pageNotFound : 200 (2ms)
[2025-12-04T13:17:01.128Z] GET /admin/brands/addBrand : 302 (13ms)
[2025-12-04T13:17:01.134Z] GET /admin/login : 200 (5ms)
[2025-12-04T13:17:06.852Z] POST /admin/login : 302 (93ms)
[2025-12-04T13:17:06.861Z] GET /admin : 200 (4ms)
[2025-12-04T13:17:06.948Z] GET /admin/report?range=monthly : 200 (8ms)
[2025-12-04T13:17:08.353Z] GET /admin/products : 200 (49ms)
[2025-12-04T13:17:08.385Z] GET /js/admin/categoryList.js : 404 (9ms)
[2025-12-04T13:17:09.042Z] GET /admin/brands : 200 (16ms)
[2025-12-04T13:17:09.060Z] GET /js/admin/categoryList.js : 404 (3ms)
[2025-12-04T13:17:10.016Z] GET /admin/brands/addBrand : 200 (8ms)
[2025-12-04T13:17:21.347Z] POST /admin/brands/addBrand : 409 (1245ms)
[2025-12-04T13:17:21.394Z] GET /favicon.ico : 404 (1ms)
[2025-12-04T13:20:02.907Z] GET /admin/brands/addBrand : 200 (12ms)
[2025-12-04T13:20:03.942Z] GET /admin/brands/addBrand : 200 (8ms)
[2025-12-04T13:20:06.189Z] GET /admin/brands/addBrand : 200 (6ms)
[2025-12-04T13:20:16.016Z] POST /admin/brands/addBrand : 302 (3016ms)
[2025-12-04T13:20:16.032Z] GET /admin/brands : 200 (12ms)
[2025-12-04T13:20:46.605Z] GET /admin/brands/addBrand : 200 (10ms)
[2025-12-04T13:21:05.045Z] POST /admin/brands/addBrand : 409 (3263ms)
[2025-12-04T13:21:37.948Z] GET /admin/brands/addBrand : 302 (20ms)
[2025-12-04T13:21:37.958Z] GET /admin/login : 200 (7ms)
[2025-12-04T13:21:44.667Z] POST /admin/login : 302 (93ms)
[2025-12-04T13:21:44.675Z] GET /admin : 200 (4ms)
[2025-12-04T13:21:44.783Z] GET /admin/report?range=monthly : 200 (11ms)
[2025-12-04T13:21:46.164Z] GET /admin/brands : 200 (18ms)
[2025-12-04T13:21:46.188Z] GET /js/admin/categoryList.js : 404 (3ms)
[2025-12-04T13:21:47.770Z] GET /admin/brands/addBrand : 200 (8ms)
[2025-12-04T13:22:00.753Z] POST /admin/brands/addBrand : 409 (2982ms)
[2025-12-04T13:24:32.624Z] GET /admin/brands/addBrand : 302 (10ms)
[2025-12-04T13:24:32.631Z] GET /admin/login : 200 (6ms)
[2025-12-04T13:24:39.254Z] POST /admin/login : 302 (93ms)
[2025-12-04T13:24:39.262Z] GET /admin : 200 (4ms)
[2025-12-04T13:24:39.364Z] GET /admin/report?range=monthly : 200 (7ms)
[2025-12-04T13:24:40.514Z] GET /admin/brands : 200 (19ms)
[2025-12-04T13:24:40.548Z] GET /js/admin/categoryList.js : 404 (5ms)
[2025-12-04T13:24:41.737Z] GET /admin/brands/addBrand : 200 (8ms)
[2025-12-04T13:24:52.384Z] POST /admin/brands/addBrand : 302 (3278ms)
[2025-12-04T13:24:52.398Z] GET /admin/brands : 200 (9ms)
[2025-12-04T13:25:06.914Z] POST /admin/brands/addBrand : 409 (3712ms)
[2025-12-04T13:25:08.242Z] POST /admin/brands/addBrand : 409 (2721ms)
[2025-12-04T13:27:01.099Z] GET /admin/brands/addBrand : 302 (20ms)
[2025-12-04T13:27:01.109Z] GET /admin/login : 200 (8ms)
[2025-12-04T13:27:07.035Z] POST /admin/login : 302 (93ms)
[2025-12-04T13:27:07.044Z] GET /admin : 200 (4ms)
[2025-12-04T13:27:07.138Z] GET /admin/report?range=monthly : 200 (10ms)
[2025-12-04T13:27:08.471Z] GET /admin/brands : 200 (17ms)
[2025-12-04T13:27:08.499Z] GET /js/admin/categoryList.js : 404 (7ms)
[2025-12-04T13:27:09.833Z] GET /admin/brands/addBrand : 200 (12ms)
[2025-12-04T13:27:25.471Z] POST /admin/brands/addBrand : 200 (2400ms)
[2025-12-04T13:27:27.283Z] GET /admin/brands : 200 (10ms)
[2025-12-04T13:27:27.302Z] GET /js/admin/categoryList.js : 404 (4ms)
[2025-12-04T13:27:56.995Z] GET /admin/brands : 200 (18ms)
[2025-12-04T13:27:57.012Z] GET /js/admin/categoryList.js : 404 (1ms)
[2025-12-04T13:27:57.787Z] GET /admin/brands : 200 (11ms)
[2025-12-04T13:27:57.800Z] GET /js/admin/categoryList.js : 404 (1ms)
[2025-12-04T13:29:32.649Z] GET /admin/brands : 200 (18ms)
[2025-12-04T13:29:32.680Z] GET /js/admin/categoryList.js : 404 (1ms)
[2025-12-04T13:29:33.854Z] GET /admin/brands/unlistBrand?id=6925c63cb2f85bff20cf09cb&page=1 : 302 (16ms)
[2025-12-04T13:29:33.867Z] GET /admin/brands/?page=1 : 200 (10ms)
[2025-12-04T13:29:33.886Z] GET /js/admin/categoryList.js : 404 (4ms)
[2025-12-04T13:29:37.566Z] GET /.well-known/appspecific/com.chrome.devtools.json : 404 (1ms)
[2025-12-04T13:29:50.519Z] GET /admin/brands/?page=4&sort=name : 200 (8ms)
[2025-12-04T13:29:50.531Z] GET /.well-known/appspecific/com.chrome.devtools.json : 404 (1ms)
[2025-12-04T13:29:50.573Z] GET /js/admin/categoryList.js : 404 (1ms)
[2025-12-04T13:29:56.427Z] GET /admin/brands/unlistBrand?id=68f85949ed589925c667bb89&page=4 : 302 (6ms)
[2025-12-04T13:29:56.438Z] GET /admin/brands/?page=4 : 200 (8ms)
[2025-12-04T13:29:56.453Z] GET /.well-known/appspecific/com.chrome.devtools.json : 404 (2ms)
[2025-12-04T13:29:56.455Z] GET /js/admin/categoryList.js : 404 (2ms)
[2025-12-04T13:29:58.578Z] GET /admin/brands/listBrand?id=68f85949ed589925c667bb89&page=4 : 302 (5ms)
[2025-12-04T13:29:58.589Z] GET /admin/brands/?page=4 : 200 (8ms)
[2025-12-04T13:29:58.606Z] GET /.well-known/appspecific/com.chrome.devtools.json : 404 (2ms)
[2025-12-04T13:29:58.607Z] GET /js/admin/categoryList.js : 404 (1ms)
[2025-12-04T13:30:06.084Z] GET /admin/brands/unlistBrand?id=68f85949ed589925c667bb89&page=4 : 302 (8ms)
[2025-12-04T13:30:06.094Z] GET /admin/brands/?page=4 : 200 (8ms)
[2025-12-04T13:30:06.113Z] GET /.well-known/appspecific/com.chrome.devtools.json : 404 (5ms)
[2025-12-04T13:30:06.116Z] GET /js/admin/categoryList.js : 404 (3ms)
[2025-12-04T13:30:07.281Z] GET /admin/brands/listBrand?id=68f85949ed589925c667bb89&page=4 : 302 (6ms)
[2025-12-04T13:30:07.290Z] GET /admin/brands/?page=4 : 200 (7ms)
[2025-12-04T13:30:07.306Z] GET /.well-known/appspecific/com.chrome.devtools.json : 404 (2ms)
[2025-12-04T13:30:07.307Z] GET /js/admin/categoryList.js : 404 (0ms)
[2025-12-04T13:30:08.083Z] GET /admin/brands/unlistBrand?id=68f85949ed589925c667bb89&page=4 : 302 (8ms)
[2025-12-04T13:30:08.095Z] GET /admin/brands/?page=4 : 200 (11ms)
[2025-12-04T13:30:08.109Z] GET /.well-known/appspecific/com.chrome.devtools.json : 404 (2ms)
[2025-12-04T13:30:08.109Z] GET /js/admin/categoryList.js : 404 (0ms)
[2025-12-04T13:30:09.142Z] GET /admin/brands/listBrand?id=68f85949ed589925c667bb89&page=4 : 302 (7ms)
[2025-12-04T13:30:09.153Z] GET /admin/brands/?page=4 : 200 (8ms)
[2025-12-04T13:30:09.169Z] GET /.well-known/appspecific/com.chrome.devtools.json : 404 (3ms)
[2025-12-04T13:30:09.170Z] GET /js/admin/categoryList.js : 404 (1ms)
[2025-12-04T13:30:18.003Z] GET /admin/brands/unlistBrand?id=68f85949ed589925c667bb89&page=4 : 302 (18ms)
[2025-12-04T13:30:18.010Z] GET /admin/brands/?page=4 : 200 (5ms)
[2025-12-04T13:30:18.031Z] GET /.well-known/appspecific/com.chrome.devtools.json : 404 (4ms)
[2025-12-04T13:30:18.037Z] GET /js/admin/categoryList.js : 404 (6ms)
[2025-12-04T13:30:33.859Z] GET /admin/brands/?page=4 : 200 (7ms)
[2025-12-04T13:30:36.787Z] GET /admin/brands/?page=4 : 200 (8ms)
[2025-12-04T13:30:36.808Z] GET /.well-known/appspecific/com.chrome.devtools.json : 404 (2ms)
[2025-12-04T13:30:36.809Z] GET /js/admin/categoryList.js : 404 (3ms)
[2025-12-04T13:30:37.650Z] GET /admin/brands/?page=4 : 200 (11ms)
[2025-12-04T13:30:37.664Z] GET /.well-known/appspecific/com.chrome.devtools.json : 404 (3ms)
[2025-12-04T13:30:37.665Z] GET /js/admin/categoryList.js : 404 (1ms)
[2025-12-04T13:30:38.316Z] GET /admin/brands/?page=4 : 200 (9ms)
[2025-12-04T13:30:38.331Z] GET /.well-known/appspecific/com.chrome.devtools.json : 404 (2ms)
[2025-12-04T13:30:38.332Z] GET /js/admin/categoryList.js : 404 (1ms)
[2025-12-04T13:30:39.035Z] GET /admin/brands/?page=4 : 200 (9ms)
[2025-12-04T13:30:39.049Z] GET /.well-known/appspecific/com.chrome.devtools.json : 404 (3ms)
[2025-12-04T13:30:39.050Z] GET /js/admin/categoryList.js : 404 (1ms)
[2025-12-04T13:30:39.694Z] GET /admin/brands/?page=4 : 200 (11ms)
[2025-12-04T13:30:39.709Z] GET /.well-known/appspecific/com.chrome.devtools.json : 404 (1ms)
[2025-12-04T13:30:39.711Z] GET /js/admin/categoryList.js : 404 (2ms)
[2025-12-04T13:30:40.267Z] GET /admin/brands/?page=4 : 200 (8ms)
[2025-12-04T13:30:40.278Z] GET /.well-known/appspecific/com.chrome.devtools.json : 404 (2ms)
[2025-12-04T13:30:40.279Z] GET /js/admin/categoryList.js : 404 (1ms)
[2025-12-04T13:30:40.761Z] GET /admin/brands/?page=4 : 200 (12ms)
[2025-12-04T13:30:40.776Z] GET /js/admin/categoryList.js : 404 (1ms)
[2025-12-04T13:30:40.785Z] GET /.well-known/appspecific/com.chrome.devtools.json : 404 (1ms)
[2025-12-04T13:30:41.086Z] GET /admin/brands/?page=4 : 200 (7ms)
[2025-12-04T13:30:41.098Z] GET /.well-known/appspecific/com.chrome.devtools.json : 404 (2ms)
[2025-12-04T13:30:41.099Z] GET /js/admin/categoryList.js : 404 (1ms)
[2025-12-04T13:31:10.447Z] GET /admin/logout : 302 (12ms)
[2025-12-04T13:31:10.460Z] GET /admin/login : 200 (3ms)
[2025-12-04T13:31:10.507Z] GET /.well-known/appspecific/com.chrome.devtools.json : 404 (1ms)
[2025-12-04T13:31:32.730Z] GET /admin/brands/?page=4 : 302 (16ms)
[2025-12-04T13:31:45.117Z] POST /admin/login : 302 (93ms)
[2025-12-04T13:31:45.133Z] GET /admin : 200 (11ms)
[2025-12-04T13:31:45.296Z] GET /admin/report?range=monthly : 200 (56ms)
[2025-12-04T13:31:49.644Z] GET /admin/brands : 200 (14ms)
[2025-12-04T13:31:49.663Z] GET /js/admin/categoryList.js : 404 (3ms)
[2025-12-04T13:41:49.860Z] GET /admin/brands : 302 (41ms)
[2025-12-04T13:41:49.872Z] GET /admin/login : 200 (9ms)
[2025-12-04T13:41:55.121Z] POST /admin/login : 302 (92ms)
[2025-12-04T13:41:55.132Z] GET /admin : 200 (6ms)
[2025-12-04T13:41:55.239Z] GET /admin/report?range=monthly : 200 (13ms)
[2025-12-04T13:41:56.403Z] GET /admin/brands : 200 (54ms)
[2025-12-04T13:41:56.433Z] GET /js/admin/categoryList.js : 404 (5ms)
[2025-12-04T13:41:58.126Z] GET /admin/brands/listBrand?id=6925c63cb2f85bff20cf09cb&page=1 : 302 (16ms)
[2025-12-04T13:41:58.142Z] GET /admin/brands/?page=1 : 200 (13ms)
[2025-12-04T13:41:58.163Z] GET /js/admin/categoryList.js : 404 (4ms)
[2025-12-04T13:41:59.109Z] GET /admin/brands/unlistBrand?id=6925c63cb2f85bff20cf09cb&page=1 : 302 (6ms)
[2025-12-04T13:41:59.124Z] GET /admin/brands/?page=1 : 200 (13ms)
[2025-12-04T13:41:59.137Z] GET /js/admin/categoryList.js : 404 (1ms)
[2025-12-04T13:41:59.835Z] GET /admin/brands/listBrand?id=6925c63cb2f85bff20cf09cb&page=1 : 302 (5ms)
[2025-12-04T13:41:59.847Z] GET /admin/brands/?page=1 : 200 (10ms)
[2025-12-04T13:41:59.861Z] GET /js/admin/categoryList.js : 404 (1ms)
[2025-12-04T13:42:17.173Z] GET /.well-known/appspecific/com.chrome.devtools.json : 404 (2ms)
[2025-12-04T13:42:26.354Z] GET /admin/brands/unlistBrand?id=6925c63cb2f85bff20cf09cb&page=1 : 302 (9ms)
[2025-12-04T13:42:26.372Z] GET /admin/brands/?page=1 : 200 (14ms)
[2025-12-04T13:42:26.388Z] GET /js/admin/categoryList.js : 404 (2ms)
[2025-12-04T13:42:29.108Z] GET /admin/brands/listBrand?id=6925c63cb2f85bff20cf09cb&page=1 : 302 (6ms)
[2025-12-04T13:42:29.121Z] GET /admin/brands/?page=1 : 200 (11ms)
[2025-12-04T13:42:29.136Z] GET /js/admin/categoryList.js : 404 (1ms)
[2025-12-04T13:42:30.769Z] GET /admin/brands/?page=4&sort=name : 200 (12ms)
[2025-12-04T13:42:30.786Z] GET /js/admin/categoryList.js : 404 (1ms)
[2025-12-04T13:42:31.954Z] GET /admin/brands/unlistBrand?id=68f85a43bf276505631cad2e&page=4 : 302 (5ms)
[2025-12-04T13:42:31.966Z] GET /admin/brands/?page=4 : 200 (10ms)
[2025-12-04T13:42:31.980Z] GET /js/admin/categoryList.js : 404 (1ms)
[2025-12-04T13:42:32.650Z] GET /admin/brands/listBrand?id=68f85a43bf276505631cad2e&page=4 : 302 (5ms)
[2025-12-04T13:42:32.662Z] GET /admin/brands/?page=4 : 200 (10ms)
[2025-12-04T13:42:32.676Z] GET /js/admin/categoryList.js : 404 (1ms)
[2025-12-04T13:42:34.127Z] GET /admin/brands/?page=1&sort=name : 200 (12ms)
[2025-12-04T13:42:34.149Z] GET /js/admin/categoryList.js : 404 (1ms)
[2025-12-04T13:42:37.579Z] GET /admin/brands/?page=1&sort=name : 200 (11ms)
[2025-12-04T13:42:37.595Z] GET /js/admin/categoryList.js : 404 (1ms)
[2025-12-04T13:43:10.760Z] GET /admin/brands/?page=1&sort=name : 302 (17ms)
[2025-12-04T13:43:10.768Z] GET /admin/login : 200 (6ms)
[2025-12-04T13:43:16.235Z] POST /admin/login : 302 (93ms)
[2025-12-04T13:43:16.244Z] GET /admin : 200 (4ms)
[2025-12-04T13:43:16.377Z] GET /admin/report?range=monthly : 200 (7ms)
[2025-12-04T13:43:17.796Z] GET /admin/brands : 200 (22ms)
[2025-12-04T13:43:17.824Z] GET /js/admin/categoryList.js : 404 (3ms)
[2025-12-04T13:43:18.861Z] GET /admin/brands/unlistBrand?id=6925c63cb2f85bff20cf09cb&page=1 : 302 (12ms)
[2025-12-04T13:43:18.876Z] GET /admin/brands/?page=1 : 200 (12ms)
[2025-12-04T13:43:18.892Z] GET /js/admin/categoryList.js : 404 (3ms)
[2025-12-04T13:43:19.517Z] GET /admin/brands/listBrand?id=6925c63cb2f85bff20cf09cb&page=1 : 302 (7ms)
[2025-12-04T13:43:19.531Z] GET /admin/brands/?page=1 : 200 (11ms)
[2025-12-04T13:43:19.549Z] GET /js/admin/categoryList.js : 404 (1ms)
[2025-12-04T13:43:24.826Z] GET /admin/brands/?page=4&sort=name : 200 (12ms)
[2025-12-04T13:43:24.849Z] GET /js/admin/categoryList.js : 404 (2ms)
[2025-12-04T13:43:25.698Z] GET /admin/brands/unlistBrand?id=68f85949ed589925c667bb89&page=4 : 302 (6ms)
[2025-12-04T13:43:25.710Z] GET /admin/brands/?page=4 : 200 (9ms)
[2025-12-04T13:43:25.727Z] GET /js/admin/categoryList.js : 404 (1ms)
[2025-12-04T13:43:26.263Z] GET /admin/brands/listBrand?id=68f85949ed589925c667bb89&page=4 : 302 (5ms)
[2025-12-04T13:43:26.272Z] GET /admin/brands/?page=4 : 200 (8ms)
[2025-12-04T13:43:26.283Z] GET /js/admin/categoryList.js : 404 (1ms)
[2025-12-04T13:43:35.562Z] GET /admin/brands/?page=1&sort=name : 200 (12ms)
[2025-12-04T13:43:35.584Z] GET /js/admin/categoryList.js : 404 (2ms)
[2025-12-04T13:43:36.684Z] GET /admin/brands/editBrand?id=6925c63cb2f85bff20cf09cb : 200 (8ms)
[2025-12-04T13:44:13.328Z] GET /admin/brands/editBrand?id=6925c63cb2f85bff20cf09cb : 302 (19ms)
[2025-12-04T13:44:13.337Z] GET /admin/login : 200 (7ms)
[2025-12-04T13:44:19.885Z] POST /admin/login : 302 (93ms)
[2025-12-04T13:44:19.895Z] GET /admin : 200 (5ms)
[2025-12-04T13:44:19.989Z] GET /admin/report?range=monthly : 200 (7ms)
[2025-12-04T13:44:21.442Z] GET /admin/brands : 200 (22ms)
[2025-12-04T13:44:21.468Z] GET /js/admin/categoryList.js : 404 (3ms)
[2025-12-04T13:44:23.356Z] GET /admin/brands/addBrand : 200 (7ms)
[2025-12-04T13:44:33.270Z] POST /admin/brands/addBrand : 200 (3016ms)
[2025-12-04T13:44:35.235Z] GET /admin/brands : 200 (17ms)
[2025-12-04T13:44:35.260Z] GET /js/admin/categoryList.js : 404 (5ms)
[2025-12-04T13:44:39.410Z] GET /admin/brands/listBrand?id=69319041d6a648c0d52d6668&page=1 : 302 (12ms)
[2025-12-04T13:44:39.424Z] GET /admin/brands/?page=1 : 200 (12ms)
[2025-12-04T13:44:39.440Z] GET /js/admin/categoryList.js : 404 (1ms)
[2025-12-04T13:44:54.918Z] GET /admin/brands/editBrand?id=69319041d6a648c0d52d6668 : 200 (15ms)
[2025-12-04T13:45:12.152Z] PUT /admin/brands/editBrand?id=69319041d6a648c0d52d6668 : 200 (4965ms)
[2025-12-04T13:45:13.397Z] GET /admin/brands : 200 (13ms)
[2025-12-04T13:45:13.423Z] GET /js/admin/categoryList.js : 404 (5ms)
[2025-12-04T13:45:16.394Z] GET /admin/brands/editBrand?id=69319041d6a648c0d52d6668 : 200 (11ms)
[2025-12-04T13:45:18.957Z] PUT /admin/brands/editBrand?id=69319041d6a648c0d52d6668 : 200 (9ms)
[2025-12-04T13:45:20.187Z] GET /admin/brands : 200 (10ms)
[2025-12-04T13:45:20.210Z] GET /js/admin/categoryList.js : 404 (3ms)
[2025-12-04T13:45:22.174Z] GET /admin/brands : 200 (12ms)
[2025-12-04T13:45:22.189Z] GET /js/admin/categoryList.js : 404 (1ms)
[2025-12-04T13:45:23.475Z] GET /admin/brands/editBrand?id=69319041d6a648c0d52d6668 : 200 (11ms)
[2025-12-04T13:45:31.129Z] PUT /admin/brands/editBrand?id=69319041d6a648c0d52d6668 : 200 (10ms)
[2025-12-04T13:45:32.366Z] GET /admin/brands : 200 (11ms)
[2025-12-04T13:45:32.392Z] GET /js/admin/categoryList.js : 404 (2ms)
[2025-12-04T13:45:34.086Z] GET /admin/brands/editBrand?id=69319041d6a648c0d52d6668 : 200 (8ms)
[2025-12-04T13:48:13.707Z] GET /admin/brands/editBrand?id=69319041d6a648c0d52d6668 : 200 (16ms)
[2025-12-04T13:50:45.652Z] GET /admin/brands/editBrand?id=69319041d6a648c0d52d6668 : 200 (13ms)
[2025-12-04T13:50:50.177Z] GET /admin/brands/editBrand?id=69319041d6a648c0d52d6668 : 200 (8ms)
[2025-12-04T13:51:00.919Z] GET /admin/brands/editBrand?id=69319041d6a648c0d52d6668 : 200 (8ms)
[2025-12-04T13:51:03.405Z] GET /admin/brands/editBrand?id=69319041d6a648c0d52d6668 : 200 (8ms)
[2025-12-04T13:51:03.615Z] GET /admin/brands/editBrand?id=69319041d6a648c0d52d6668 : 200 (6ms)
[2025-12-04T13:53:09.770Z] GET /admin/brands/editBrand?id=69319041d6a648c0d52d6668 : 200 (17ms)
[2025-12-04T13:53:12.475Z] PUT /admin/brands/editBrand?id=69319041d6a648c0d52d6668 : 200 (26ms)
[2025-12-04T13:53:12.509Z] GET /admin/brands : 200 (20ms)
[2025-12-04T13:53:12.539Z] GET /js/admin/categoryList.js : 404 (6ms)
[2025-12-04T13:53:14.126Z] GET /admin/brands : 200 (13ms)
[2025-12-04T13:53:14.141Z] GET /js/admin/categoryList.js : 404 (1ms)
[2025-12-04T13:53:15.338Z] GET /admin/brands/addBrand : 200 (8ms)
[2025-12-04T13:53:19.424Z] GET /admin/brands : 200 (12ms)
[2025-12-04T13:53:19.448Z] GET /js/admin/categoryList.js : 404 (2ms)
[2025-12-04T13:53:20.998Z] GET /admin/brands/editBrand?id=69319041d6a648c0d52d6668 : 200 (10ms)
[2025-12-04T13:53:57.686Z] PUT /admin/brands/editBrand?id=69319041d6a648c0d52d6668 : 200 (17ms)
[2025-12-04T13:53:57.712Z] GET /admin/brands : 200 (12ms)
[2025-12-04T13:53:57.743Z] GET /js/admin/categoryList.js : 404 (6ms)
[2025-12-04T13:54:50.803Z] GET /admin/brands/editBrand?id=69319041d6a648c0d52d6668 : 200 (19ms)
[2025-12-04T14:02:07.460Z] GET /admin/brands/editBrand?id=69319041d6a648c0d52d6668 : 200 (56ms)
[2025-12-04T14:02:10.719Z] GET /admin/brands/editBrand?id=69319041d6a648c0d52d6668 : 200 (9ms)
[2025-12-04T14:02:10.905Z] GET /admin/brands/editBrand?id=69319041d6a648c0d52d6668 : 200 (5ms)
[2025-12-04T14:02:20.375Z] GET /admin/brands/editBrand?id=69319041d6a648c0d52d6668 : 200 (11ms)
[2025-12-04T14:04:34.901Z] GET /admin/brands/editBrand?id=69319041d6a648c0d52d6668 : 200 (15ms)
[2025-12-04T14:04:35.467Z] GET /admin/brands/editBrand?id=69319041d6a648c0d52d6668 : 200 (9ms)
[2025-12-04T14:09:34.228Z] PUT /admin/brands/editBrand?id=69319041d6a648c0d52d6668 : 200 (9161ms)
[2025-12-04T14:09:34.301Z] GET /admin/brands : 200 (65ms)
[2025-12-04T14:09:34.343Z] GET /js/admin/categoryList.js : 404 (1ms)
[2025-12-04T14:09:43.970Z] GET /admin/brands/editBrand?id=69319041d6a648c0d52d6668 : 200 (8ms)
[2025-12-04T14:10:30.401Z] GET /admin/brands/editBrand?id=69319041d6a648c0d52d6668 : 200 (20ms)
[2025-12-04T14:12:38.310Z] GET /admin/brands/editBrand?id=69319041d6a648c0d52d6668 : 200 (19ms)
[2025-12-04T14:12:52.017Z] PUT /admin/brands/editBrand?id=69319041d6a648c0d52d6668 : 200 (2604ms)
[2025-12-04T14:12:52.044Z] GET /admin/brands : 200 (12ms)
[2025-12-04T14:12:52.069Z] GET /js/admin/categoryList.js : 404 (2ms)
[2025-12-04T15:37:09.828Z] GET /admin/brands/editBrand?id=69319041d6a648c0d52d6668 : 200 (47ms)
[2025-12-04T15:37:12.047Z] GET /admin/brands/editBrand?id=69319041d6a648c0d52d6668 : 200 (7ms)
[2025-12-04T15:37:24.730Z] GET /admin/brands/editBrand?id=69319041d6a648c0d52d6668 : 200 (43ms)
[2025-12-04T15:37:28.425Z] PUT /admin/brands/editBrand?id=69319041d6a648c0d52d6668 : 200 (51ms)
[2025-12-04T15:37:28.518Z] GET /admin/brands : 200 (79ms)
[2025-12-04T15:37:28.552Z] GET /js/admin/categoryList.js : 404 (3ms)
[2025-12-04T15:37:31.145Z] GET /admin/brands/editBrand?id=69319041d6a648c0d52d6668 : 200 (9ms)
[2025-12-04T15:37:40.564Z] GET /admin/brands/editBrand?id=69319041d6a648c0d52d6668 : 200 (11ms)
[2025-12-04T15:37:41.186Z] GET /admin/brands/editBrand?id=69319041d6a648c0d52d6668 : 200 (5ms)
[2025-12-04T15:37:42.692Z] GET /admin/brands/editBrand?id=69319041d6a648c0d52d6668 : 200 (9ms)
[2025-12-04T15:40:37.432Z] GET /admin/brands/editBrand?id=69319041d6a648c0d52d6668 : 200 (15ms)
[2025-12-04T15:40:49.292Z] GET /admin/brands/editBrand?brandName=adfadf&brandImage=brand_1764862847826.png : 500 (39ms)
[2025-12-04T15:41:00.333Z] GET /admin/brands/editBrand?id=69319041d6a648c0d52d6668 : 200 (5ms)
[2025-12-04T15:41:01.454Z] GET /admin/brands/editBrand?id=69319041d6a648c0d52d6668 : 200 (5ms)
[2025-12-04T15:41:02.668Z] PUT /admin/brands/editBrand?id=69319041d6a648c0d52d6668 : 200 (11ms)
[2025-12-04T15:41:02.693Z] GET /admin/brands : 200 (12ms)
[2025-12-04T15:41:02.713Z] GET /js/admin/categoryList.js : 404 (1ms)
[2025-12-04T15:41:05.392Z] GET /admin/brands : 200 (11ms)
[2025-12-04T15:41:05.405Z] GET /js/admin/categoryList.js : 404 (1ms)
[2025-12-04T15:41:07.059Z] GET /admin/brands/editBrand?id=69319041d6a648c0d52d6668 : 200 (7ms)
[2025-12-04T15:41:21.500Z] PUT /admin/brands/editBrand?id=69319041d6a648c0d52d6668 : 200 (3798ms)
[2025-12-04T15:41:21.521Z] GET /admin/brands : 200 (10ms)
[2025-12-04T15:41:21.544Z] GET /js/admin/categoryList.js : 404 (2ms)
[2025-12-04T15:41:24.539Z] GET /admin/brands/editBrand?id=69319041d6a648c0d52d6668 : 200 (6ms)
[2025-12-04T15:46:48.310Z] GET /admin/brands/editBrand?id=69319041d6a648c0d52d6668 : 200 (17ms)
[2025-12-04T15:47:22.246Z] GET /admin/brands/editBrand?id=69319041d6a648c0d52d6668 : 200 (11ms)
[2025-12-04T15:47:38.027Z] PUT /admin/brands/editBrand?id=69319041d6a648c0d52d6668 : 200 (5370ms)
[2025-12-04T15:47:38.061Z] GET /admin/brands : 200 (18ms)
[2025-12-04T15:47:38.106Z] GET /js/admin/categoryList.js : 404 (11ms)
[2025-12-04T15:47:44.342Z] GET /admin/brands/editBrand?id=69319041d6a648c0d52d6668 : 200 (10ms)
[2025-12-04T15:49:11.332Z] GET /admin/brands/editBrand?id=69319041d6a648c0d52d6668 : 200 (18ms)
[2025-12-04T15:49:25.024Z] PUT /admin/brands/editBrand?id=69319041d6a648c0d52d6668 : 200 (3346ms)
[2025-12-04T15:49:25.051Z] GET /admin/brands : 200 (14ms)
[2025-12-04T15:49:25.078Z] GET /js/admin/categoryList.js : 404 (5ms)
[2025-12-04T16:24:30.860Z] GET /admin/brands : 302 (57ms)
[2025-12-04T16:24:30.878Z] GET /admin/login : 200 (9ms)
[2025-12-04T16:24:37.133Z] POST /admin/login : 302 (100ms)
[2025-12-04T16:24:37.144Z] GET /admin : 200 (7ms)
[2025-12-04T16:24:37.258Z] GET /admin/report?range=monthly : 200 (17ms)
[2025-12-04T16:24:38.501Z] GET /admin/brands : 200 (69ms)
[2025-12-04T16:24:38.530Z] GET /js/admin/categoryList.js : 404 (5ms)
[2025-12-04T16:24:40.273Z] GET /admin/brands/editBrand?id=69319041d6a648c0d52d6668 : 200 (9ms)
[2025-12-04T16:24:50.623Z] PUT /admin/brands/editBrand?id=69319041d6a648c0d52d6668 : 200 (43ms)
[2025-12-04T16:24:51.267Z] PUT /admin/brands/editBrand?id=69319041d6a648c0d52d6668 : 200 (11ms)
[2025-12-04T16:24:51.808Z] PUT /admin/brands/editBrand?id=69319041d6a648c0d52d6668 : 200 (9ms)
[2025-12-04T16:24:52.004Z] PUT /admin/brands/editBrand?id=69319041d6a648c0d52d6668 : 200 (11ms)
[2025-12-04T16:24:52.657Z] PUT /admin/brands/editBrand?id=69319041d6a648c0d52d6668 : 200 (11ms)
[2025-12-04T16:27:04.348Z] GET /admin/brands/editBrand?id=69319041d6a648c0d52d6668 : 302 (44ms)
[2025-12-04T16:27:04.359Z] GET /admin/login : 200 (8ms)
[2025-12-04T16:27:12.206Z] POST /admin/login : 200 (95ms)
[2025-12-04T16:27:20.551Z] POST /admin/login : 302 (97ms)
[2025-12-04T16:27:20.560Z] GET /admin : 200 (5ms)
[2025-12-04T16:27:20.668Z] GET /admin/report?range=monthly : 200 (20ms)
[2025-12-04T16:27:21.929Z] GET /admin/brands : 200 (51ms)
[2025-12-04T16:27:21.958Z] GET /js/admin/categoryList.js : 404 (5ms)
[2025-12-04T16:27:23.752Z] GET /admin/brands/editBrand?id=69319041d6a648c0d52d6668 : 200 (10ms)
[2025-12-04T16:27:46.612Z] GET /.well-known/appspecific/com.chrome.devtools.json : 404 (8ms)
[2025-12-04T16:28:00.766Z] PUT /admin/brands/editBrand?id=69319041d6a648c0d52d6668 : 200 (2761ms)
[2025-12-04T16:28:03.713Z] PUT /admin/brands/editBrand?id=69319041d6a648c0d52d6668 : 200 (3544ms)
[2025-12-04T16:28:30.029Z] PUT /admin/brands/editBrand?id=69319041d6a648c0d52d6668 : 200 (3528ms)
[2025-12-04T16:28:51.188Z] PUT /admin/brands/editBrand?id=69319041d6a648c0d52d6668 : 200 (2344ms)
[2025-12-04T16:28:51.678Z] PUT /admin/brands/editBrand?id=69319041d6a648c0d52d6668 : 200 (2092ms)
[2025-12-04T16:28:52.387Z] GET /admin/brands/editBrand?id=69319041d6a648c0d52d6668 : 200 (7ms)
[2025-12-04T16:28:52.414Z] GET /.well-known/appspecific/com.chrome.devtools.json : 404 (2ms)
[2025-12-04T16:28:53.789Z] PUT /admin/brands/editBrand?id=69319041d6a648c0d52d6668 : 400 (9ms)
[2025-12-04T16:29:06.137Z] PUT /admin/brands/editBrand?id=69319041d6a648c0d52d6668 : 400 (9ms)
[2025-12-04T16:30:12.692Z] GET /admin/brands/editBrand?id=69319041d6a648c0d52d6668 : 200 (15ms)
[2025-12-04T16:30:12.735Z] GET /.well-known/appspecific/com.chrome.devtools.json : 404 (11ms)
[2025-12-04T16:30:13.958Z] PUT /admin/brands/editBrand?id=69319041d6a648c0d52d6668 : 400 (10ms)
[2025-12-04T16:30:17.821Z] PUT /admin/brands/editBrand?id=69319041d6a648c0d52d6668 : 400 (11ms)
[2025-12-04T16:31:25.620Z] GET /admin/brands/editBrand?id=69319041d6a648c0d52d6668 : 200 (33ms)
[2025-12-04T16:31:25.672Z] GET /.well-known/appspecific/com.chrome.devtools.json : 404 (8ms)
[2025-12-04T16:31:26.499Z] PUT /admin/brands/editBrand?id=69319041d6a648c0d52d6668 : 400 (34ms)
[2025-12-04T16:34:26.853Z] GET /admin/brands/editBrand?id=69319041d6a648c0d52d6668 : 302 (31ms)
[2025-12-04T16:34:26.864Z] GET /admin/login : 200 (8ms)
[2025-12-04T16:34:33.079Z] POST /admin/login : 302 (93ms)
[2025-12-04T16:34:33.089Z] GET /admin : 200 (6ms)
[2025-12-04T16:34:33.240Z] GET /admin/report?range=monthly : 200 (20ms)
[2025-12-04T16:34:34.717Z] GET /admin/brands : 200 (53ms)
[2025-12-04T16:34:34.743Z] GET /js/admin/categoryList.js : 404 (4ms)
[2025-12-04T16:34:36.349Z] GET /admin/brands/editBrand?id=69319041d6a648c0d52d6668 : 200 (12ms)
[2025-12-04T16:34:58.364Z] PUT /admin/brands/editBrand?id=69319041d6a648c0d52d6668 : 200 (4740ms)
[2025-12-04T16:34:59.613Z] GET /admin/brands : 200 (17ms)
[2025-12-04T16:34:59.635Z] GET /js/admin/categoryList.js : 404 (3ms)
[2025-12-04T16:35:03.843Z] GET /admin/brands/unlistBrand?id=69319041d6a648c0d52d6668&page=1 : 302 (15ms)
[2025-12-04T16:35:03.867Z] GET /admin/brands/?page=1 : 200 (21ms)
[2025-12-04T16:35:03.884Z] GET /js/admin/categoryList.js : 404 (1ms)
[2025-12-04T16:35:04.479Z] GET /admin/brands/listBrand?id=69319041d6a648c0d52d6668&page=1 : 302 (5ms)
[2025-12-04T16:35:04.494Z] GET /admin/brands/?page=1 : 200 (12ms)
[2025-12-04T16:35:04.513Z] GET /js/admin/categoryList.js : 404 (2ms)
[2025-12-04T16:36:26.279Z] GET /admin/brands : 302 (73ms)
[2025-12-04T16:36:26.292Z] GET /admin/login : 200 (9ms)
[2025-12-04T16:36:32.713Z] POST /admin/login : 302 (97ms)
[2025-12-04T16:36:32.723Z] GET /admin : 200 (5ms)
[2025-12-04T16:36:32.823Z] GET /admin/report?range=monthly : 200 (10ms)
[2025-12-04T16:36:34.900Z] GET /admin/brands : 200 (21ms)
[2025-12-04T16:36:34.932Z] GET /js/admin/categoryList.js : 404 (7ms)
[2025-12-04T16:36:35.359Z] GET /admin/products : 200 (42ms)
[2025-12-04T16:36:35.392Z] GET /js/admin/categoryList.js : 404 (8ms)
[2025-12-04T16:36:39.468Z] GET /admin/category : 200 (17ms)
[2025-12-04T16:37:31.524Z] GET /admin/category : 302 (10ms)
[2025-12-04T16:37:31.531Z] GET /admin/login : 200 (6ms)
[2025-12-04T16:37:39.740Z] POST /admin/login : 302 (92ms)
[2025-12-04T16:37:39.747Z] GET /admin : 200 (4ms)
[2025-12-04T16:37:39.835Z] GET /admin/report?range=monthly : 200 (15ms)
[2025-12-04T16:37:40.912Z] GET /admin/brands : 200 (21ms)
[2025-12-04T16:37:40.949Z] GET /js/admin/categoryList.js : 404 (3ms)
[2025-12-04T16:37:45.913Z] GET /admin/brands : 200 (15ms)
[2025-12-04T16:37:45.927Z] GET /js/admin/categoryList.js : 404 (2ms)
[2025-12-04T16:37:47.222Z] GET /admin/orders : 200 (14ms)
[2025-12-04T16:37:48.989Z] GET /admin/brands : 200 (13ms)
[2025-12-04T16:37:49.008Z] GET /js/admin/categoryList.js : 404 (2ms)
[2025-12-04T16:37:50.149Z] GET /admin/orders : 200 (11ms)
[2025-12-04T16:37:51.199Z] GET /admin/brands : 200 (13ms)
[2025-12-04T16:37:51.216Z] GET /js/admin/categoryList.js : 404 (2ms)
[2025-12-04T16:44:44.302Z] GET /admin/category : 200 (75ms)
[2025-12-04T16:44:44.551Z] GET /admin/category : 200 (13ms)
[2025-12-04T16:44:45.308Z] GET /admin/category : 200 (16ms)
[2025-12-04T16:47:43.192Z] GET /admin/category : 302 (27ms)
[2025-12-04T16:47:43.202Z] GET /admin/login : 200 (7ms)
[2025-12-04T16:47:49.575Z] POST /admin/login : 302 (95ms)
[2025-12-04T16:47:49.584Z] GET /admin : 200 (4ms)
[2025-12-04T16:47:49.681Z] GET /admin/report?range=monthly : 200 (7ms)
[2025-12-04T16:47:53.597Z] GET /admin/category : 200 (54ms)
[2025-12-04T16:47:55.093Z] GET /admin/category/add : 200 (8ms)
[2025-12-04T16:50:10.093Z] GET /admin/category/add : 302 (27ms)
[2025-12-04T16:50:10.101Z] GET /admin/login : 200 (6ms)
[2025-12-04T16:50:17.799Z] POST /admin/login : 302 (94ms)
[2025-12-04T16:50:17.806Z] GET /admin : 200 (3ms)
[2025-12-04T16:50:17.899Z] GET /admin/report?range=monthly : 200 (7ms)
[2025-12-04T16:50:19.075Z] GET /admin/products : 200 (46ms)
[2025-12-04T16:50:19.113Z] GET /js/admin/categoryList.js : 404 (14ms)
[2025-12-04T16:50:19.482Z] GET /admin/brands : 200 (13ms)
[2025-12-04T16:50:19.505Z] GET /js/admin/categoryList.js : 404 (5ms)
[2025-12-04T16:50:20.236Z] GET /admin/brands : 200 (14ms)
[2025-12-04T16:50:20.247Z] GET /js/admin/categoryList.js : 404 (1ms)
[2025-12-04T16:50:21.719Z] GET /admin/category : 200 (17ms)
[2025-12-04T16:50:22.946Z] GET /admin/category/add : 200 (8ms)
[2025-12-04T16:50:32.761Z] POST /admin/category/add : 200 (35ms)
[2025-12-04T16:50:34.006Z] GET /admin/category/add : 200 (10ms)
[2025-12-04T16:50:37.871Z] GET /admin/category : 200 (18ms)
[2025-12-04T16:50:40.179Z] GET /admin/category : 200 (10ms)
[2025-12-04T16:50:45.496Z] POST /admin/category/removeCategoryOffer : 200 (18ms)
[2025-12-04T16:50:46.663Z] GET /admin/category : 200 (12ms)
[2025-12-04T16:50:49.406Z] GET /admin/category : 200 (14ms)
[2025-12-04T16:50:51.244Z] POST /admin/category/removeCategoryOffer : 200 (7ms)
[2025-12-04T16:50:52.386Z] GET /admin/category : 200 (13ms)
[2025-12-04T16:50:52.962Z] GET /admin/category : 200 (14ms)
[2025-12-04T16:50:53.323Z] GET /admin/category : 200 (11ms)
[2025-12-04T16:50:53.519Z] GET /admin/category : 200 (11ms)
[2025-12-04T16:50:53.717Z] GET /admin/category : 200 (9ms)
[2025-12-04T16:50:54.380Z] GET /admin/category : 200 (11ms)
[2025-12-04T16:51:00.111Z] POST /admin/category/addCategoryOffer : 200 (9ms)
[2025-12-04T16:51:01.565Z] GET /admin/category : 200 (13ms)
[2025-12-04T16:51:03.147Z] GET /admin/category : 200 (15ms)
[2025-12-04T16:51:06.540Z] GET /admin/category/add : 200 (7ms)
[2025-12-04T16:51:10.753Z] POST /admin/category/add : 200 (8ms)
[2025-12-04T16:51:11.981Z] GET /admin/category/add : 200 (5ms)
[2025-12-04T16:51:15.081Z] GET /admin/category : 200 (12ms)
[2025-12-04T16:51:18.040Z] GET /admin/category/editCategory?id=6931bbfe6950c747d9503162 : 200 (8ms)
[2025-12-04T16:51:21.478Z] GET /admin/category : 200 (14ms)
[2025-12-04T16:51:23.863Z] POST /admin/category/removeCategoryOffer : 200 (8ms)
[2025-12-04T16:51:24.784Z] GET /admin/category : 200 (13ms)
[2025-12-04T16:51:26.122Z] GET /admin/category : 200 (17ms)
[2025-12-04T16:51:26.436Z] GET /admin/category : 200 (9ms)
[2025-12-04T16:51:26.616Z] GET /admin/category : 200 (9ms)
[2025-12-04T16:51:29.698Z] GET /admin/category/add : 200 (13ms)
[2025-12-04T16:51:59.257Z] GET /admin/category : 200 (20ms)
[2025-12-04T16:51:59.560Z] GET /admin/category : 200 (8ms)
[2025-12-04T16:52:02.131Z] GET /admin/category?sort=name&search=&page=2 : 200 (11ms)
[2025-12-04T16:52:07.210Z] POST /admin/category/removeCategoryOffer : 200 (43ms)
[2025-12-04T16:52:08.277Z] GET /admin/category?sort=name&search=&page=2 : 200 (11ms)
[2025-12-04T16:52:10.099Z] POST /admin/category/removeCategoryOffer : 200 (6ms)
[2025-12-04T16:52:10.952Z] GET /admin/category?sort=name&search=&page=2 : 200 (9ms)
[2025-12-04T16:52:14.844Z] GET /admin/category?sort=name&search=&page=1 : 200 (13ms)
[2025-12-04T16:52:25.652Z] GET /admin/category/add : 200 (11ms)
[2025-12-04T16:56:11.069Z] GET /admin/category/add : 302 (34ms)
[2025-12-04T16:56:11.078Z] GET /admin/login : 200 (7ms)
[2025-12-04T16:56:15.058Z] GET /.well-known/appspecific/com.chrome.devtools.json : 404 (5ms)
[2025-12-04T16:56:18.125Z] POST /admin/category/add : 302 (4ms)
[2025-12-04T16:56:18.130Z] GET /admin/login : 200 (1ms)
[2025-12-04T16:56:30.719Z] POST /admin/login : 302 (103ms)
[2025-12-04T16:56:30.731Z] GET /admin : 200 (7ms)
[2025-12-04T16:56:30.761Z] GET /.well-known/appspecific/com.chrome.devtools.json : 404 (3ms)
[2025-12-04T16:56:30.950Z] GET /admin/report?range=monthly : 200 (15ms)
[2025-12-04T16:56:32.280Z] GET /admin/brands : 200 (50ms)
[2025-12-04T16:56:32.301Z] GET /.well-known/appspecific/com.chrome.devtools.json : 404 (4ms)
[2025-12-04T16:56:32.318Z] GET /js/admin/categoryList.js : 404 (3ms)
[2025-12-04T16:56:33.935Z] GET /admin/category : 200 (18ms)
[2025-12-04T16:56:33.955Z] GET /.well-known/appspecific/com.chrome.devtools.json : 404 (2ms)
[2025-12-04T16:56:36.745Z] POST /admin/category/add : 500 (9ms)
[2025-12-04T16:56:53.161Z] POST /admin/category/add : 500 (10ms)
[2025-12-04T16:57:19.467Z] GET /admin/category : 302 (12ms)
[2025-12-04T16:57:19.472Z] GET /admin/login : 200 (3ms)
[2025-12-04T16:57:19.495Z] GET /.well-known/appspecific/com.chrome.devtools.json : 404 (2ms)
[2025-12-04T16:57:26.304Z] POST /admin/login : 302 (93ms)
[2025-12-04T16:57:26.313Z] GET /admin : 200 (4ms)
[2025-12-04T16:57:26.335Z] GET /.well-known/appspecific/com.chrome.devtools.json : 404 (3ms)
[2025-12-04T16:57:26.437Z] GET /admin/report?range=monthly : 200 (6ms)
[2025-12-04T16:57:27.813Z] GET /admin/category : 200 (21ms)
[2025-12-04T16:57:27.847Z] GET /.well-known/appspecific/com.chrome.devtools.json : 404 (6ms)
[2025-12-04T16:57:34.214Z] POST /admin/category/add : 400 (7ms)
[2025-12-04T16:57:55.535Z] POST /admin/category/add : 200 (24ms)
[2025-12-04T17:07:37.444Z] GET /admin/category : 302 (121ms)
[2025-12-04T17:07:37.457Z] GET /admin/login : 200 (9ms)
[2025-12-04T17:07:43.439Z] POST /admin/login : 302 (96ms)
[2025-12-04T17:07:43.448Z] GET /admin : 200 (5ms)
[2025-12-04T17:07:43.558Z] GET /admin/report?range=monthly : 200 (12ms)
[2025-12-04T17:07:46.074Z] GET /admin/brands : 200 (57ms)
[2025-12-04T17:07:46.105Z] GET /js/admin/categoryList.js : 404 (5ms)
[2025-12-04T17:07:47.384Z] GET /admin/category : 200 (22ms)
[2025-12-04T17:07:49.575Z] GET /admin/category : 200 (18ms)
[2025-12-04T17:07:51.595Z] POST /admin/category/removeCategoryOffer : 200 (15ms)
[2025-12-04T17:07:52.726Z] GET /admin/category : 200 (13ms)
[2025-12-04T17:07:53.570Z] GET /admin/category : 200 (16ms)
[2025-12-04T17:08:14.141Z] GET /admin/category : 200 (21ms)
[2025-12-04T17:08:16.917Z] GET /admin/category/add : 200 (9ms)
[2025-12-04T17:08:41.289Z] GET /.well-known/appspecific/com.chrome.devtools.json : 404 (8ms)
[2025-12-04T17:09:33.295Z] POST /admin/category/add : 400 (15ms)
[2025-12-04T17:10:09.914Z] POST /admin/category/add : 500 (32ms)
[2025-12-04T17:11:27.843Z] GET /admin/category/add : 302 (105ms)
[2025-12-04T17:11:27.854Z] GET /admin/login : 200 (5ms)
[2025-12-04T17:11:27.908Z] GET /.well-known/appspecific/com.chrome.devtools.json : 404 (3ms)
[2025-12-04T17:11:35.279Z] POST /admin/login : 302 (97ms)
[2025-12-04T17:11:35.290Z] GET /admin : 200 (6ms)
[2025-12-04T17:11:35.316Z] GET /.well-known/appspecific/com.chrome.devtools.json : 404 (4ms)
[2025-12-04T17:11:35.537Z] GET /admin/report?range=monthly : 200 (33ms)
[2025-12-04T17:12:05.018Z] POST /admin/category/add : 500 (45ms)
[2025-12-04T17:12:27.199Z] POST /admin/category/add : 302 (16ms)
[2025-12-04T17:12:27.206Z] GET /admin/login : 200 (5ms)
[2025-12-04T17:12:33.092Z] GET /admin : 302 (8ms)
[2025-12-04T17:12:33.098Z] GET /admin/login : 200 (3ms)
[2025-12-04T17:12:33.128Z] GET /.well-known/appspecific/com.chrome.devtools.json : 404 (8ms)
[2025-12-04T17:12:39.127Z] POST /admin/login : 302 (100ms)
[2025-12-04T17:12:39.137Z] GET /admin : 200 (5ms)
[2025-12-04T17:12:39.161Z] GET /.well-known/appspecific/com.chrome.devtools.json : 404 (4ms)
[2025-12-04T17:12:39.264Z] GET /admin/report?range=monthly : 200 (6ms)
[2025-12-04T17:12:42.329Z] POST /admin/category/add : 400 (9ms)
[2025-12-04T17:13:04.495Z] POST /admin/category/add : 400 (7ms)
[2025-12-04T17:13:28.186Z] GET /admin/category : 200 (28ms)
[2025-12-04T17:13:28.210Z] GET /.well-known/appspecific/com.chrome.devtools.json : 404 (8ms)
[2025-12-04T17:14:45.556Z] GET /admin/category : 302 (14ms)
[2025-12-04T17:14:45.562Z] GET /admin/login : 200 (5ms)
[2025-12-04T17:14:51.850Z] POST /admin/login : 302 (92ms)
[2025-12-04T17:14:51.860Z] GET /admin : 200 (5ms)
[2025-12-04T17:14:51.968Z] GET /admin/report?range=monthly : 200 (9ms)
[2025-12-04T17:14:54.434Z] GET /admin/category : 200 (20ms)
[2025-12-04T17:15:44.115Z] GET /admin/category : 200 (137ms)
[2025-12-04T17:15:46.475Z] GET /.well-known/appspecific/com.chrome.devtools.json : 404 (3ms)
[2025-12-04T17:16:07.415Z] POST /admin/category/removeCategoryOffer : 404 (16ms)
[2025-12-04T17:18:06.281Z] GET /admin/category/add : 302 (32ms)
[2025-12-04T17:18:06.290Z] GET /admin/login : 200 (6ms)
[2025-12-04T17:18:06.335Z] GET /.well-known/appspecific/com.chrome.devtools.json : 404 (7ms)
[2025-12-04T17:18:12.773Z] POST /admin/login : 302 (96ms)
[2025-12-04T17:18:12.782Z] GET /admin : 200 (4ms)
[2025-12-04T17:18:12.803Z] GET /.well-known/appspecific/com.chrome.devtools.json : 404 (4ms)
[2025-12-04T17:18:13.008Z] GET /admin/report?range=monthly : 200 (33ms)
[2025-12-04T17:18:14.229Z] GET /admin/orders : 200 (13ms)
[2025-12-04T17:18:14.250Z] GET /.well-known/appspecific/com.chrome.devtools.json : 404 (1ms)
[2025-12-04T17:18:15.879Z] GET /admin/category : 200 (54ms)
[2025-12-04T17:18:15.896Z] GET /.well-known/appspecific/com.chrome.devtools.json : 404 (2ms)
[2025-12-04T17:18:21.162Z] POST /admin/category/addCategoryOffer : 200 (18ms)
[2025-12-04T17:18:22.269Z] GET /admin/category : 200 (15ms)
[2025-12-04T17:18:22.288Z] GET /.well-known/appspecific/com.chrome.devtools.json : 404 (3ms)
[2025-12-04T17:18:25.089Z] POST /admin/category/removeCategoryOffer : 200 (7ms)
[2025-12-04T17:18:36.259Z] GET /admin/category : 200 (10ms)
[2025-12-04T17:18:36.275Z] GET /.well-known/appspecific/com.chrome.devtools.json : 404 (2ms)
[2025-12-04T17:19:38.071Z] POST /admin/category/addCategoryOffer : 302 (15ms)
[2025-12-04T17:19:38.081Z] GET /admin/login : 200 (7ms)
[2025-12-04T17:19:53.414Z] GET /admin/category : 302 (6ms)
[2025-12-04T17:19:53.424Z] GET /admin/login : 200 (3ms)
[2025-12-04T17:19:53.449Z] GET /.well-known/appspecific/com.chrome.devtools.json : 404 (8ms)
[2025-12-05T05:12:08.230Z] GET / : 200 (54ms)
[2025-12-05T05:12:19.460Z] GET /admin : 302 (11ms)
[2025-12-05T05:12:19.466Z] GET /admin/login : 200 (3ms)
[2025-12-05T05:12:26.067Z] POST /admin/login : 302 (99ms)
[2025-12-05T05:12:26.075Z] GET /admin : 200 (5ms)
[2025-12-05T05:12:26.205Z] GET /admin/report?range=monthly : 200 (23ms)
[2025-12-05T05:12:27.570Z] GET /admin/customers : 200 (59ms)
[2025-12-05T05:12:28.184Z] GET /admin/category : 200 (21ms)
[2025-12-05T05:12:28.273Z] GET /favicon.ico : 404 (2ms)
[2025-12-05T05:12:31.693Z] GET /admin/category/editCategory?id=6904835d82d5f8c9a2b29566 : 200 (12ms)
[2025-12-05T05:12:34.565Z] GET /admin/category : 200 (16ms)
[2025-12-05T05:12:36.260Z] GET /admin/category : 200 (15ms)
[2025-12-05T05:12:37.659Z] GET /admin/category : 200 (16ms)
[2025-12-05T05:14:17.988Z] GET /admin/category : 302 (15ms)
[2025-12-05T05:14:17.995Z] GET /admin/login : 200 (6ms)
[2025-12-05T05:14:23.804Z] POST /admin/login : 302 (93ms)
[2025-12-05T05:14:23.810Z] GET /admin : 200 (4ms)
[2025-12-05T05:14:23.906Z] GET /admin/report?range=monthly : 200 (7ms)
[2025-12-05T05:14:25.913Z] GET /admin/category : 200 (23ms)
[2025-12-05T05:14:29.809Z] GET /admin/brands : 200 (15ms)
[2025-12-05T05:14:29.831Z] GET /js/admin/categoryList.js : 404 (5ms)
[2025-12-05T05:14:32.258Z] GET /admin/category : 200 (15ms)
[2025-12-05T05:14:45.344Z] POST /admin/category/addCategoryOffer : 200 (36ms)
[2025-12-05T05:14:46.346Z] GET /admin/category : 200 (16ms)
[2025-12-05T05:21:35.086Z] GET /admin/category : 302 (37ms)
[2025-12-05T05:21:35.097Z] GET /admin/login : 200 (7ms)
[2025-12-05T05:21:41.680Z] POST /admin/login : 302 (94ms)
[2025-12-05T05:21:41.690Z] GET /admin : 200 (6ms)
[2025-12-05T05:21:41.808Z] GET /admin/report?range=monthly : 200 (16ms)
[2025-12-05T05:21:44.452Z] GET /admin/category : 200 (61ms)
[2025-12-05T05:21:46.823Z] POST /admin/category/removeCategoryOffer : 200 (15ms)
[2025-12-05T05:22:18.402Z] GET /admin/category : 302 (20ms)
[2025-12-05T05:22:18.411Z] GET /admin/login : 200 (5ms)
[2025-12-05T05:22:24.179Z] POST /admin/login : 302 (96ms)
[2025-12-05T05:22:24.188Z] GET /admin : 200 (5ms)
[2025-12-05T05:22:24.335Z] GET /admin/report?range=monthly : 200 (36ms)
[2025-12-05T05:22:25.909Z] GET /admin/category : 200 (135ms)
[2025-12-05T05:22:27.031Z] GET /admin/category : 200 (27ms)
[2025-12-05T05:22:30.891Z] POST /admin/category/addCategoryOffer : 200 (30ms)
[2025-12-05T05:22:32.839Z] GET /admin/category : 200 (16ms)
[2025-12-05T05:22:36.539Z] POST /admin/category/removeCategoryOffer : 200 (10ms)
[2025-12-05T05:22:38.306Z] GET /admin/category : 200 (18ms)
[2025-12-05T05:24:17.376Z] GET /admin/category : 200 (113ms)
[2025-12-05T05:24:20.722Z] POST /admin/category/addCategoryOffer : 200 (27ms)
[2025-12-05T05:24:21.710Z] GET /admin/category : 200 (16ms)
[2025-12-05T05:24:22.810Z] GET /admin/category : 200 (15ms)
[2025-12-05T05:24:25.168Z] POST /admin/category/removeCategoryOffer : 200 (8ms)
[2025-12-05T05:24:26.190Z] GET /admin/category : 200 (15ms)
[2025-12-05T06:49:09.493Z] GET / : 200 (104ms)
[2025-12-05T06:49:22.999Z] GET / : 200 (20ms)
[2025-12-05T06:49:31.113Z] GET /.well-known/appspecific/com.chrome.devtools.json : 404 (16ms)
[2025-12-05T06:49:57.381Z] GET /shop : 200 (97ms)
[2025-12-05T06:50:02.031Z] POST /cart/add : 401 (2ms)
[2025-12-05T06:50:04.843Z] GET /login : 200 (2ms)
[2025-12-05T06:50:05.678Z] GET /auth/google : 302 (4ms)
[2025-12-05T06:50:07.322Z] GET /auth/google/callback?code=4%2F0ATX87lOfWF_9G27IUfZ8Gpk67-MABSP_Rihzzpl0fW7GooRQXjb3DplJ-DwNTcHbOd2Usg&scope=email+profile+https%3A%2F%2Fwww.googleapis.com%2Fauth%2Fuserinfo.profile+openid+https%3A%2F%2Fwww.googleapis.com%2Fauth%2Fuserinfo.email&authuser=0&prompt=none : 302 (1079ms)
[2025-12-05T06:50:07.355Z] GET / : 200 (22ms)
[2025-12-05T06:50:10.352Z] GET /shop : 200 (48ms)
[2025-12-05T06:52:36.629Z] GET /shop : 200 (110ms)
[2025-12-05T06:52:36.684Z] GET /shop : 200 (36ms)
[2025-12-05T06:52:36.849Z] GET /shop : 200 (17ms)
[2025-12-05T06:52:37.084Z] GET /shop : 200 (23ms)
[2025-12-05T06:52:37.813Z] GET /shop : 200 (30ms)
[2025-12-05T06:52:38.010Z] GET /shop : 200 (33ms)
[2025-12-05T06:52:38.192Z] GET /shop : 200 (18ms)
[2025-12-05T06:52:44.483Z] GET /component/Motherboard : 200 (36ms)
[2025-12-05T06:52:50.066Z] GET /logout : 302 (1ms)
[2025-12-05T06:52:50.089Z] GET / : 200 (16ms)
[2025-12-05T06:53:06.531Z] GET /products?search=sumesh : 200 (37ms)
[2025-12-05T06:53:16.701Z] GET /products?search=rog : 200 (37ms)
[2025-12-05T06:53:17.694Z] GET /products : 200 (41ms)
[2025-12-05T06:53:27.425Z] GET / : 200 (17ms)
[2025-12-05T06:53:32.787Z] GET /shop : 200 (40ms)
[2025-12-05T06:53:51.341Z] GET /product?id=68f893885a423776e56a774c : 200 (45ms)
[2025-12-05T06:54:04.045Z] POST /wishlist/add : 302 (4ms)
[2025-12-05T06:54:04.051Z] GET /login : 200 (2ms)
[2025-12-05T06:54:04.853Z] GET /login : 200 (1ms)
[2025-12-05T06:54:05.811Z] GET /auth/google : 302 (3ms)
[2025-12-05T06:54:07.537Z] GET /auth/google/callback?code=4%2F0ATX87lP-GoQfVhbLPGbjKtU9y17sre9RK8qwAH1M5k9VP5G0OZrI6RudZnjNTMO7Wf5x4A&scope=email+profile+https%3A%2F%2Fwww.googleapis.com%2Fauth%2Fuserinfo.profile+openid+https%3A%2F%2Fwww.googleapis.com%2Fauth%2Fuserinfo.email&authuser=0&prompt=none : 302 (1169ms)
[2025-12-05T06:54:07.562Z] GET / : 200 (17ms)
[2025-12-05T06:54:09.450Z] GET /cart : 200 (14ms)
[2025-12-05T06:54:11.228Z] GET /shop : 200 (45ms)
[2025-12-05T06:54:12.559Z] POST /cart/add : 200 (40ms)
[2025-12-05T06:54:13.729Z] GET /shop : 200 (34ms)
[2025-12-05T06:54:16.401Z] GET /cart : 200 (26ms)
[2025-12-05T06:54:18.106Z] GET /checkout : 200 (42ms)
[2025-12-05T06:54:18.142Z] GET /checkout : 200 (20ms)
[2025-12-05T06:54:32.128Z] POST /checkout/addAddress : 200 (7ms)
[2025-12-05T06:54:33.019Z] GET /checkout : 200 (37ms)
[2025-12-05T06:54:46.602Z] POST /checkout/create-order : 200 (1775ms)
[2025-12-05T06:55:13.300Z] POST /checkout/verify-payment : 200 (1ms)
[2025-12-05T06:55:14.425Z] POST /checkout/get-transaction-details : 200 (1105ms)
[2025-12-05T06:55:14.515Z] POST /checkout/place-order : 200 (81ms)
[2025-12-05T06:55:20.080Z] GET /order/summary/ORD20251205-0001 : 200 (16ms)
[2025-12-05T06:55:21.707Z] GET /orders : 200 (20ms)
[2025-12-05T06:55:30.657Z] GET /profile : 200 (13ms)
[2025-12-05T06:55:33.192Z] GET /editProfile : 200 (11ms)
[2025-12-05T07:03:27.597Z] GET /editProfile : 200 (32ms)
[2025-12-05T08:10:35.127Z] GET / : 200 (56ms)
[2025-12-05T08:10:39.245Z] GET / : 200 (17ms)
[2025-12-05T08:10:42.954Z] GET /admin : 302 (4ms)
[2025-12-05T08:10:42.965Z] GET /admin/login : 200 (8ms)
[2025-12-05T08:10:49.347Z] POST /admin/login : 302 (98ms)
[2025-12-05T08:10:49.357Z] GET /admin : 200 (3ms)
[2025-12-05T08:10:49.470Z] GET /admin/report?range=monthly : 200 (9ms)
[2025-12-05T08:10:52.366Z] GET /admin/category : 200 (49ms)
[2025-12-05T08:11:36.379Z] GET /admin/category : 302 (17ms)
[2025-12-05T08:11:36.386Z] GET /admin/login : 200 (5ms)
[2025-12-05T08:11:37.121Z] GET /admin/login : 200 (3ms)
[2025-12-05T08:11:42.899Z] POST /admin/login : 302 (95ms)
[2025-12-05T08:11:42.910Z] GET /admin : 200 (5ms)
[2025-12-05T08:11:43.009Z] GET /admin/report?range=monthly : 200 (16ms)
[2025-12-05T08:11:45.283Z] GET /admin/category : 200 (21ms)
[2025-12-05T08:11:50.971Z] GET /admin/category/unListCategory?id=6904835d82d5f8c9a2b29566&page=1 : 302 (27ms)
[2025-12-05T08:11:50.990Z] GET /admin/category/?page=1 : 200 (17ms)
[2025-12-05T08:11:51.612Z] GET /admin/category/listCategory?id=6904835d82d5f8c9a2b29566&page=1 : 302 (5ms)
[2025-12-05T08:11:51.624Z] GET /admin/category/?page=1 : 200 (10ms)
[2025-12-05T08:11:53.303Z] GET /admin/category/unListCategory?id=68f72040d60696bebac0c21c&page=1 : 302 (5ms)
[2025-12-05T08:11:53.317Z] GET /admin/category/?page=1 : 200 (12ms)
[2025-12-05T08:11:54.607Z] GET /admin/category/listCategory?id=68f72040d60696bebac0c21c&page=1 : 302 (6ms)
[2025-12-05T08:11:54.622Z] GET /admin/category/?page=1 : 200 (13ms)
[2025-12-05T08:11:56.332Z] GET /admin/category?sort=name&search=&page=2 : 200 (13ms)
[2025-12-05T08:11:57.508Z] GET /admin/category/listCategory?id=68f71bf0d60696bebac0c1d1&page=2 : 302 (5ms)
[2025-12-05T08:11:57.522Z] GET /admin/category/?page=2 : 200 (11ms)
[2025-12-05T08:11:58.298Z] GET /admin/category/unListCategory?id=68f71bf0d60696bebac0c1d1&page=2 : 302 (5ms)
[2025-12-05T08:11:58.311Z] GET /admin/category/?page=2 : 200 (10ms)
[2025-12-05T08:11:59.775Z] GET /admin/category/unListCategory?id=68f71adbd60696bebac0c1a0&page=2 : 302 (6ms)
[2025-12-05T08:11:59.789Z] GET /admin/category/?page=2 : 200 (11ms)
[2025-12-05T08:12:00.286Z] GET /admin/category/listCategory?id=68f71adbd60696bebac0c1a0&page=2 : 302 (5ms)
[2025-12-05T08:12:00.300Z] GET /admin/category/?page=2 : 200 (11ms)
[2025-12-05T08:12:01.220Z] GET /admin/category/listCategory?id=68f71bf0d60696bebac0c1d1&page=2 : 302 (4ms)
[2025-12-05T08:12:01.233Z] GET /admin/category/?page=2 : 200 (10ms)
[2025-12-05T08:12:01.752Z] GET /admin/category/unListCategory?id=68f71bf0d60696bebac0c1d1&page=2 : 302 (6ms)
[2025-12-05T08:12:01.766Z] GET /admin/category/?page=2 : 200 (12ms)
[2025-12-05T08:12:02.759Z] GET /admin/category/unListCategory?id=68f71ab1d60696bebac0c191&page=2 : 302 (6ms)
[2025-12-05T08:12:02.780Z] GET /admin/category/?page=2 : 200 (14ms)
[2025-12-05T08:12:03.244Z] GET /admin/category/listCategory?id=68f71ab1d60696bebac0c191&page=2 : 302 (5ms)
[2025-12-05T08:12:03.260Z] GET /admin/category/?page=2 : 200 (11ms)
[2025-12-05T08:12:04.447Z] GET /admin/category/listCategory?id=68f71bf0d60696bebac0c1d1&page=2 : 302 (7ms)
[2025-12-05T08:12:04.461Z] GET /admin/category/?page=2 : 200 (12ms)
[2025-12-05T08:14:28.337Z] GET /admin/category/unListCategory?id=68f71fdad60696bebac0c1db&page=2 : 302 (34ms)
[2025-12-05T08:14:28.347Z] GET /admin/login : 200 (8ms)
[2025-12-05T08:20:15.551Z] GET /admin/login : 200 (29ms)
[2025-12-05T08:20:24.086Z] POST /admin/login : 302 (111ms)
[2025-12-05T08:20:24.096Z] GET /admin : 200 (6ms)
[2025-12-05T08:20:24.227Z] GET /admin/report?range=monthly : 200 (30ms)
[2025-12-05T08:20:25.505Z] GET /admin/category : 200 (66ms)
[2025-12-05T08:20:31.474Z] GET /admin/category : 200 (18ms)
[2025-12-05T08:20:33.752Z] GET /admin/category : 200 (17ms)
[2025-12-05T08:20:34.201Z] GET /admin/category : 200 (14ms)
[2025-12-05T08:20:35.158Z] GET /admin/category/unListCategory?id=6904835d82d5f8c9a2b29566&page=1 : 302 (17ms)
[2025-12-05T08:20:35.176Z] GET /admin/category/?page=1 : 200 (15ms)
[2025-12-05T08:20:35.913Z] GET /admin/category/listCategory?id=6904835d82d5f8c9a2b29566&page=1 : 302 (6ms)
[2025-12-05T08:20:35.925Z] GET /admin/category/?page=1 : 200 (11ms)
[2025-12-05T08:21:38.976Z] GET /admin/category/?page=1 : 200 (18ms)
[2025-12-05T08:21:40.135Z] GET /admin/category/?page=1 : 200 (17ms)
[2025-12-05T08:21:40.315Z] GET /admin/category/?page=1 : 200 (13ms)
[2025-12-05T08:21:44.230Z] POST /admin/category/addCategoryOffer : 200 (15ms)
[2025-12-05T08:21:45.239Z] GET /admin/category/?page=1 : 200 (16ms)
[2025-12-05T08:21:47.364Z] POST /admin/category/removeCategoryOffer : 200 (8ms)
[2025-12-05T08:21:48.238Z] GET /admin/category/?page=1 : 200 (14ms)
[2025-12-05T08:21:49.035Z] GET /admin/category/unListCategory?id=6904835d82d5f8c9a2b29566&page=1 : 302 (6ms)
[2025-12-05T08:21:49.051Z] GET /admin/category/?page=1 : 200 (13ms)
[2025-12-05T08:21:50.093Z] GET /admin/category/listCategory?id=6904835d82d5f8c9a2b29566&page=1 : 302 (5ms)
[2025-12-05T08:21:50.110Z] GET /admin/category/?page=1 : 200 (15ms)
[2025-12-05T08:21:51.029Z] GET /admin/category/unListCategory?id=68f720a9d60696bebac0c22f&page=1 : 302 (6ms)
[2025-12-05T08:21:51.044Z] GET /admin/category/?page=1 : 200 (13ms)
[2025-12-05T08:21:51.663Z] GET /admin/category/listCategory?id=68f720a9d60696bebac0c22f&page=1 : 302 (6ms)
[2025-12-05T08:21:51.678Z] GET /admin/category/?page=1 : 200 (13ms)
[2025-12-05T08:24:15.301Z] GET /admin/coupons : 200 (25ms)
[2025-12-05T08:24:17.596Z] GET /admin/coupons/addCoupons : 200 (8ms)
[2025-12-05T08:27:08.322Z] GET /admin/coupons/addCoupons : 200 (8ms)
[2025-12-05T08:27:09.076Z] GET /admin/coupons/addCoupons : 200 (6ms)
[2025-12-05T08:32:33.359Z] GET /admin/coupons/addCoupons : 302 (51ms)
[2025-12-05T08:32:33.369Z] GET /admin/login : 200 (7ms)
[2025-12-05T08:32:38.752Z] POST /admin/login : 302 (97ms)
[2025-12-05T08:32:38.763Z] GET /admin : 200 (6ms)
[2025-12-05T08:32:38.894Z] GET /admin/report?range=monthly : 200 (35ms)
[2025-12-05T08:32:40.343Z] GET /admin/category : 200 (58ms)
[2025-12-05T08:32:40.863Z] GET /admin/coupons : 200 (15ms)
[2025-12-05T08:32:45.141Z] GET /admin/category : 200 (18ms)
[2025-12-05T08:33:28.159Z] GET /admin/category/add : 200 (16ms)
[2025-12-05T08:33:29.551Z] GET /admin/coupons : 200 (18ms)
[2025-12-05T08:33:30.739Z] GET /admin/coupons/addCoupons : 200 (7ms)
[2025-12-05T08:33:32.627Z] GET /admin/coupons/addCoupons : 200 (7ms)
[2025-12-05T08:36:42.492Z] GET /admin/coupons/addCoupons : 302 (25ms)
[2025-12-05T08:36:42.502Z] GET /admin/login : 200 (7ms)
[2025-12-05T08:36:48.593Z] POST /admin/login : 302 (95ms)
[2025-12-05T08:36:48.603Z] GET /admin : 200 (4ms)
[2025-12-05T08:36:48.709Z] GET /admin/report?range=monthly : 200 (15ms)
[2025-12-05T08:36:49.990Z] GET /admin/coupons : 200 (19ms)
[2025-12-05T08:36:51.179Z] GET /admin/coupons/addCoupons : 200 (9ms)
[2025-12-05T08:37:51.819Z] POST /admin/coupons/addCoupons : 302 (26ms)
[2025-12-05T08:37:51.830Z] GET /admin/coupons : 200 (9ms)
[2025-12-05T08:37:54.123Z] GET /admin/coupons : 200 (19ms)
[2025-12-05T08:37:54.311Z] GET /admin/coupons : 200 (10ms)
[2025-12-05T12:23:21.106Z] GET /admin : 302 (31ms)
[2025-12-05T12:23:21.114Z] GET /admin/login : 200 (6ms)
[2025-12-05T12:23:35.925Z] POST /admin/login : 302 (96ms)
[2025-12-05T12:23:35.934Z] GET /admin : 200 (5ms)
[2025-12-05T12:23:36.103Z] GET /admin/report?range=monthly : 200 (47ms)
[2025-12-05T12:23:38.580Z] GET /admin/coupons : 200 (53ms)
[2025-12-05T12:33:28.257Z] GET /admin/coupons : 302 (38ms)
[2025-12-05T12:33:28.267Z] GET /admin/login : 200 (7ms)
[2025-12-05T12:33:33.465Z] POST /admin/login : 302 (96ms)
[2025-12-05T12:33:33.476Z] GET /admin : 200 (6ms)
[2025-12-05T12:33:33.579Z] GET /admin/report?range=monthly : 200 (15ms)
[2025-12-05T12:33:40.878Z] GET /admin/coupons : 200 (57ms)
[2025-12-05T12:33:42.957Z] GET /admin/coupons/addCoupons : 200 (8ms)
[2025-12-05T12:33:46.211Z] GET /admin/coupons/unlistCoupon?id=693299df52194382708b6c4e&page=1 : 302 (13ms)
[2025-12-05T12:33:46.229Z] GET /admin/coupons/?page=1 : 200 (14ms)
[2025-12-05T12:33:46.845Z] GET /admin/coupons/listCoupon?id=693299df52194382708b6c4e&page=1 : 302 (6ms)
[2025-12-05T12:33:46.859Z] GET /admin/coupons/?page=1 : 200 (11ms)
[2025-12-05T12:33:47.696Z] GET /admin/coupons/unlistCoupon?id=693299df52194382708b6c4e&page=1 : 302 (6ms)
[2025-12-05T12:33:47.710Z] GET /admin/coupons/?page=1 : 200 (12ms)
[2025-12-05T12:33:49.048Z] GET /admin/coupons/?page=1 : 200 (13ms)
[2025-12-05T12:33:50.023Z] GET /admin/coupons/listCoupon?id=693299df52194382708b6c4e&page=1 : 302 (5ms)
[2025-12-05T12:33:50.043Z] GET /admin/coupons/?page=1 : 200 (12ms)
[2025-12-05T12:35:20.627Z] GET /admin/coupons/addCoupons : 302 (14ms)
[2025-12-05T12:35:20.635Z] GET /admin/login : 200 (7ms)
[2025-12-05T12:35:27.933Z] POST /admin/login : 302 (93ms)
[2025-12-05T12:35:27.943Z] GET /admin : 200 (5ms)
[2025-12-05T12:35:28.031Z] GET /admin/report?range=monthly : 200 (11ms)
[2025-12-05T12:35:29.107Z] GET /admin/coupons : 200 (17ms)
[2025-12-05T12:35:33.303Z] GET /admin/coupons/addCoupons : 200 (7ms)
[2025-12-05T12:40:25.696Z] GET /admin/coupons/addCoupons : 302 (19ms)
[2025-12-05T12:40:25.706Z] GET /admin/login : 200 (7ms)
[2025-12-05T12:40:31.759Z] POST /admin/login : 302 (92ms)
[2025-12-05T12:40:31.769Z] GET /admin : 200 (6ms)
[2025-12-05T12:40:31.860Z] GET /admin/report?range=monthly : 200 (9ms)
[2025-12-05T12:40:34.561Z] GET /admin/coupons : 200 (19ms)
[2025-12-05T12:40:35.439Z] GET /admin/coupons/addCoupons : 200 (9ms)
[2025-12-05T12:52:04.018Z] GET /admin/coupons/addCoupons : 302 (56ms)
[2025-12-05T12:52:04.028Z] GET /admin/login : 200 (5ms)
[2025-12-05T12:52:09.746Z] POST /admin/login : 302 (97ms)
[2025-12-05T12:52:09.756Z] GET /admin : 200 (6ms)
[2025-12-05T12:52:09.877Z] GET /admin/report?range=monthly : 200 (26ms)
[2025-12-05T12:52:10.868Z] GET /admin/coupons : 200 (51ms)
[2025-12-05T12:52:11.919Z] GET /admin/coupons/addCoupons : 200 (7ms)
[2025-12-05T12:52:13.536Z] POST /admin/coupons/addCoupons : 400 (6ms)
[2025-12-05T12:53:08.765Z] GET /admin/coupons/addCoupons : 200 (18ms)
[2025-12-05T12:55:08.384Z] GET /admin/coupons/addCoupons : 200 (15ms)
[2025-12-05T12:56:10.331Z] POST /admin/coupons/addCoupons : 200 (29ms)
[2025-12-05T12:56:11.454Z] GET /admin/coupons : 200 (15ms)
[2025-12-05T12:58:28.221Z] GET /admin/coupons/unlistCoupon?id=6932d66aace075465859fee4&page=1 : 302 (20ms)
[2025-12-05T12:58:28.235Z] GET /admin/coupons/?page=1 : 200 (12ms)
[2025-12-05T12:58:28.846Z] GET /admin/coupons/listCoupon?id=6932d66aace075465859fee4&page=1 : 302 (6ms)
[2025-12-05T12:58:28.860Z] GET /admin/coupons/?page=1 : 200 (12ms)
[2025-12-05T12:58:30.494Z] GET /admin/coupons/unlistCoupon?id=693299df52194382708b6c4e&page=1 : 302 (5ms)
[2025-12-05T12:58:30.508Z] GET /admin/coupons/?page=1 : 200 (12ms)
[2025-12-05T12:58:30.979Z] GET /admin/coupons/listCoupon?id=693299df52194382708b6c4e&page=1 : 302 (4ms)
[2025-12-05T12:58:30.992Z] GET /admin/coupons/?page=1 : 200 (11ms)
[2025-12-05T12:58:32.818Z] GET /admin/coupons/?page=1&sort=oldest : 200 (10ms)
[2025-12-05T12:58:34.439Z] GET /admin/coupons/?page=1&sort=newest : 200 (10ms)
[2025-12-05T12:58:35.795Z] GET /admin/coupons/?page=1&sort=oldest : 200 (12ms)
[2025-12-05T12:58:37.259Z] GET /admin/coupons/?page=1&sort=newest : 200 (13ms)
[2025-12-05T12:58:38.516Z] GET /admin/coupons/?page=1&sort=oldest : 200 (13ms)
[2025-12-05T12:58:39.995Z] GET /admin/coupons/?page=1&sort=newest : 200 (10ms)
[2025-12-05T13:02:03.414Z] GET /admin/coupons/?page=1&sort=newest : 302 (34ms)
[2025-12-05T13:02:03.423Z] GET /admin/login : 200 (7ms)
[2025-12-05T13:02:08.600Z] POST /admin/login : 302 (94ms)
[2025-12-05T13:02:08.610Z] GET /admin : 200 (6ms)
[2025-12-05T13:02:08.714Z] GET /admin/report?range=monthly : 200 (17ms)
[2025-12-05T13:02:11.193Z] GET /admin/coupons : 200 (54ms)
[2025-12-05T13:02:12.932Z] GET /admin/coupons?sort=newest : 200 (13ms)
[2025-12-05T13:02:14.428Z] GET /admin/coupons?sort=oldest : 200 (29ms)
[2025-12-05T13:02:16.084Z] GET /admin/coupons?sort=newest : 200 (10ms)
[2025-12-05T13:02:17.523Z] GET /admin/coupons?sort=oldest : 200 (10ms)
[2025-12-05T13:02:18.563Z] GET /admin/coupons?sort=oldest : 200 (14ms)
[2025-12-05T13:02:19.079Z] GET /admin/coupons?sort=oldest : 200 (10ms)
[2025-12-05T13:02:20.022Z] GET /admin/coupons?sort=newest : 200 (14ms)
[2025-12-05T13:02:21.380Z] GET /admin/coupons?sort=oldest : 200 (12ms)
[2025-12-05T13:02:23.282Z] GET /admin/coupons?sort=newest : 200 (10ms)
[2025-12-05T13:02:24.692Z] GET /admin/coupons?sort=oldest : 200 (12ms)
[2025-12-05T13:02:30.552Z] GET /admin/coupons?sort=oldest : 200 (19ms)
[2025-12-05T13:02:32.646Z] GET /admin/coupons?sort=newest : 200 (12ms)
[2025-12-05T13:02:34.993Z] GET /admin/coupons?sort=oldest : 200 (10ms)
[2025-12-05T13:04:53.045Z] GET /admin/coupons?sort=oldest : 302 (21ms)
[2025-12-05T13:04:53.056Z] GET /admin/login : 200 (8ms)
[2025-12-05T13:04:59.423Z] POST /admin/login : 302 (94ms)
[2025-12-05T13:04:59.430Z] GET /admin : 200 (5ms)
[2025-12-05T13:04:59.517Z] GET /admin/report?range=monthly : 200 (14ms)
[2025-12-05T13:05:00.618Z] GET /admin/coupons : 200 (20ms)
[2025-12-05T13:05:01.969Z] GET /admin/coupons/addCoupons : 200 (6ms)
[2025-12-05T13:05:30.259Z] POST /admin/coupons/addCoupons : 200 (34ms)
[2025-12-05T13:05:31.248Z] GET /admin/coupons : 200 (14ms)
[2025-12-05T13:05:33.418Z] GET /admin/coupons/addCoupons : 200 (8ms)
[2025-12-05T13:05:57.872Z] POST /admin/coupons/addCoupons : 200 (16ms)
[2025-12-05T13:05:59.074Z] GET /admin/coupons : 200 (11ms)
[2025-12-05T13:06:00.416Z] GET /admin/coupons : 200 (13ms)
[2025-12-05T13:06:01.621Z] GET /admin/coupons?sort=newest : 200 (12ms)
[2025-12-05T13:06:02.927Z] GET /admin/coupons?sort=oldest : 200 (9ms)
[2025-12-05T13:06:04.163Z] GET /admin/coupons?sort=newest : 200 (9ms)
[2025-12-05T13:06:25.452Z] GET /admin/brands : 200 (20ms)
[2025-12-05T13:06:25.477Z] GET /js/admin/categoryList.js : 404 (5ms)
[2025-12-05T13:06:27.148Z] GET /admin/brands?sort=newest : 200 (13ms)
[2025-12-05T13:06:27.170Z] GET /js/admin/categoryList.js : 404 (3ms)
[2025-12-05T13:06:28.275Z] GET /admin/brands?sort=oldest : 200 (13ms)
[2025-12-05T13:06:28.291Z] GET /js/admin/categoryList.js : 404 (1ms)
[2025-12-05T13:06:29.636Z] GET /admin/brands?sort=newest : 200 (12ms)
[2025-12-05T13:06:29.656Z] GET /js/admin/categoryList.js : 404 (2ms)
[2025-12-05T13:06:30.713Z] GET /admin/brands?sort=oldest : 200 (13ms)
[2025-12-05T13:06:30.730Z] GET /js/admin/categoryList.js : 404 (1ms)
[2025-12-05T13:06:31.604Z] GET /admin/orders : 200 (64ms)
[2025-12-05T13:06:35.264Z] GET /admin/orders?sort=newest : 200 (13ms)
[2025-12-05T13:06:36.580Z] GET /admin/orders?sort=oldest : 200 (9ms)
[2025-12-05T13:06:37.612Z] GET /admin/customers : 200 (15ms)
[2025-12-05T13:06:39.349Z] GET /admin/customers?sort=newest : 200 (13ms)
[2025-12-05T13:06:40.706Z] GET /admin/customers?sort=oldest : 200 (13ms)
[2025-12-05T13:06:43.129Z] GET /admin/category : 200 (17ms)
[2025-12-05T13:06:44.615Z] GET /admin/category?sort=newest : 200 (15ms)
[2025-12-05T13:06:45.671Z] GET /admin/category?sort=oldest : 200 (14ms)
[2025-12-05T13:06:47.888Z] GET /admin/coupons : 200 (14ms)
[2025-12-05T13:23:11.865Z] GET /admin/coupons : 302 (34ms)
[2025-12-05T13:23:11.876Z] GET /admin/login : 200 (7ms)
[2025-12-05T13:23:17.890Z] POST /admin/login : 302 (97ms)
[2025-12-05T13:23:17.908Z] GET /admin : 200 (11ms)
[2025-12-05T13:23:18.019Z] GET /admin/report?range=monthly : 200 (25ms)
[2025-12-05T13:23:19.262Z] GET /admin/coupons : 200 (51ms)
[2025-12-05T13:26:08.357Z] GET /admin/coupons : 200 (78ms)
[2025-12-05T13:26:12.257Z] GET /admin/customers : 200 (21ms)
[2025-12-05T13:26:14.726Z] GET /admin/blockCustomers?id=692fc44c57f6d6624be89ea8 : 302 (14ms)
[2025-12-05T13:26:14.740Z] GET /admin/customers/?page=1 : 200 (12ms)
[2025-12-05T13:26:16.855Z] GET /admin/customers : 200 (13ms)
[2025-12-05T13:26:19.152Z] GET /admin/unblockCustomers?id=692fc44c57f6d6624be89ea8 : 302 (5ms)
[2025-12-05T13:26:19.163Z] GET /admin/customers/?page=1 : 200 (10ms)
[2025-12-05T13:26:22.006Z] GET /admin/customers : 200 (14ms)
[2025-12-05T13:27:12.641Z] GET /admin/customers : 200 (21ms)
[2025-12-05T13:27:14.820Z] GET /admin/blockCustomers?id=692fc44c57f6d6624be89ea8 : 302 (7ms)
[2025-12-05T13:27:14.836Z] GET /admin/customers/?page=1 : 200 (11ms)
[2025-12-05T13:27:14.848Z] GET /admin/customers : 200 (8ms)
[2025-12-05T13:27:16.713Z] GET /admin/unblockCustomers?id=692fc44c57f6d6624be89ea8 : 302 (5ms)
[2025-12-05T13:27:16.727Z] GET /admin/customers/?page=1 : 200 (8ms)
[2025-12-05T13:27:16.741Z] GET /admin/customers : 200 (9ms)
[2025-12-05T13:27:19.531Z] GET /admin/customers?sort=newest : 200 (11ms)
[2025-12-05T13:27:21.009Z] GET /admin/customers?sort=oldest : 200 (11ms)
[2025-12-05T13:27:28.828Z] GET / : 200 (31ms)
[2025-12-05T13:27:49.336Z] GET /login : 200 (12ms)
[2025-12-05T13:27:52.674Z] GET /signup : 200 (4ms)
[2025-12-05T13:28:17.394Z] POST /signup : 200 (10429ms)
[2025-12-05T13:28:31.575Z] POST /verifyEmailOTP : 200 (120ms)
[2025-12-05T13:28:32.637Z] GET / : 200 (30ms)
[2025-12-05T13:28:37.035Z] GET /admin/customers?sort=oldest : 200 (18ms)
[2025-12-05T13:28:40.061Z] GET /admin/customers?sort=newest : 200 (19ms)
[2025-12-05T13:28:41.339Z] GET /admin/customers?sort=oldest : 200 (14ms)
[2025-12-05T13:28:43.943Z] GET /admin/coupons : 200 (26ms)
[2025-12-05T13:28:45.569Z] GET /admin/coupons?sort=newest : 200 (12ms)
[2025-12-05T13:28:47.103Z] GET /admin/coupons?sort=oldest : 200 (17ms)
[2025-12-05T13:28:50.117Z] GET /admin/brands : 200 (15ms)
[2025-12-05T13:28:50.149Z] GET /js/admin/categoryList.js : 404 (4ms)
[2025-12-05T13:28:51.809Z] GET /admin/brands?sort=oldest : 200 (11ms)
[2025-12-05T13:28:51.830Z] GET /js/admin/categoryList.js : 404 (3ms)
[2025-12-05T13:28:53.076Z] GET /admin/brands?sort=newest : 200 (10ms)
[2025-12-05T13:28:53.086Z] GET /js/admin/categoryList.js : 404 (1ms)
[2025-12-05T13:28:55.155Z] GET /admin/customers : 200 (13ms)
[2025-12-05T13:28:55.875Z] GET /admin/category : 200 (14ms)
[2025-12-05T13:28:57.638Z] GET /admin/category?sort=newest : 200 (16ms)
[2025-12-05T13:28:58.880Z] GET /admin/category?sort=oldest : 200 (18ms)
[2025-12-05T13:29:00.397Z] GET /admin/coupons : 200 (14ms)
[2025-12-05T13:29:05.604Z] GET /admin/coupons?search=cris : 200 (20ms)
[2025-12-05T13:29:07.271Z] GET /admin/coupons : 200 (13ms)
[2025-12-05T13:29:08.871Z] GET /admin/category : 200 (17ms)
[2025-12-05T13:29:12.770Z] GET /admin/category?search=fan : 200 (13ms)
[2025-12-05T13:29:13.861Z] GET /admin/category : 200 (16ms)
[2025-12-05T13:29:15.637Z] GET /admin/customers : 200 (24ms)
[2025-12-05T13:29:18.581Z] GET /admin/customers?search=manu : 200 (14ms)
[2025-12-05T13:29:19.809Z] GET /admin/customers : 200 (14ms)
[2025-12-05T13:29:20.667Z] GET /admin/brands : 200 (12ms)
[2025-12-05T13:29:20.687Z] GET /js/admin/categoryList.js : 404 (3ms)
[2025-12-05T13:29:23.626Z] GET /admin/brands?search=s : 200 (11ms)
[2025-12-05T13:29:23.642Z] GET /js/admin/categoryList.js : 404 (4ms)
[2025-12-05T13:29:30.161Z] GET /admin/brands?search=sea : 200 (10ms)
[2025-12-05T13:29:30.179Z] GET /js/admin/categoryList.js : 404 (3ms)
[2025-12-05T13:29:31.546Z] GET /admin/brands : 200 (10ms)
[2025-12-05T13:29:31.562Z] GET /js/admin/categoryList.js : 404 (1ms)
[2025-12-05T13:29:39.418Z] GET /admin/products : 200 (30ms)
[2025-12-05T13:29:39.435Z] GET /js/admin/categoryList.js : 404 (4ms)
[2025-12-05T13:30:01.447Z] GET / : 200 (29ms)
[2025-12-05T13:30:05.180Z] GET /admin : 200 (8ms)
[2025-12-05T13:30:05.309Z] GET /admin/report?range=monthly : 200 (8ms)
[2025-12-05T13:30:23.223Z] GET /admin/products : 200 (33ms)
[2025-12-05T13:30:23.262Z] GET /js/admin/categoryList.js : 404 (10ms)
[2025-12-05T13:33:37.746Z] GET /admin/products?sort=newest : 200 (33ms)
[2025-12-05T13:33:37.781Z] GET /js/admin/categoryList.js : 404 (1ms)
[2025-12-05T13:33:39.407Z] GET /admin/products?sort=oldest : 200 (21ms)
[2025-12-05T13:33:39.431Z] GET /js/admin/categoryList.js : 404 (3ms)
[2025-12-05T13:36:26.001Z] GET /admin/products?sort=oldest : 302 (21ms)
[2025-12-05T13:36:26.015Z] GET /admin/login : 200 (8ms)
[2025-12-05T13:36:33.405Z] POST /admin/login : 302 (94ms)
[2025-12-05T13:36:33.414Z] GET /admin : 200 (4ms)
[2025-12-05T13:36:33.511Z] GET /admin/report?range=monthly : 200 (10ms)
[2025-12-05T13:36:35.495Z] GET /admin/customers : 200 (23ms)
[2025-12-05T13:36:37.425Z] GET /admin/products : 200 (35ms)
[2025-12-05T13:36:37.453Z] GET /js/admin/categoryList.js : 404 (3ms)
[2025-12-05T13:36:41.863Z] GET /admin/products?sort=oldest : 200 (27ms)
[2025-12-05T13:36:41.890Z] GET /js/admin/categoryList.js : 404 (7ms)
[2025-12-05T13:37:28.916Z] GET /admin/products?sort=oldest : 302 (8ms)
[2025-12-05T13:37:28.921Z] GET /admin/login : 200 (4ms)
[2025-12-05T13:37:34.470Z] POST /admin/login : 302 (92ms)
[2025-12-05T13:37:34.478Z] GET /admin : 200 (4ms)
[2025-12-05T13:37:34.570Z] GET /admin/report?range=monthly : 200 (9ms)
[2025-12-05T13:37:36.422Z] GET /admin/products : 500 (14ms)
[2025-12-05T13:37:47.862Z] GET /admin/products : 302 (23ms)
[2025-12-05T13:37:47.872Z] GET /admin/login : 200 (8ms)
[2025-12-05T13:37:54.153Z] POST /admin/login : 302 (94ms)
[2025-12-05T13:37:54.162Z] GET /admin : 200 (4ms)
[2025-12-05T13:37:54.248Z] GET /admin/report?range=monthly : 200 (11ms)
[2025-12-05T13:37:55.608Z] GET /admin/products : 200 (40ms)
[2025-12-05T13:37:55.626Z] GET /js/admin/categoryList.js : 404 (2ms)
[2025-12-05T13:40:20.716Z] GET /admin/products : 302 (21ms)
[2025-12-05T13:40:20.728Z] GET /admin/login : 200 (9ms)
[2025-12-05T13:40:25.986Z] POST /admin/login : 302 (95ms)
[2025-12-05T13:40:25.995Z] GET /admin : 200 (4ms)
[2025-12-05T13:40:26.083Z] GET /admin/report?range=monthly : 200 (8ms)
[2025-12-05T13:40:29.063Z] GET /admin/products : 200 (38ms)
[2025-12-05T13:40:29.088Z] GET /js/admin/categoryList.js : 404 (5ms)
[2025-12-05T13:40:30.250Z] GET /admin/products/addProducts : 200 (14ms)
[2025-12-05T13:46:54.802Z] GET /admin/products/addProducts : 302 (37ms)
[2025-12-05T13:46:54.811Z] GET /admin/login : 200 (6ms)
[2025-12-05T13:47:00.423Z] POST /admin/login : 302 (100ms)
[2025-12-05T13:47:00.430Z] GET /admin : 200 (5ms)
[2025-12-05T13:47:00.535Z] GET /admin/report?range=monthly : 200 (15ms)
[2025-12-05T13:47:01.767Z] GET /admin/products : 200 (79ms)
[2025-12-05T13:47:01.807Z] GET /js/admin/categoryList.js : 404 (1ms)
[2025-12-05T13:47:04.095Z] GET /admin/category : 200 (19ms)
[2025-12-05T13:47:06.248Z] GET /admin/category/editCategory?id=6904835d82d5f8c9a2b29566 : 302 (5ms)
[2025-12-05T13:47:06.259Z] GET /pageNotFound : 200 (9ms)
[2025-12-05T13:47:21.825Z] GET /admin/category : 302 (20ms)
[2025-12-05T13:47:21.834Z] GET /admin/login : 200 (7ms)
[2025-12-05T13:47:38.887Z] POST /admin/login : 302 (93ms)
[2025-12-05T13:47:38.897Z] GET /admin : 200 (6ms)
[2025-12-05T13:47:38.993Z] GET /admin/report?range=monthly : 200 (15ms)
[2025-12-05T13:47:41.116Z] GET /admin/category : 200 (20ms)
[2025-12-05T13:47:41.711Z] GET /admin/coupons : 200 (16ms)
[2025-12-05T13:47:42.236Z] GET /admin/category : 200 (18ms)
[2025-12-05T13:47:44.989Z] GET /admin/products : 200 (34ms)
[2025-12-05T13:47:45.005Z] GET /js/admin/categoryList.js : 404 (2ms)
[2025-12-05T13:47:46.896Z] GET /admin/products/addProducts : 200 (65ms)
[2025-12-05T13:47:49.222Z] GET /admin/products : 200 (25ms)
[2025-12-05T13:47:49.239Z] GET /js/admin/categoryList.js : 404 (5ms)
[2025-12-05T13:47:50.744Z] GET /admin/products/editProduct?id=6925bca9c899fd4abada264a : 200 (19ms)
[2025-12-05T13:48:05.568Z] GET /admin/products : 200 (22ms)
[2025-12-05T13:48:05.582Z] GET /js/admin/categoryList.js : 404 (1ms)
[2025-12-05T13:48:08.072Z] GET /admin/products/viewVariants?id=6925bca9c899fd4abada264a : 200 (4ms)
[2025-12-05T13:56:40.671Z] GET /admin/products : 302 (11ms)
[2025-12-05T13:56:40.678Z] GET /admin/login : 200 (6ms)
[2025-12-05T13:56:46.679Z] POST /admin/login : 302 (92ms)
[2025-12-05T13:56:46.687Z] GET /admin : 200 (4ms)
[2025-12-05T13:56:46.775Z] GET /admin/report?range=monthly : 200 (11ms)
[2025-12-05T13:56:50.428Z] GET /admin/brands : 200 (19ms)
[2025-12-05T13:56:50.455Z] GET /js/admin/categoryList.js : 404 (7ms)
[2025-12-05T13:56:51.798Z] GET /admin/products : 200 (35ms)
[2025-12-05T13:56:51.817Z] GET /js/admin/categoryList.js : 404 (5ms)
[2025-12-05T13:56:57.407Z] GET /admin/products : 200 (28ms)
[2025-12-05T13:56:57.422Z] GET /js/admin/categoryList.js : 404 (2ms)
[2025-12-05T13:57:33.266Z] GET /admin/products : 200 (34ms)
[2025-12-05T13:57:33.284Z] GET /js/admin/categoryList.js : 404 (2ms)
[2025-12-05T13:57:35.292Z] PATCH /admin/products/unListProduct?id=692d0f60d4913cc0b2b0e9c5 : 404 (4ms)
[2025-12-05T13:58:20.641Z] GET /admin/products : 200 (34ms)
[2025-12-05T13:58:20.658Z] GET /js/admin/categoryList.js : 404 (3ms)
[2025-12-05T13:58:22.341Z] PATCH /admin/products/unListProduct?id=692d0f60d4913cc0b2b0e9c5 : 404 (4ms)
[2025-12-05T13:58:24.243Z] PATCH /admin/products/unListProduct?id=692d0f60d4913cc0b2b0e9c5 : 404 (2ms)
[2025-12-05T13:58:25.902Z] PATCH /admin/products/unListProduct?id=6925bca9c899fd4abada264a : 404 (5ms)
[2025-12-05T14:08:36.370Z] GET /admin/products : 200 (109ms)
[2025-12-05T14:08:38.119Z] GET /admin/products/unListProduct?id=692d0f60d4913cc0b2b0e9c5 : 302 (21ms)
[2025-12-05T14:08:38.146Z] GET /admin/products/?page=1 : 200 (24ms)
[2025-12-05T14:08:38.169Z] GET /admin/products : 200 (15ms)
[2025-12-05T14:08:38.904Z] GET /admin/products/listProduct?id=692d0f60d4913cc0b2b0e9c5 : 302 (8ms)
[2025-12-05T14:08:38.932Z] GET /admin/products/?page=1 : 200 (25ms)
[2025-12-05T14:08:38.958Z] GET /admin/products : 200 (16ms)
[2025-12-05T14:08:39.752Z] GET /admin/products/unListProduct?id=6925bca9c899fd4abada264a : 302 (5ms)
[2025-12-05T14:08:39.770Z] GET /admin/products/?page=1 : 200 (16ms)
[2025-12-05T14:08:39.787Z] GET /admin/products : 200 (10ms)
[2025-12-05T14:08:41.826Z] GET /admin/products : 200 (21ms)
[2025-12-05T14:08:42.543Z] GET /admin/products/listProduct?id=6925bca9c899fd4abada264a : 302 (6ms)
[2025-12-05T14:08:42.568Z] GET /admin/products/?page=1 : 200 (22ms)
[2025-12-05T14:08:42.591Z] GET /admin/products : 200 (17ms)
[2025-12-05T14:08:46.252Z] GET /admin/products/addProducts : 200 (16ms)
[2025-12-05T14:08:48.711Z] GET /admin/products?sort=newest : 200 (23ms)
[2025-12-05T14:08:50.456Z] GET /admin/products?sort=oldest : 200 (24ms)
[2025-12-05T14:09:39.562Z] GET /admin/products?search=st : 200 (29ms)
[2025-12-05T14:09:44.257Z] GET /admin/products : 200 (18ms)
[2025-12-05T14:10:00.613Z] GET /admin/products : 302 (26ms)
[2025-12-05T14:10:00.622Z] GET /admin/login : 200 (6ms)
[2025-12-05T14:10:06.504Z] POST /admin/login : 302 (92ms)
[2025-12-05T14:10:06.510Z] GET /admin : 200 (3ms)
[2025-12-05T14:10:06.596Z] GET /admin/report?range=monthly : 200 (9ms)
[2025-12-05T14:10:13.123Z] GET /admin/products : 200 (20ms)
[2025-12-05T14:10:14.191Z] GET /admin/products/unListProduct?id=692d0f60d4913cc0b2b0e9c5 : 302 (14ms)
[2025-12-05T14:10:14.218Z] GET /admin/products/?page=1 : 200 (24ms)
[2025-12-05T14:10:14.242Z] GET /admin/products : 200 (17ms)
[2025-12-05T14:10:15.148Z] GET /admin/products/listProduct?id=692d0f60d4913cc0b2b0e9c5 : 500 (7ms)
[2025-12-05T14:10:20.416Z] GET /admin/products : 200 (21ms)
[2025-12-05T14:10:23.215Z] GET /admin/products/unListProduct?id=692d0f60d4913cc0b2b0e9c5 : 302 (7ms)
[2025-12-05T14:10:23.244Z] GET /admin/products/?page=1 : 200 (25ms)
[2025-12-05T14:10:23.273Z] GET /admin/products : 200 (18ms)
[2025-12-05T14:10:26.807Z] GET /admin/products : 200 (21ms)
[2025-12-05T14:10:27.301Z] GET /admin/products : 200 (18ms)
[2025-12-05T14:10:27.747Z] GET /admin/products/listProduct?id=692d0f60d4913cc0b2b0e9c5 : 500 (6ms)
[2025-12-05T14:11:01.926Z] GET /admin/products : 302 (13ms)
[2025-12-05T14:11:01.935Z] GET /admin/login : 200 (5ms)
[2025-12-05T14:11:07.083Z] POST /admin/login : 302 (94ms)
[2025-12-05T14:11:07.091Z] GET /admin : 200 (4ms)
[2025-12-05T14:11:07.174Z] GET /admin/report?range=monthly : 200 (11ms)
[2025-12-05T14:15:04.891Z] GET /admin : 302 (18ms)
[2025-12-05T14:15:04.900Z] GET /admin/login : 200 (8ms)
[2025-12-05T14:15:09.682Z] POST /admin/login : 200 (93ms)
[2025-12-05T14:15:18.928Z] POST /admin/login : 302 (98ms)
[2025-12-05T14:15:18.938Z] GET /admin : 200 (5ms)
[2025-12-05T14:15:19.080Z] GET /admin/report?range=monthly : 200 (20ms)
[2025-12-05T14:15:20.461Z] GET /admin/products : 200 (39ms)
[2025-12-05T14:15:36.156Z] GET /admin/products/addProducts : 200 (16ms)
[2025-12-05T14:22:24.905Z] GET /admin/products/addProducts : 200 (30ms)
[2025-12-05T14:24:16.742Z] GET /admin/products/addProducts : 200 (20ms)
[2025-12-05T14:28:56.828Z] GET /admin/products/addProducts : 200 (41ms)
[2025-12-05T14:30:23.855Z] GET /admin/products/addProducts : 200 (45ms)
[2025-12-05T14:30:31.762Z] GET /admin/products/addProducts : 200 (17ms)
[2025-12-05T14:30:32.636Z] GET /admin/products/addProducts : 200 (12ms)
[2025-12-05T14:33:48.365Z] GET /admin/products/addProducts : 200 (22ms)
[2025-12-05T14:36:25.707Z] GET /admin/products/addProducts : 200 (27ms)
[2025-12-05T14:36:30.267Z] GET /admin/products : 200 (89ms)
[2025-12-05T14:36:33.215Z] GET /admin/products/addProducts : 200 (13ms)
[2025-12-05T14:38:37.542Z] GET /admin/products : 200 (38ms)
[2025-12-05T14:38:38.613Z] GET /admin/products/addProducts : 200 (17ms)
[2025-12-05T14:41:54.796Z] GET /admin/products/addProducts : 200 (20ms)
[2025-12-05T14:41:55.879Z] GET /admin/products/addProducts : 200 (14ms)
[2025-12-05T14:44:56.602Z] GET /admin/products/addProducts : 200 (15ms)
[2025-12-05T14:45:05.156Z] GET /admin/products/addProducts : 200 (11ms)
[2025-12-05T14:45:23.231Z] GET /admin/products/addProducts : 200 (21ms)
[2025-12-05T14:47:01.163Z] POST /admin/products/addProducts : 200 (11ms)
[2025-12-05T14:47:13.847Z] POST /admin/products/addProducts : 200 (6ms)
[2025-12-05T14:47:25.571Z] POST /admin/products/addProducts : 200 (4ms)
[2025-12-05T14:47:35.556Z] POST /admin/products/addProducts : 200 (4ms)
[2025-12-05T14:47:47.526Z] GET /admin/products/addProducts : 200 (19ms)
[2025-12-05T14:53:19.627Z] GET /admin/products/addProducts : 200 (41ms)
[2025-12-05T14:57:37.059Z] GET /admin/products/addProducts : 200 (61ms)
[2025-12-05T14:59:09.171Z] POST /admin/products/addProducts : 200 (54ms)
[2025-12-05T14:59:10.302Z] GET /admin/products : 200 (76ms)
[2025-12-05T16:17:40.065Z] GET /admin/products : 302 (23ms)
[2025-12-05T16:17:40.079Z] GET /admin/login : 200 (7ms)
[2025-12-05T16:17:48.904Z] POST /admin/login : 302 (124ms)
[2025-12-05T16:17:48.913Z] GET /admin : 200 (5ms)
[2025-12-05T16:17:49.047Z] GET /admin/report?range=monthly : 200 (30ms)
[2025-12-05T16:17:50.598Z] GET /admin/coupons : 200 (19ms)
[2025-12-05T16:17:52.442Z] GET /admin/products : 200 (39ms)
[2025-12-05T16:17:53.715Z] GET /admin/products/addProducts : 200 (13ms)
[2025-12-05T16:24:25.173Z] GET /admin/products/addProducts : 302 (42ms)
[2025-12-05T16:24:25.183Z] GET /admin/login : 200 (6ms)
[2025-12-05T16:24:31.382Z] POST /admin/login : 302 (95ms)
[2025-12-05T16:24:31.392Z] GET /admin : 200 (6ms)
[2025-12-05T16:24:31.510Z] GET /admin/report?range=monthly : 200 (22ms)
[2025-12-05T16:24:33.876Z] GET /admin/category : 200 (67ms)
[2025-12-05T16:24:34.296Z] GET /admin/coupons : 200 (14ms)
[2025-12-05T16:24:35.114Z] GET /admin/products : 200 (33ms)
[2025-12-05T16:24:36.549Z] GET /admin/products/addProducts : 200 (14ms)
[2025-12-05T16:26:00.132Z] POST /admin/products/addProducts : 500 (44ms)
[2025-12-05T16:26:22.346Z] GET /admin/products/addProducts : 302 (18ms)
[2025-12-05T16:26:22.353Z] GET /admin/login : 200 (6ms)
[2025-12-05T16:26:29.028Z] POST /admin/login : 302 (93ms)
[2025-12-05T16:26:29.037Z] GET /admin : 200 (4ms)
[2025-12-05T16:26:29.130Z] GET /admin/report?range=monthly : 200 (9ms)
[2025-12-05T16:26:31.852Z] GET /admin/products : 200 (40ms)
[2025-12-05T16:26:34.136Z] GET /admin/products : 200 (29ms)
[2025-12-05T16:26:35.490Z] GET /admin/products/viewVariants?id=69330798df073aa1e3b8dda8 : 200 (8ms)
[2025-12-05T16:27:10.369Z] GET /admin/products : 200 (23ms)
[2025-12-05T16:30:29.494Z] GET /admin/products/viewVariants?id=6925bca9c899fd4abada264a : 302 (27ms)
[2025-12-05T16:30:29.506Z] GET /admin/login : 200 (7ms)
[2025-12-05T16:31:26.592Z] GET /admin/products/viewVariants?id=6925bca9c899fd4abada264a : 302 (10ms)
[2025-12-05T16:31:26.599Z] GET /admin/login : 200 (4ms)
[2025-12-05T16:31:29.580Z] GET /admin/products : 302 (8ms)
[2025-12-05T16:31:29.585Z] GET /admin/login : 200 (3ms)
[2025-12-05T16:31:34.975Z] POST /admin/login : 302 (91ms)
[2025-12-05T16:31:34.981Z] GET /admin : 200 (3ms)
[2025-12-05T16:31:35.129Z] GET /admin/report?range=monthly : 200 (7ms)
[2025-12-05T16:31:37.133Z] GET /admin/coupons : 200 (16ms)
[2025-12-05T16:32:11.904Z] GET /admin/products : 200 (36ms)
[2025-12-05T16:42:55.840Z] GET /admin/products : 302 (33ms)
[2025-12-05T16:42:55.851Z] GET /admin/login : 200 (6ms)
[2025-12-05T16:43:05.178Z] POST /admin/login : 302 (96ms)
[2025-12-05T16:43:05.187Z] GET /admin : 200 (5ms)
[2025-12-05T16:43:05.313Z] GET /admin/report?range=monthly : 200 (30ms)
[2025-12-05T16:44:00.600Z] GET /admin/products : 200 (82ms)
[2025-12-05T16:44:02.714Z] GET /admin/products/editProduct?id=6925bca9c899fd4abada264a : 200 (19ms)
[2025-12-05T16:47:14.593Z] GET /admin/products/editProduct?id=6925bca9c899fd4abada264a : 200 (29ms)
[2025-12-05T16:47:36.767Z] GET /admin/products/editProduct?id=6925bca9c899fd4abada264a : 200 (24ms)
[2025-12-05T16:48:17.384Z] GET /admin/products/editProduct?id=6925bca9c899fd4abada264a : 200 (25ms)
[2025-12-05T16:48:19.088Z] GET /admin/products/editProduct?id=6925bca9c899fd4abada264a : 200 (20ms)
[2025-12-05T16:48:35.194Z] PUT /admin/products/editProduct/6925bca9c899fd4abada264a : 500 (34ms)
[2025-12-05T16:49:28.531Z] PUT /admin/products/editProduct/6925bca9c899fd4abada264a : 500 (20ms)
[2025-12-05T16:58:08.506Z] GET /admin/products/editProduct?id=6925bca9c899fd4abada264a : 302 (70ms)
[2025-12-05T16:58:08.521Z] GET /admin/login : 200 (11ms)
[2025-12-05T16:58:14.161Z] POST /admin/login : 302 (97ms)
[2025-12-05T16:58:14.172Z] GET /admin : 200 (6ms)
[2025-12-05T16:58:14.297Z] GET /admin/report?range=monthly : 200 (30ms)
[2025-12-05T16:58:18.535Z] GET /admin/products : 200 (79ms)
[2025-12-05T16:58:20.054Z] GET /admin/products/editProduct?id=6925bca9c899fd4abada264a : 200 (21ms)
[2025-12-05T16:59:22.343Z] GET /admin/products/editProduct?id=6925bca9c899fd4abada264a : 200 (14ms)
[2025-12-05T16:59:33.191Z] GET /admin/products/editProduct?id=6925bca9c899fd4abada264a : 200 (20ms)
[2025-12-05T17:00:21.408Z] GET /admin/products/editProduct?id=6925bca9c899fd4abada264a : 200 (51ms)
[2025-12-05T17:01:17.018Z] GET /admin/products/editProduct?id=6925bca9c899fd4abada264a : 200 (15ms)
[2025-12-05T17:01:20.749Z] PUT /admin/products/editProduct/6925bca9c899fd4abada264a : 200 (41ms)
[2025-12-05T17:01:22.732Z] GET /admin/products : 200 (72ms)
[2025-12-05T17:01:24.557Z] GET /admin/products : 200 (29ms)
[2025-12-05T17:01:26.768Z] GET /admin/products/editProduct?id=6925bca9c899fd4abada264a : 200 (16ms)
[2025-12-05T17:01:41.631Z] PUT /admin/products/editProduct/6925bca9c899fd4abada264a : 400 (6ms)
[2025-12-05T17:02:02.292Z] PUT /admin/products/editProduct/6925bca9c899fd4abada264a : 400 (25ms)
[2025-12-05T17:02:35.113Z] GET /admin/products : 200 (32ms)
[2025-12-05T17:02:36.586Z] GET /admin/products : 200 (24ms)
[2025-12-05T17:02:37.920Z] GET /admin/products/editProduct?id=6925bca9c899fd4abada264a : 200 (16ms)
[2025-12-05T17:06:21.300Z] GET /admin/products/editProduct?id=6925bca9c899fd4abada264a : 200 (83ms)
[2025-12-05T17:06:32.021Z] PUT /admin/products/editProduct/6925bca9c899fd4abada264a : 200 (30ms)
[2025-12-05T17:06:34.016Z] GET /admin/products : 200 (212ms)
[2025-12-05T17:06:36.484Z] GET /admin/products : 200 (26ms)
[2025-12-05T17:06:39.274Z] GET / : 200 (22ms)
[2025-12-05T17:06:43.260Z] GET /peripheral/Keyboard : 200 (52ms)
[2025-12-05T17:07:00.424Z] GET /admin/products/editProduct?id=6925bca9c899fd4abada264a : 200 (23ms)
[2025-12-05T17:07:52.887Z] GET /admin/products/editProduct?id=6925bca9c899fd4abada264a : 200 (14ms)
[2025-12-05T17:08:10.650Z] GET /admin/products/editProduct?id=6925bca9c899fd4abada264a : 200 (13ms)
[2025-12-05T17:08:20.702Z] GET /admin/products/editProduct?id=6925bca9c899fd4abada264a : 200 (33ms)
[2025-12-05T17:08:34.773Z] GET /admin/products/editProduct?id=6925bca9c899fd4abada264a : 200 (14ms)
[2025-12-05T17:08:47.080Z] PUT /admin/products/editProduct/6925bca9c899fd4abada264a : 200 (21ms)
[2025-12-05T17:08:49.082Z] GET /admin/products : 200 (66ms)
[2025-12-06T04:37:38.213Z] GET / : 200 (87ms)
[2025-12-06T04:37:49.508Z] GET /login : 200 (3ms)
[2025-12-06T04:37:50.555Z] GET /auth/google : 302 (2ms)
[2025-12-06T04:37:51.259Z] GET /auth/google/callback?code=4%2F0ATX87lOYr5NE6AHm_HzT2kNBTlmjy508_waL4CAz95YKQtszt1nUixjgYj3TgHSi0c--BQ&scope=email+profile+openid+https%3A%2F%2Fwww.googleapis.com%2Fauth%2Fuserinfo.email+https%3A%2F%2Fwww.googleapis.com%2Fauth%2Fuserinfo.profile&authuser=0&prompt=none : 302 (433ms)
[2025-12-06T04:37:51.285Z] GET / : 200 (16ms)
[2025-12-06T04:37:54.495Z] GET /profile : 200 (17ms)
[2025-12-06T04:38:02.050Z] GET /editProfile : 200 (11ms)
[2025-12-06T04:38:44.711Z] PUT /editProfile : 200 (8ms)
[2025-12-06T04:38:45.785Z] GET /profile : 200 (28ms)
[2025-12-06T04:38:48.500Z] GET /editProfile : 200 (15ms)
[2025-12-06T04:38:58.402Z] PUT /editProfile : 200 (4ms)
[2025-12-06T04:38:59.353Z] GET /profile : 200 (8ms)
[2025-12-06T04:39:12.478Z] GET /profile : 302 (1ms)
[2025-12-06T04:39:12.483Z] GET /login : 200 (3ms)
[2025-12-06T04:41:22.173Z] GET /editProfile : 200 (16ms)
[2025-12-06T04:41:24.079Z] PUT /editProfile : 200 (3ms)
[2025-12-06T04:41:25.626Z] GET /profile : 200 (14ms)
[2025-12-06T04:41:26.653Z] GET /profile : 200 (8ms)
[2025-12-06T04:42:43.634Z] POST /login : 302 (149ms)
[2025-12-06T04:42:43.753Z] GET / : 200 (115ms)
[2025-12-06T04:42:48.853Z] GET /profile : 200 (13ms)
[2025-12-06T04:42:57.062Z] GET /editPassword : 200 (14ms)
[2025-12-06T04:43:58.980Z] PUT /editPassword : 400 (169ms)
[2025-12-06T04:44:31.898Z] PUT /editPassword : 200 (309ms)
[2025-12-06T04:44:33.160Z] GET /profile : 200 (17ms)
[2025-12-06T04:44:36.255Z] GET /editProfile : 200 (14ms)
[2025-12-06T04:44:42.633Z] PUT /editProfile : 200 (7ms)
[2025-12-06T04:44:43.632Z] GET /profile : 200 (14ms)
[2025-12-06T04:44:53.460Z] GET /editPassword : 200 (13ms)
[2025-12-06T04:45:12.649Z] PUT /editPassword : 400 (105ms)
[2025-12-06T04:45:16.684Z] PUT /editPassword : 400 (98ms)
[2025-12-06T04:45:22.584Z] GET /editPassword : 200 (13ms)
[2025-12-06T04:45:36.869Z] PUT /editPassword : 400 (102ms)
[2025-12-06T04:49:49.015Z] GET /editPassword : 200 (43ms)
[2025-12-06T04:49:51.226Z] GET /logout : 302 (7ms)
[2025-12-06T04:49:51.259Z] GET / : 200 (26ms)
[2025-12-06T04:49:52.499Z] GET /login : 200 (2ms)
[2025-12-06T04:50:26.814Z] POST /login : 200 (112ms)
[2025-12-06T04:53:51.713Z] POST /login : 302 (936ms)
[2025-12-06T04:53:51.752Z] GET / : 200 (31ms)
[2025-12-06T04:53:53.774Z] GET /profile : 200 (20ms)
[2025-12-06T04:53:54.946Z] GET /editPassword : 200 (16ms)
[2025-12-06T04:54:09.775Z] PUT /editPassword : 200 (622ms)
[2025-12-06T04:54:11.243Z] GET /profile : 200 (12ms)
[2025-12-06T04:54:14.590Z] GET /editPassword : 200 (13ms)
[2025-12-06T04:54:54.381Z] PUT /editPassword : 200 (244ms)
[2025-12-06T04:54:55.292Z] GET /profile : 200 (13ms)
[2025-12-06T04:54:56.965Z] GET /editPassword : 200 (15ms)
[2025-12-06T04:55:16.950Z] PUT /editPassword : 200 (231ms)
[2025-12-06T04:55:17.811Z] GET /profile : 200 (13ms)
[2025-12-06T04:57:25.544Z] GET /profile : 302 (13ms)
[2025-12-06T04:57:25.550Z] GET /login : 200 (4ms)
[2025-12-06T04:59:16.653Z] GET / : 200 (88ms)
[2025-12-06T04:59:23.855Z] GET /login : 200 (2ms)
[2025-12-06T04:59:27.344Z] GET /shop : 200 (107ms)
[2025-12-06T04:59:44.252Z] GET /admin : 302 (3ms)
[2025-12-06T04:59:44.256Z] GET /admin/login : 200 (3ms)
[2025-12-06T04:59:52.525Z] POST /admin/login : 302 (91ms)
[2025-12-06T04:59:52.534Z] GET /admin : 200 (5ms)
[2025-12-06T04:59:52.668Z] GET /admin/report?range=monthly : 200 (11ms)
[2025-12-06T04:59:54.213Z] GET /admin/products : 200 (31ms)
[2025-12-06T04:59:56.136Z] GET /admin/products/editProduct?id=6925bca9c899fd4abada264a : 200 (17ms)
[2025-12-06T05:00:10.799Z] PUT /admin/products/editProduct/6925bca9c899fd4abada264a : 200 (37ms)
[2025-12-06T05:00:11.920Z] GET /admin/products : 200 (31ms)
[2025-12-06T05:00:15.941Z] GET / : 200 (16ms)
[2025-12-06T05:00:20.086Z] GET / : 200 (15ms)
[2025-12-06T05:00:22.481Z] GET /shop : 200 (51ms)
[2025-12-06T05:00:23.827Z] GET /shop : 200 (40ms)
[2025-12-06T05:00:26.187Z] GET /shop?sort=newest : 200 (44ms)
[2025-12-06T05:00:27.591Z] GET /shop?sort=newest : 200 (32ms)
[2025-12-06T05:00:28.333Z] GET /shop?sort=newest : 200 (43ms)
[2025-12-06T05:00:28.976Z] GET /shop?sort=newest : 200 (46ms)
[2025-12-06T05:00:29.637Z] GET /shop?sort=newest : 200 (38ms)
[2025-12-06T05:00:31.799Z] GET /admin/products/editProduct?id=6925ba67c899fd4abada2294 : 200 (15ms)
[2025-12-06T05:00:43.493Z] PUT /admin/products/editProduct/6925ba67c899fd4abada2294 : 200 (9ms)
[2025-12-06T05:00:44.633Z] GET /admin/products : 200 (31ms)
[2025-12-06T05:00:47.555Z] GET /shop?sort=newest : 200 (44ms)
[2025-12-06T05:00:51.414Z] GET /peripheral/Monitor : 200 (32ms)
[2025-12-06T05:01:00.201Z] GET /admin/products/?page=2&sort= : 200 (20ms)
[2025-12-06T05:01:02.172Z] GET /admin/products/?page=3&sort= : 200 (21ms)
[2025-12-06T05:01:04.366Z] GET /admin/products/?page=7&sort= : 200 (16ms)
[2025-12-06T05:01:06.477Z] GET /admin/products/editProduct?id=68f893885a423776e56a774c : 200 (14ms)
[2025-12-06T05:01:13.360Z] PUT /admin/products/editProduct/68f893885a423776e56a774c : 200 (8ms)
[2025-12-06T05:01:14.324Z] GET /admin/products : 200 (17ms)
[2025-12-06T05:01:17.447Z] GET /peripheral/Monitor?sort=oldest : 200 (30ms)
[2025-12-06T05:01:18.988Z] GET /peripheral/Monitor?sort=newest : 200 (30ms)
[2025-12-06T05:01:19.461Z] GET /peripheral/Monitor?sort=oldest : 200 (28ms)
[2025-12-06T05:01:21.117Z] GET /shop : 200 (39ms)
[2025-12-06T05:01:22.896Z] GET /shop : 200 (48ms)
[2025-12-06T05:01:37.946Z] GET /admin/products/editProduct?id=6925ba67c899fd4abada2294 : 200 (11ms)
[2025-12-06T05:01:45.691Z] GET /admin/products/editProduct?id=6925b800c899fd4abada1f9a : 200 (12ms)
[2025-12-06T05:01:51.522Z] PUT /admin/products/editProduct/6925b800c899fd4abada1f9a : 200 (11ms)
[2025-12-06T05:01:52.856Z] GET /admin/products : 200 (33ms)
[2025-12-06T05:01:55.574Z] GET /admin/products/editProduct?id=6904e84982d5f8c9a2b2bcbd : 200 (10ms)
[2025-12-06T05:02:04.654Z] PUT /admin/products/editProduct/6904e84982d5f8c9a2b2bcbd : 200 (10ms)
[2025-12-06T05:02:05.694Z] GET /admin/products : 200 (16ms)
[2025-12-06T05:02:09.799Z] GET /shop?sort=newest : 200 (41ms)
[2025-12-06T05:02:10.035Z] GET /shop?sort=newest : 200 (30ms)
[2025-12-06T05:02:10.775Z] GET /shop?sort=newest : 200 (38ms)
[2025-12-06T05:02:15.098Z] GET /admin/products/editProduct?id=6904e29f82d5f8c9a2b2b4a4 : 200 (15ms)
[2025-12-06T05:02:21.384Z] PUT /admin/products/editProduct/6904e29f82d5f8c9a2b2b4a4 : 200 (9ms)
[2025-12-06T05:02:22.187Z] GET /admin/products : 200 (37ms)
[2025-12-06T05:02:24.281Z] GET /shop?sort=newest : 200 (42ms)
[2025-12-06T05:02:29.950Z] GET /admin/products/editProduct?id=6904de3f82d5f8c9a2b2ad76 : 200 (11ms)
[2025-12-06T05:02:54.310Z] PUT /admin/products/editProduct/6904de3f82d5f8c9a2b2ad76 : 200 (8ms)
[2025-12-06T05:02:55.832Z] GET /admin/products : 200 (17ms)
[2025-12-06T05:02:58.562Z] GET /shop?sort=newest : 200 (45ms)
[2025-12-06T05:02:59.185Z] GET /shop?sort=newest : 200 (44ms)
[2025-12-06T05:02:59.390Z] GET /shop?sort=newest : 200 (35ms)
[2025-12-06T05:03:04.527Z] GET /admin/products/editProduct?id=6904935582d5f8c9a2b2a403 : 200 (13ms)
[2025-12-06T05:03:12.714Z] GET /product?id=6904935582d5f8c9a2b2a403 : 200 (25ms)
[2025-12-06T05:03:33.864Z] GET /admin/products/editProduct?id=6904935582d5f8c9a2b2a403 : 200 (15ms)
[2025-12-06T05:03:50.768Z] PUT /admin/products/editProduct/6904935582d5f8c9a2b2a403 : 200 (9ms)
[2025-12-06T05:03:51.906Z] GET /admin/products : 200 (18ms)
[2025-12-06T05:03:54.064Z] GET / : 200 (13ms)
[2025-12-06T05:03:57.115Z] GET /shop : 200 (42ms)
[2025-12-06T05:03:58.570Z] GET /shop?sort=newest : 200 (43ms)
[2025-12-06T05:04:07.111Z] GET /shop/?page=2 : 200 (43ms)
[2025-12-06T05:04:12.527Z] GET /admin/products/?page=2&sort= : 200 (24ms)
[2025-12-06T05:04:17.452Z] GET /admin/products/?page=3&sort= : 200 (24ms)
[2025-12-06T05:04:19.224Z] GET /admin/products/?page=4&sort= : 200 (23ms)
[2025-12-06T05:04:21.499Z] GET /admin/products/editProduct?id=68fc964400cdf88c889f4125 : 200 (14ms)
[2025-12-06T05:04:51.291Z] PUT /admin/products/editProduct/68fc964400cdf88c889f4125 : 200 (14ms)
[2025-12-06T05:04:52.326Z] GET /admin/products : 200 (30ms)
[2025-12-06T05:04:56.101Z] GET /shop/?page=2 : 200 (32ms)
[2025-12-06T05:05:04.925Z] GET /admin/products/?page=4&sort= : 200 (21ms)
[2025-12-06T05:05:08.912Z] GET /admin/products/editProduct?id=68fc949100cdf88c889f3ec8 : 200 (10ms)
[2025-12-06T05:05:17.064Z] PUT /admin/products/editProduct/68fc949100cdf88c889f3ec8 : 200 (9ms)
[2025-12-06T05:05:17.993Z] GET /admin/products : 200 (18ms)
[2025-12-06T05:05:22.653Z] GET /shop/?page=2 : 200 (41ms)
[2025-12-06T05:06:03.392Z] GET /admin/products/?page=7&sort= : 200 (22ms)
[2025-12-06T05:06:04.876Z] GET /admin/products/editProduct?id=68f893885a423776e56a774c : 200 (14ms)
[2025-12-06T05:06:07.272Z] GET /admin/products : 200 (22ms)
[2025-12-06T05:06:09.992Z] GET /admin/products/?page=5&sort= : 200 (25ms)
[2025-12-06T05:06:12.394Z] GET /admin/products/?page=7&sort= : 200 (16ms)
[2025-12-06T05:06:14.594Z] GET /admin/products/?page=6&sort= : 200 (20ms)
[2025-12-06T05:06:18.145Z] GET /admin/products/listProduct?id=68fb5d983208cd98512c41bb : 302 (10ms)
[2025-12-06T05:06:18.169Z] GET /admin/products/?page=1 : 200 (21ms)
[2025-12-06T05:06:18.199Z] GET /admin/products/?page=6&sort= : 200 (20ms)
[2025-12-06T05:06:19.879Z] GET /admin/products/editProduct?id=68f8a0869791cc1a6c2a6c9b : 200 (11ms)
[2025-12-06T05:06:27.387Z] PUT /admin/products/editProduct/68f8a0869791cc1a6c2a6c9b : 200 (11ms)
[2025-12-06T05:06:28.619Z] GET /admin/products : 200 (17ms)
[2025-12-06T05:06:30.860Z] GET /shop/?page=2 : 200 (44ms)
[2025-12-06T05:06:33.776Z] GET /shop/?page=2&sort=oldest : 200 (41ms)
[2025-12-06T05:06:35.939Z] GET /shop/?page=2&sort=oldest : 200 (41ms)
[2025-12-06T05:06:36.895Z] GET /shop : 200 (41ms)
[2025-12-06T05:06:37.690Z] GET /shop?sort=oldest : 200 (42ms)
[2025-12-06T05:06:42.856Z] GET /admin/products/?page=7&sort= : 200 (18ms)
[2025-12-06T05:06:45.391Z] GET /admin/products/?page=6&sort= : 200 (25ms)
[2025-12-06T05:06:49.211Z] GET /admin/products/editProduct?id=68f8a0869791cc1a6c2a6c9b : 200 (14ms)
[2025-12-06T05:06:53.854Z] GET /admin/products : 200 (31ms)
[2025-12-06T05:06:55.824Z] GET /admin/products/?page=5&sort= : 200 (23ms)
[2025-12-06T05:06:57.323Z] GET /admin/products/?page=6&sort= : 200 (22ms)
[2025-12-06T05:06:59.180Z] GET /admin/products/editProduct?id=68f8c2428b2ab3f73fc2752b : 200 (13ms)
[2025-12-06T05:07:06.272Z] PUT /admin/products/editProduct/68f8c2428b2ab3f73fc2752b : 200 (11ms)
[2025-12-06T05:07:08.695Z] GET /admin/products : 200 (16ms)
[2025-12-06T05:07:12.392Z] GET /shop?sort=oldest : 200 (45ms)
[2025-12-06T05:07:21.229Z] GET /admin/products/?page=5&sort= : 200 (21ms)
[2025-12-06T05:07:22.656Z] GET /admin/products/?page=6&sort= : 200 (21ms)
[2025-12-06T05:07:24.813Z] GET /admin/products/editProduct?id=68f9a8623c22c76b50e17ab6 : 200 (13ms)
[2025-12-06T05:07:46.056Z] PUT /admin/products/editProduct/68f9a8623c22c76b50e17ab6 : 200 (9ms)
[2025-12-06T05:07:47.273Z] GET /admin/products : 200 (19ms)
[2025-12-06T05:07:50.366Z] GET /shop?sort=oldest : 200 (44ms)
[2025-12-06T05:07:51.166Z] GET /shop?sort=oldest : 200 (67ms)
[2025-12-06T05:07:51.599Z] GET /shop?sort=oldest : 200 (35ms)
[2025-12-06T05:07:54.387Z] GET /admin/products/?page=5&sort= : 200 (19ms)
[2025-12-06T05:07:56.062Z] GET /admin/products/?page=6&sort= : 200 (18ms)
[2025-12-06T05:07:58.993Z] GET /admin/products/editProduct?id=68f9f12a74c90e68a22c7f11 : 200 (11ms)
[2025-12-06T05:08:05.022Z] PUT /admin/products/editProduct/68f9f12a74c90e68a22c7f11 : 200 (12ms)
[2025-12-06T05:08:06.197Z] GET /admin/products : 200 (41ms)
[2025-12-06T05:08:08.956Z] GET /shop?sort=oldest : 200 (45ms)
[2025-12-06T05:08:43.758Z] GET /shop?sort=oldest : 200 (32ms)
[2025-12-06T05:08:47.086Z] GET /admin/products/?page=5&sort= : 200 (22ms)
[2025-12-06T05:08:51.222Z] GET /admin/products/?page=6&sort= : 200 (21ms)
[2025-12-06T05:08:54.075Z] GET /admin/products/editProduct?id=68fa025036c43400e7c48cef : 200 (13ms)
[2025-12-06T05:09:00.056Z] PUT /admin/products/editProduct/68fa025036c43400e7c48cef : 200 (9ms)
[2025-12-06T05:09:00.919Z] GET /admin/products : 200 (16ms)
[2025-12-06T05:09:04.358Z] GET /shop?sort=oldest : 200 (36ms)
[2025-12-06T05:09:11.014Z] GET /admin/products/?page=5&sort= : 200 (22ms)
[2025-12-06T05:09:12.320Z] GET /admin/products/?page=6&sort= : 200 (21ms)
[2025-12-06T05:09:14.439Z] GET /admin/products/editProduct?id=68fa051c36c43400e7c48f44 : 200 (11ms)
[2025-12-06T05:09:32.352Z] PUT /admin/products/editProduct/68fa051c36c43400e7c48f44 : 200 (11ms)
[2025-12-06T05:09:33.597Z] GET /admin/products : 200 (14ms)
[2025-12-06T05:09:36.205Z] GET /shop?sort=oldest : 200 (45ms)
[2025-12-06T05:44:17.387Z] GET /shop?sort=oldest : 200 (238ms)
[2025-12-06T05:44:18.188Z] GET /shop?sort=oldest : 200 (36ms)
[2025-12-06T05:44:22.107Z] GET / : 200 (17ms)
[2025-12-06T05:44:23.650Z] GET /admin : 302 (7ms)
[2025-12-06T05:44:23.657Z] GET /admin/login : 200 (4ms)
[2025-12-06T05:44:30.571Z] POST /admin/login : 302 (91ms)
[2025-12-06T05:44:30.580Z] GET /admin : 200 (5ms)
[2025-12-06T05:44:30.690Z] GET /admin/report?range=monthly : 200 (6ms)
[2025-12-06T05:44:32.359Z] GET /admin/category : 200 (24ms)
[2025-12-06T05:44:32.471Z] GET /favicon.ico : 404 (6ms)
[2025-12-06T05:44:38.103Z] POST /admin/category/addCategoryOffer : 200 (35ms)
[2025-12-06T05:44:38.850Z] GET /admin/category : 200 (17ms)
[2025-12-06T05:44:42.677Z] GET /shop?sort=oldest : 200 (51ms)
[2025-12-06T05:44:43.395Z] GET /shop?sort=oldest : 200 (51ms)
[2025-12-06T05:44:43.580Z] GET /shop?sort=oldest : 200 (34ms)
[2025-12-06T05:44:43.758Z] GET /shop?sort=oldest : 200 (36ms)
[2025-12-06T05:44:43.955Z] GET /shop?sort=oldest : 200 (37ms)
[2025-12-06T05:44:44.524Z] GET /shop?sort=oldest : 200 (47ms)
[2025-12-06T05:44:44.822Z] GET /shop?sort=oldest : 200 (36ms)
[2025-12-06T05:44:45.017Z] GET /shop?sort=oldest : 200 (32ms)
[2025-12-06T05:45:01.035Z] GET /peripheral/Cabinet : 200 (37ms)
[2025-12-06T05:45:04.209Z] GET /peripheral/Cabinet : 200 (36ms)
[2025-12-06T06:39:53.918Z] GET /peripheral/Cabinet : 200 (131ms)
[2025-12-06T06:39:58.193Z] GET /admin/category : 200 (23ms)
[2025-12-06T06:41:14.686Z] GET /peripheral/Cabinet : 200 (48ms)
[2025-12-06T06:41:26.669Z] GET /admin/category : 302 (8ms)
[2025-12-06T06:41:26.673Z] GET /admin/login : 200 (2ms)
[2025-12-06T06:41:33.423Z] POST /admin/login : 302 (91ms)
[2025-12-06T06:41:33.431Z] GET /admin : 200 (4ms)
[2025-12-06T06:41:33.528Z] GET /admin/report?range=monthly : 200 (4ms)
[2025-12-06T06:41:34.830Z] GET /admin/category : 200 (20ms)
[2025-12-06T06:41:43.954Z] POST /admin/category/removeCategoryOffer : 200 (23ms)
[2025-12-06T06:41:45.200Z] GET /admin/category : 200 (18ms)
[2025-12-06T06:41:47.264Z] GET /peripheral/Cabinet : 200 (44ms)
[2025-12-06T06:41:48.055Z] GET /peripheral/Cabinet : 200 (37ms)
[2025-12-06T06:41:52.669Z] GET /admin/products : 200 (20ms)
[2025-12-06T06:41:54.710Z] GET /admin/products/?page=2&sort= : 200 (20ms)
[2025-12-06T06:41:57.004Z] GET /admin/products/?page=6&sort= : 200 (22ms)
[2025-12-06T06:42:00.640Z] GET /admin/products/editProduct?id=68fa051c36c43400e7c48f44 : 200 (15ms)
[2025-12-06T06:42:03.735Z] GET /admin/products : 200 (22ms)
[2025-12-06T06:42:05.708Z] GET /admin/products/?page=5&sort= : 200 (26ms)
[2025-12-06T06:42:09.413Z] GET /admin/products/?page=7&sort= : 200 (16ms)
[2025-12-06T06:42:10.862Z] GET /admin/products/?page=6&sort= : 200 (25ms)
[2025-12-06T06:42:16.163Z] GET /admin/products/editProduct?id=68fb5d983208cd98512c41bb : 200 (15ms)
[2025-12-06T06:42:25.141Z] PUT /admin/products/editProduct/68fb5d983208cd98512c41bb : 200 (19ms)
[2025-12-06T06:42:26.210Z] GET /admin/products : 200 (19ms)
[2025-12-06T06:42:28.419Z] GET /admin/products/?page=5&sort= : 200 (21ms)
[2025-12-06T06:42:29.722Z] GET /admin/products/?page=6&sort= : 200 (16ms)
[2025-12-06T06:42:34.222Z] GET /admin/products/editProduct?id=68fc4258c12dc4b14173fc40 : 200 (14ms)
[2025-12-06T06:42:41.958Z] PUT /admin/products/editProduct/68fc4258c12dc4b14173fc40 : 200 (10ms)
[2025-12-06T06:42:43.071Z] GET /admin/products : 200 (18ms)
[2025-12-06T06:43:02.403Z] GET /admin/products/?page=2&sort= : 200 (23ms)
[2025-12-06T06:43:13.436Z] GET /admin/products/?page=1&sort= : 200 (21ms)
[2025-12-06T06:43:16.520Z] GET /admin/products/?page=2&sort= : 200 (20ms)
[2025-12-06T06:43:21.360Z] GET /admin/products/editProduct?id=68ffa7e8c5c73c70f12b55af : 200 (12ms)
[2025-12-06T06:43:49.118Z] PUT /admin/products/editProduct/68ffa7e8c5c73c70f12b55af : 200 (13ms)
[2025-12-06T06:43:50.076Z] GET /admin/products : 200 (16ms)
[2025-12-06T06:43:53.210Z] GET /peripheral/Cabinet : 200 (40ms)
[2025-12-06T06:43:59.313Z] GET /admin/products/?page=2&sort= : 200 (33ms)
[2025-12-06T06:44:01.515Z] GET /admin/products/?page=3&sort= : 200 (22ms)
[2025-12-06T06:44:04.154Z] GET /admin/products/?page=4&sort= : 200 (20ms)
[2025-12-06T06:44:08.060Z] GET /admin/products/?page=5&sort= : 200 (23ms)
[2025-12-06T06:44:10.919Z] GET /admin/products/editProduct?id=68fc763300cdf88c889f3726 : 200 (11ms)
[2025-12-06T06:44:17.952Z] PUT /admin/products/editProduct/68fc763300cdf88c889f3726 : 200 (13ms)
[2025-12-06T06:44:18.972Z] GET /admin/products : 200 (37ms)
[2025-12-06T06:44:20.735Z] GET /admin/products/?page=4&sort= : 200 (22ms)
[2025-12-06T06:44:22.703Z] GET /admin/products/?page=5&sort= : 200 (22ms)
[2025-12-06T06:44:24.841Z] GET /admin/products/editProduct?id=68fc73f400cdf88c889f3436 : 200 (10ms)
[2025-12-06T06:44:32.231Z] PUT /admin/products/editProduct/68fc73f400cdf88c889f3436 : 200 (9ms)
[2025-12-06T06:44:33.143Z] GET /admin/products : 200 (43ms)
[2025-12-06T06:44:36.183Z] GET /peripheral/Cabinet : 200 (36ms)
[2025-12-06T06:44:36.915Z] GET /peripheral/Cabinet : 200 (37ms)
[2025-12-06T06:44:42.181Z] GET /admin/products/?page=5&sort= : 200 (24ms)
[2025-12-06T06:44:46.650Z] GET /admin/products/?page=6&sort= : 200 (22ms)
[2025-12-06T06:45:04.617Z] GET /admin/category : 200 (14ms)
[2025-12-06T06:45:11.354Z] POST /admin/category/addCategoryOffer : 200 (10ms)
[2025-12-06T06:45:12.183Z] GET /admin/category : 200 (14ms)
[2025-12-06T06:45:15.777Z] GET /peripheral/Keyboard : 200 (33ms)
[2025-12-06T06:45:28.653Z] POST /admin/category/removeCategoryOffer : 200 (7ms)
[2025-12-06T06:45:29.944Z] GET /admin/category : 200 (16ms)
[2025-12-06T06:45:33.954Z] POST /admin/category/addCategoryOffer : 200 (10ms)
[2025-12-06T06:45:34.906Z] GET /admin/category : 200 (12ms)
[2025-12-06T06:45:37.458Z] GET /peripheral/Keyboard : 200 (37ms)
[2025-12-06T06:50:36.232Z] GET /component/Coolers : 200 (63ms)
[2025-12-06T06:50:37.543Z] GET /component/Coolers : 200 (27ms)
[2025-12-06T06:50:46.323Z] GET /admin/category : 302 (8ms)
[2025-12-06T06:50:46.328Z] GET /admin/login : 200 (3ms)
[2025-12-06T06:50:52.254Z] POST /admin/login : 302 (91ms)
[2025-12-06T06:50:52.261Z] GET /admin : 200 (3ms)
[2025-12-06T06:50:52.358Z] GET /admin/report?range=monthly : 200 (7ms)
[2025-12-06T06:54:31.855Z] GET /admin : 200 (12ms)
[2025-12-06T06:54:31.976Z] GET /admin/report?range=monthly : 200 (7ms)
[2025-12-06T06:54:34.162Z] GET /admin/category : 200 (20ms)
[2025-12-06T06:54:39.060Z] GET /admin/category?sort=name&search=&page=2 : 200 (17ms)
[2025-12-06T06:54:46.446Z] POST /admin/category/addCategoryOffer : 200 (19ms)
[2025-12-06T06:54:48.341Z] GET /admin/category?sort=name&search=&page=2 : 200 (13ms)
[2025-12-06T06:54:50.592Z] GET /component/Coolers : 200 (43ms)
[2025-12-06T06:54:51.468Z] GET /component/Coolers : 200 (37ms)
[2025-12-06T06:55:38.336Z] POST /admin/category/removeCategoryOffer : 200 (8ms)
[2025-12-06T06:55:39.344Z] GET /admin/category?sort=name&search=&page=2 : 200 (16ms)
[2025-12-06T06:59:25.478Z] GET /admin/category?sort=name&search=&page=1 : 200 (15ms)
[2025-12-06T06:59:27.905Z] POST /admin/category/removeCategoryOffer : 200 (8ms)
[2025-12-06T06:59:29.571Z] GET /admin/category?sort=name&search=&page=1 : 200 (21ms)
[2025-12-06T06:59:32.017Z] GET /component/Coolers : 200 (38ms)
[2025-12-06T06:59:43.544Z] POST /admin/category/addCategoryOffer : 200 (9ms)
[2025-12-06T06:59:44.883Z] GET /admin/category?sort=name&search=&page=1 : 200 (14ms)
[2025-12-06T06:59:53.979Z] GET /component/Coolers : 200 (41ms)
[2025-12-06T06:59:59.203Z] GET /admin/category?sort=name&search=&page=2 : 200 (13ms)
[2025-12-06T07:00:04.146Z] POST /admin/category/addCategoryOffer : 200 (24ms)
[2025-12-06T07:00:05.282Z] GET /admin/category?sort=name&search=&page=2 : 200 (21ms)
[2025-12-06T07:00:08.155Z] GET /component/Coolers : 200 (35ms)
[2025-12-06T07:00:08.780Z] GET /component/Coolers : 200 (27ms)
[2025-12-06T07:00:27.331Z] POST /admin/category/removeCategoryOffer : 200 (7ms)
[2025-12-06T07:00:28.362Z] GET /admin/category?sort=name&search=&page=2 : 200 (14ms)
[2025-12-06T07:00:29.629Z] GET /admin/category?sort=name&search=&page=1 : 200 (15ms)
[2025-12-06T07:00:32.511Z] POST /admin/category/removeCategoryOffer : 200 (5ms)
[2025-12-06T07:00:33.554Z] GET /admin/category?sort=name&search=&page=1 : 200 (14ms)
[2025-12-06T07:00:53.735Z] GET /component/Coolers : 200 (37ms)
[2025-12-06T07:00:53.964Z] GET /component/Coolers : 200 (26ms)
[2025-12-06T07:00:54.285Z] GET /component/Coolers : 200 (29ms)
[2025-12-06T07:00:54.470Z] GET /component/Coolers : 200 (29ms)
[2025-12-06T07:00:58.816Z] GET /shop : 200 (54ms)
[2025-12-06T07:02:26.333Z] GET /admin/category?sort=name&search=&page=1 : 302 (25ms)
[2025-12-06T07:02:26.341Z] GET /admin/login : 200 (6ms)
[2025-12-06T07:02:31.656Z] POST /admin/login : 302 (94ms)
[2025-12-06T07:02:31.666Z] GET /admin : 200 (4ms)
[2025-12-06T07:02:31.757Z] GET /admin/report?range=monthly : 200 (8ms)
[2025-12-06T07:02:33.246Z] GET /admin/brands : 200 (19ms)
[2025-12-06T07:02:33.273Z] GET /js/admin/categoryList.js : 404 (4ms)
[2025-12-06T07:02:33.686Z] GET /admin/products : 200 (28ms)
[2025-12-06T07:02:34.884Z] GET /admin/category : 200 (16ms)
[2025-12-06T07:02:37.190Z] GET /admin/category?sort=name&search=&page=2 : 200 (16ms)
[2025-12-06T07:02:44.224Z] POST /admin/category/addCategoryOffer : 200 (13ms)
[2025-12-06T07:02:44.945Z] GET /admin/category?sort=name&search=&page=2 : 200 (13ms)
[2025-12-06T07:02:52.030Z] POST /admin/category/addCategoryOffer : 200 (13ms)
[2025-12-06T07:02:53.060Z] GET /admin/category?sort=name&search=&page=2 : 200 (14ms)
[2025-12-06T07:02:53.890Z] GET /admin/category?sort=name&search=&page=1 : 200 (15ms)
[2025-12-06T07:03:00.797Z] POST /admin/category/addCategoryOffer : 400 (4ms)
[2025-12-06T07:03:07.237Z] POST /admin/category/addCategoryOffer : 200 (14ms)
[2025-12-06T07:04:36.185Z] GET /admin/category?sort=name&search=&page=1 : 200 (16ms)
[2025-12-06T07:04:41.127Z] GET /shop : 200 (61ms)
[2025-12-06T07:04:46.346Z] GET /admin/category?sort=name&search=&page=2 : 200 (15ms)
[2025-12-06T07:06:11.301Z] GET /admin/category?sort=name&search=&page=1 : 200 (21ms)
[2025-12-06T07:06:21.367Z] GET /shop/?page=2 : 200 (56ms)
[2025-12-06T07:06:30.287Z] POST /admin/category/removeCategoryOffer : 200 (9ms)
[2025-12-06T07:06:31.177Z] GET /admin/category?sort=name&search=&page=1 : 200 (16ms)
[2025-12-06T07:06:33.562Z] GET /admin/category?sort=name&search=&page=2 : 200 (15ms)
[2025-12-06T07:06:35.698Z] POST /admin/category/removeCategoryOffer : 200 (5ms)
[2025-12-06T07:06:37.010Z] GET /admin/category?sort=name&search=&page=2 : 200 (15ms)
[2025-12-06T07:06:39.151Z] POST /admin/category/removeCategoryOffer : 200 (8ms)
[2025-12-06T07:06:40.026Z] GET /admin/category?sort=name&search=&page=2 : 200 (13ms)
[2025-12-06T07:10:39.362Z] GET /shop/?page=2 : 200 (69ms)
[2025-12-06T07:10:45.227Z] GET /admin/category?sort=name&search=&page=2 : 302 (8ms)
[2025-12-06T07:10:45.232Z] GET /admin/login : 200 (3ms)
[2025-12-06T07:10:52.564Z] POST /admin/login : 302 (90ms)
[2025-12-06T07:10:52.572Z] GET /admin : 200 (4ms)
[2025-12-06T07:10:52.660Z] GET /admin/report?range=monthly : 200 (6ms)
[2025-12-06T07:10:57.596Z] GET /admin/category : 200 (18ms)
[2025-12-06T07:10:59.324Z] GET /admin/category?sort=name&search=&page=2 : 200 (15ms)
[2025-12-06T07:11:00.577Z] GET /admin/category?sort=name&search=&page=1 : 200 (15ms)
[2025-12-06T07:11:06.620Z] GET /admin/category?sort=name&search=&page=2 : 200 (14ms)
[2025-12-06T07:11:09.407Z] GET /admin/category?sort=name&search=&page=1 : 200 (15ms)
[2025-12-06T07:11:13.185Z] GET /admin/category?sort=name&search=&page=2 : 200 (14ms)
[2025-12-06T07:11:16.174Z] GET /admin/category?sort=name&search=&page=1 : 200 (14ms)
[2025-12-06T07:11:24.974Z] POST /admin/category/addCategoryOffer : 200 (11ms)
[2025-12-06T07:11:25.681Z] GET /admin/category?sort=name&search=&page=1 : 200 (19ms)
[2025-12-06T07:11:28.890Z] GET / : 200 (21ms)
[2025-12-06T07:11:36.307Z] GET / : 200 (20ms)
[2025-12-06T07:11:37.093Z] GET / : 200 (22ms)
[2025-12-06T07:11:48.091Z] POST /admin/category/addCategoryOffer : 200 (11ms)
[2025-12-06T07:11:49.160Z] GET /admin/category?sort=name&search=&page=1 : 200 (18ms)
[2025-12-06T07:11:50.987Z] GET / : 200 (20ms)
[2025-12-06T07:11:51.717Z] GET / : 200 (17ms)
[2025-12-06T07:11:51.916Z] GET / : 200 (13ms)
[2025-12-06T07:11:52.099Z] GET / : 200 (13ms)
[2025-12-06T07:12:03.236Z] GET /shop/limitedEditions : 200 (38ms)
[2025-12-06T07:12:10.147Z] GET /admin/category?sort=name&search=&page=2 : 200 (15ms)
[2025-12-06T07:12:15.441Z] POST /admin/category/addCategoryOffer : 200 (14ms)
[2025-12-06T07:12:16.344Z] GET /admin/category?sort=name&search=&page=2 : 200 (13ms)
[2025-12-06T07:12:18.616Z] GET /shop/limitedEditions : 200 (34ms)
[2025-12-06T07:12:19.343Z] GET /shop/limitedEditions : 200 (30ms)
[2025-12-06T07:12:19.904Z] GET /shop/limitedEditions : 200 (29ms)
[2025-12-06T07:12:20.215Z] GET /shop/limitedEditions : 200 (25ms)
[2025-12-06T07:12:27.487Z] POST /admin/category/removeCategoryOffer : 200 (7ms)
[2025-12-06T07:12:28.430Z] GET /admin/category?sort=name&search=&page=2 : 200 (16ms)
[2025-12-06T07:12:29.378Z] GET /admin/category?sort=name&search=&page=1 : 200 (15ms)
[2025-12-06T07:12:31.102Z] POST /admin/category/removeCategoryOffer : 200 (7ms)
[2025-12-06T07:12:32.076Z] GET /admin/category?sort=name&search=&page=1 : 200 (14ms)
[2025-12-06T07:12:34.435Z] POST /admin/category/removeCategoryOffer : 200 (6ms)
[2025-12-06T07:12:35.293Z] GET /admin/category?sort=name&search=&page=1 : 200 (14ms)
[2025-12-06T07:12:38.651Z] GET / : 200 (22ms)
[2025-12-06T07:12:44.329Z] GET /admin/products : 200 (25ms)
[2025-12-06T07:12:48.404Z] GET /admin/products/?page=2&sort= : 200 (24ms)
[2025-12-06T07:12:50.512Z] GET /admin/products/editProduct?id=690084798d54896c59a962d8 : 200 (16ms)
[2025-12-06T07:12:57.123Z] PUT /admin/products/editProduct/690084798d54896c59a962d8 : 200 (19ms)
[2025-12-06T07:12:57.941Z] GET /admin/products : 200 (22ms)
[2025-12-06T07:13:00.563Z] GET / : 200 (20ms)
[2025-12-06T07:22:06.696Z] GET /shop : 200 (77ms)
[2025-12-06T07:22:08.485Z] GET /shop : 200 (60ms)
[2025-12-06T07:22:12.504Z] GET /admin/products : 302 (8ms)
[2025-12-06T07:22:12.510Z] GET /admin/login : 200 (3ms)
[2025-12-06T07:22:19.920Z] POST /admin/login : 302 (91ms)
[2025-12-06T07:22:19.930Z] GET /admin : 200 (4ms)
[2025-12-06T07:22:20.020Z] GET /admin/report?range=monthly : 200 (5ms)
[2025-12-06T07:22:21.485Z] GET /admin/category : 200 (18ms)
[2025-12-06T07:22:23.943Z] GET /admin/category : 200 (18ms)
[2025-12-06T07:22:28.057Z] POST /admin/category/addCategoryOffer : 200 (14ms)
[2025-12-06T07:22:29.095Z] GET /admin/category : 200 (15ms)
[2025-12-06T07:22:32.595Z] POST /admin/category/addCategoryOffer : 200 (8ms)
[2025-12-06T07:22:33.712Z] GET /admin/category : 200 (15ms)
[2025-12-06T07:22:36.156Z] POST /admin/category/addCategoryOffer : 200 (12ms)
[2025-12-06T07:22:37.248Z] GET /admin/category : 200 (12ms)
[2025-12-06T07:22:39.503Z] POST /admin/category/addCategoryOffer : 200 (7ms)
[2025-12-06T07:22:39.720Z] GET /admin/category : 200 (15ms)
[2025-12-06T07:22:42.347Z] POST /admin/category/addCategoryOffer : 200 (6ms)
[2025-12-06T07:22:42.549Z] GET /admin/category : 200 (13ms)
[2025-12-06T07:22:47.429Z] POST /admin/category/addCategoryOffer : 200 (9ms)
[2025-12-06T07:22:47.944Z] GET /admin/category : 200 (21ms)
[2025-12-06T07:22:51.370Z] POST /admin/category/addCategoryOffer : 200 (11ms)
[2025-12-06T07:22:51.603Z] GET /admin/category : 200 (15ms)
[2025-12-06T07:22:54.332Z] POST /admin/category/addCategoryOffer : 200 (7ms)
[2025-12-06T07:22:54.654Z] GET /admin/category : 200 (14ms)
[2025-12-06T07:22:56.150Z] GET /admin/category?sort=name&search=&page=2 : 200 (14ms)
[2025-12-06T07:23:11.589Z] POST /admin/category/addCategoryOffer : 200 (13ms)
[2025-12-06T07:23:11.786Z] GET /admin/category?sort=name&search=&page=2 : 200 (14ms)
[2025-12-06T07:23:14.605Z] POST /admin/category/addCategoryOffer : 200 (7ms)
[2025-12-06T07:23:14.952Z] GET /admin/category?sort=name&search=&page=2 : 200 (13ms)
[2025-12-06T07:23:17.751Z] POST /admin/category/addCategoryOffer : 200 (6ms)
[2025-12-06T07:23:18.168Z] GET /admin/category?sort=name&search=&page=2 : 200 (13ms)
[2025-12-06T07:23:20.642Z] POST /admin/category/addCategoryOffer : 200 (11ms)
[2025-12-06T07:23:21.928Z] GET /admin/category?sort=name&search=&page=2 : 200 (13ms)
[2025-12-06T07:23:24.685Z] POST /admin/category/addCategoryOffer : 200 (9ms)
[2025-12-06T07:23:25.087Z] GET /admin/category?sort=name&search=&page=2 : 200 (15ms)
[2025-12-06T07:23:26.574Z] GET /admin/category?sort=name&search=&page=1 : 200 (14ms)
[2025-12-06T07:23:30.980Z] GET /shop : 200 (51ms)
[2025-12-06T07:23:41.251Z] GET /products/?brand=Corsair&category=Memory%28RAM%29 : 200 (38ms)
[2025-12-06T07:23:47.934Z] GET /products/?brand=Corsair&category=Cabinet : 200 (35ms)
[2025-12-06T07:23:51.748Z] GET /component/Motherboard : 200 (37ms)
[2025-12-06T07:23:56.216Z] GET /peripheral/Cabinet : 200 (36ms)
[2025-12-06T07:23:59.722Z] GET /products?search=rog : 200 (41ms)
[2025-12-06T07:24:03.514Z] GET / : 200 (20ms)
[2025-12-06T07:24:08.186Z] GET /shop/limitedEditions : 200 (27ms)
[2025-12-06T07:24:14.521Z] GET /shop : 200 (43ms)
[2025-12-06T07:24:16.255Z] GET / : 200 (18ms)
[2025-12-06T07:28:17.570Z] GET / : 200 (42ms)
[2025-12-06T07:28:24.921Z] GET /shop : 200 (44ms)
[2025-12-06T07:28:28.374Z] GET /products/?brand=Benq : 200 (41ms)
[2025-12-06T07:28:31.795Z] GET /shop : 200 (48ms)
[2025-12-06T07:32:17.329Z] GET /shop : 200 (146ms)
[2025-12-06T07:32:17.630Z] GET /shop : 200 (24ms)
[2025-12-06T07:32:19.433Z] GET /products?search=rog : 200 (51ms)
[2025-12-06T07:32:57.748Z] POST /admin/category/removeCategoryOffer : 302 (7ms)
[2025-12-06T07:32:57.758Z] GET /admin/login : 200 (3ms)
[2025-12-06T07:33:00.404Z] GET /admin/category?sort=name&search=&page=1 : 302 (5ms)
[2025-12-06T07:33:00.409Z] GET /admin/login : 200 (2ms)
[2025-12-06T07:33:06.037Z] POST /admin/login : 302 (100ms)
[2025-12-06T07:33:06.047Z] GET /admin : 200 (4ms)
[2025-12-06T07:33:06.145Z] GET /admin/report?range=monthly : 200 (8ms)
[2025-12-06T07:33:07.737Z] GET /admin/category : 200 (20ms)
[2025-12-06T07:33:09.836Z] POST /admin/category/removeCategoryOffer : 200 (16ms)
[2025-12-06T07:33:10.782Z] GET /admin/category : 200 (17ms)
[2025-12-06T07:37:37.161Z] GET /products?search=rog : 200 (156ms)
[2025-12-06T07:37:37.997Z] GET /product?id=68f893885a423776e56a774c : 200 (32ms)
[2025-12-06T07:37:39.989Z] GET /products?search=rog : 200 (43ms)
[2025-12-06T07:37:40.788Z] GET /product?id=68f8a0869791cc1a6c2a6c9b : 200 (21ms)
[2025-12-06T07:37:41.680Z] GET /product?id=68f8a0869791cc1a6c2a6c9b&variant=6933b9d3a3a536db646bac69 : 200 (21ms)
[2025-12-06T07:37:42.502Z] GET /product?id=68f8a0869791cc1a6c2a6c9b&variant=6933b9d3a3a536db646bac68 : 200 (24ms)
[2025-12-06T07:37:43.124Z] GET /product?id=68f8a0869791cc1a6c2a6c9b&variant=6933b9d3a3a536db646bac69 : 200 (24ms)
[2025-12-06T07:37:43.619Z] GET /product?id=68f8a0869791cc1a6c2a6c9b&variant=6933b9d3a3a536db646bac68 : 200 (27ms)
[2025-12-06T07:37:43.963Z] GET /product?id=68f8a0869791cc1a6c2a6c9b&variant=6933b9d3a3a536db646bac69 : 200 (19ms)
[2025-12-06T07:37:44.536Z] GET /product?id=68f8a0869791cc1a6c2a6c9b&variant=6933b9d3a3a536db646bac68 : 200 (18ms)
[2025-12-06T07:37:44.961Z] GET /product?id=68f8a0869791cc1a6c2a6c9b&variant=6933b9d3a3a536db646bac69 : 200 (20ms)
[2025-12-06T07:39:05.092Z] GET /shop : 200 (77ms)
[2025-12-06T07:39:06.831Z] GET /product?id=68fa025036c43400e7c48cef : 200 (32ms)
[2025-12-06T07:39:13.891Z] POST /admin/category/removeCategoryOffer : 302 (4ms)
[2025-12-06T07:39:13.894Z] GET /admin/login : 200 (2ms)
[2025-12-06T07:39:15.554Z] GET /admin/category : 302 (4ms)
[2025-12-06T07:39:15.560Z] GET /admin/login : 200 (3ms)
[2025-12-06T07:39:20.699Z] POST /admin/login : 302 (99ms)
[2025-12-06T07:39:20.707Z] GET /admin : 200 (4ms)
[2025-12-06T07:39:20.807Z] GET /admin/report?range=monthly : 200 (10ms)
[2025-12-06T07:39:22.165Z] GET /admin/category : 200 (24ms)
[2025-12-06T07:39:26.643Z] GET /shop : 200 (292ms)
[2025-12-06T07:39:30.242Z] GET /shop/?page=2 : 200 (48ms)
[2025-12-06T07:39:35.094Z] GET /shop/?page=3 : 200 (49ms)
[2025-12-06T07:39:47.346Z] POST /admin/category/removeCategoryOffer : 200 (16ms)
[2025-12-06T07:39:48.550Z] GET /admin/category : 200 (20ms)
[2025-12-06T07:39:50.371Z] GET /shop : 200 (43ms)
[2025-12-06T07:39:51.867Z] GET /product?id=68f893885a423776e56a774c : 200 (28ms)
[2025-12-06T07:40:01.450Z] POST /admin/category/removeCategoryOffer : 200 (7ms)
[2025-12-06T07:40:02.413Z] GET /admin/category : 200 (16ms)
[2025-12-06T07:40:09.400Z] GET /shop/?page=2 : 200 (48ms)
[2025-12-06T07:40:10.886Z] GET /product?id=68fefff6501b009441385acb : 200 (31ms)
[2025-12-06T07:40:12.243Z] GET /product?id=68fefff6501b009441385acb : 200 (23ms)
[2025-12-06T07:40:16.060Z] GET /product?id=68ff05e9a388c66fefda00fc : 200 (21ms)
[2025-12-06T07:40:17.510Z] GET /product?id=68ff05e9a388c66fefda00fc&variant=68ff05e9a388c66fefda00fe : 200 (21ms)
[2025-12-06T07:40:18.680Z] GET /product?id=68ff05e9a388c66fefda00fc&variant=68ff05e9a388c66fefda00ff : 200 (19ms)
[2025-12-06T07:40:19.555Z] GET /product?id=68ff05e9a388c66fefda00fc&variant=68ff05e9a388c66fefda0100 : 200 (22ms)
[2025-12-06T07:40:20.238Z] GET /product?id=68ff05e9a388c66fefda00fc&variant=68ff05e9a388c66fefda00fd : 200 (26ms)
[2025-12-06T07:40:20.854Z] GET /product?id=68ff05e9a388c66fefda00fc&variant=68ff05e9a388c66fefda00fe : 200 (23ms)
[2025-12-06T07:40:21.422Z] GET /product?id=68ff05e9a388c66fefda00fc&variant=68ff05e9a388c66fefda00ff : 200 (23ms)
[2025-12-06T07:40:21.924Z] GET /product?id=68ff05e9a388c66fefda00fc&variant=68ff05e9a388c66fefda0100 : 200 (23ms)
[2025-12-06T07:40:29.791Z] POST /admin/category/removeCategoryOffer : 200 (7ms)
[2025-12-06T07:40:30.925Z] GET /admin/category : 200 (15ms)
[2025-12-06T07:40:32.379Z] POST /admin/category/removeCategoryOffer : 200 (6ms)
[2025-12-06T07:40:33.576Z] GET /admin/category : 200 (13ms)
[2025-12-06T07:40:35.148Z] POST /admin/category/removeCategoryOffer : 200 (7ms)
[2025-12-06T07:40:36.355Z] GET /admin/category : 200 (13ms)
[2025-12-06T07:40:38.004Z] POST /admin/category/removeCategoryOffer : 200 (7ms)
[2025-12-06T07:40:39.018Z] GET /admin/category : 200 (14ms)
[2025-12-06T07:40:41.800Z] POST /admin/category/removeCategoryOffer : 200 (5ms)
[2025-12-06T07:40:42.640Z] GET /admin/category : 200 (12ms)
[2025-12-06T07:40:43.675Z] GET /admin/category?sort=name&search=&page=2 : 200 (13ms)
[2025-12-06T07:40:45.698Z] POST /admin/category/removeCategoryOffer : 200 (5ms)
[2025-12-06T07:40:46.651Z] GET /admin/category?sort=name&search=&page=2 : 200 (13ms)
[2025-12-06T07:40:48.572Z] POST /admin/category/removeCategoryOffer : 200 (7ms)
[2025-12-06T07:40:49.284Z] GET /admin/category?sort=name&search=&page=2 : 200 (13ms)
[2025-12-06T07:40:51.067Z] POST /admin/category/removeCategoryOffer : 200 (6ms)
[2025-12-06T07:40:51.745Z] GET /admin/category?sort=name&search=&page=2 : 200 (12ms)
[2025-12-06T07:40:53.306Z] POST /admin/category/removeCategoryOffer : 200 (6ms)
[2025-12-06T07:40:54.491Z] GET /admin/category?sort=name&search=&page=2 : 200 (13ms)
[2025-12-06T07:40:56.316Z] POST /admin/category/removeCategoryOffer : 200 (7ms)
[2025-12-06T07:40:57.562Z] GET /admin/category?sort=name&search=&page=2 : 200 (12ms)
[2025-12-06T07:40:59.874Z] GET /admin/category?sort=name&search=&page=1 : 200 (11ms)
[2025-12-06T07:43:56.892Z] GET /login : 200 (7ms)
[2025-12-06T07:43:57.895Z] GET /auth/google : 302 (2ms)
[2025-12-06T07:43:58.741Z] GET /auth/google/callback?code=4%2F0Ab32j9012TygVkT9WIqwAZui85hqpHlqxReLcLoULXDZB6dKhJ_9pEmqSWNOn_74GtC6QA&scope=email+profile+openid+https%3A%2F%2Fwww.googleapis.com%2Fauth%2Fuserinfo.profile+https%3A%2F%2Fwww.googleapis.com%2Fauth%2Fuserinfo.email&authuser=0&prompt=none : 302 (506ms)
[2025-12-06T07:43:58.771Z] GET / : 200 (25ms)
[2025-12-06T07:44:01.813Z] GET /shop : 200 (80ms)
[2025-12-06T07:44:04.662Z] POST /wishlist/add : 200 (19ms)
[2025-12-06T07:44:07.822Z] GET /wishlist : 200 (25ms)
[2025-12-06T07:44:09.309Z] POST /cart/add : 200 (19ms)
[2025-12-06T07:44:11.070Z] GET /wishlist : 200 (14ms)
[2025-12-06T07:44:12.503Z] GET /cart : 200 (23ms)
[2025-12-06T07:44:20.712Z] GET /shop : 200 (42ms)
[2025-12-06T07:44:22.819Z] GET /cart : 200 (20ms)
[2025-12-06T07:44:25.277Z] PATCH /cart/count/6933b9d3a3a536db646bac68 : 200 (256ms)
[2025-12-06T07:44:27.535Z] PATCH /cart/count/6933b9d3a3a536db646bac68 : 200 (11ms)
[2025-12-06T07:44:29.653Z] GET /cart : 200 (18ms)
[2025-12-06T07:44:30.256Z] GET /cart : 200 (19ms)
[2025-12-06T07:44:30.454Z] GET /cart : 200 (15ms)
[2025-12-06T07:44:30.619Z] GET /cart : 200 (14ms)
[2025-12-06T07:44:30.802Z] GET /cart : 200 (13ms)
[2025-12-06T07:44:31.113Z] GET /cart : 200 (20ms)
[2025-12-06T07:44:37.769Z] PATCH /cart/count/6933b9d3a3a536db646bac68 : 200 (11ms)
[2025-12-06T07:44:39.902Z] PATCH /cart/count/6933b9d3a3a536db646bac68 : 200 (11ms)
[2025-12-06T07:44:41.643Z] GET /cart : 200 (19ms)
[2025-12-06T07:44:42.265Z] GET /cart : 200 (29ms)
[2025-12-06T07:53:22.537Z] GET /cart : 302 (13ms)
[2025-12-06T07:53:22.545Z] GET /login : 200 (5ms)
[2025-12-06T07:53:24.126Z] GET /auth/google : 302 (1ms)
[2025-12-06T07:53:24.879Z] GET /auth/google/callback?code=4%2F0Ab32j939DmVMZ0VsBFiJGiDLfJdRzZG1U_WWIE1PitIpKYy44ppO-2MyZBN9faLx5kwAIw&scope=email+profile+https%3A%2F%2Fwww.googleapis.com%2Fauth%2Fuserinfo.email+https%3A%2F%2Fwww.googleapis.com%2Fauth%2Fuserinfo.profile+openid&authuser=0&prompt=none : 302 (429ms)
[2025-12-06T07:53:24.911Z] GET / : 200 (26ms)
[2025-12-06T07:53:26.666Z] GET /cart : 200 (32ms)
[2025-12-06T07:53:28.591Z] PATCH /cart/count/6933b9d3a3a536db646bac68 : 200 (23ms)
[2025-12-06T07:53:30.616Z] GET /cart : 200 (23ms)
[2025-12-06T07:53:31.370Z] GET /cart : 200 (20ms)
[2025-12-06T07:53:31.637Z] GET /cart : 200 (15ms)
[2025-12-06T07:53:32.564Z] PATCH /cart/count/6933b9d3a3a536db646bac68 : 200 (12ms)
[2025-12-06T07:53:37.681Z] GET /admin/category?sort=name&search=&page=2 : 302 (3ms)
[2025-12-06T07:53:37.694Z] GET /admin/login : 200 (3ms)
[2025-12-06T07:53:43.176Z] POST /admin/login : 302 (98ms)
[2025-12-06T07:53:43.184Z] GET /admin : 200 (3ms)
[2025-12-06T07:53:43.288Z] GET /admin/report?range=monthly : 200 (9ms)
[2025-12-06T07:53:44.874Z] GET /admin/category : 200 (50ms)
[2025-12-06T07:53:47.362Z] GET /admin/category?sort=name&search=&page=2 : 200 (14ms)
[2025-12-06T07:53:52.107Z] POST /admin/category/addCategoryOffer : 200 (16ms)
[2025-12-06T07:53:53.246Z] GET /admin/category?sort=name&search=&page=2 : 200 (14ms)
[2025-12-06T07:53:55.139Z] GET /cart : 200 (22ms)
[2025-12-06T07:53:55.628Z] GET /cart : 200 (19ms)
[2025-12-06T07:53:55.835Z] GET /cart : 200 (14ms)
[2025-12-06T07:53:56.830Z] PATCH /cart/count/6933b9d3a3a536db646bac68 : 200 (12ms)
[2025-12-06T07:53:57.872Z] GET /cart : 200 (11ms)
[2025-12-06T07:53:59.817Z] GET /shop : 200 (53ms)
[2025-12-06T07:54:01.101Z] GET /shop : 200 (48ms)
[2025-12-06T07:54:02.127Z] POST /cart/add : 200 (19ms)
[2025-12-06T07:54:03.081Z] GET /shop : 200 (37ms)
[2025-12-06T07:54:04.679Z] GET /cart : 200 (20ms)
[2025-12-06T07:54:05.282Z] GET /cart : 200 (17ms)
[2025-12-06T07:54:05.827Z] GET /cart : 200 (24ms)
[2025-12-06T07:54:06.244Z] GET /cart : 200 (18ms)
[2025-12-06T07:54:06.781Z] PATCH /cart/count/6933b9d3a3a536db646bac68 : 200 (11ms)
[2025-12-06T07:54:07.600Z] GET /cart : 200 (16ms)
[2025-12-06T07:54:07.872Z] GET /cart : 200 (16ms)
[2025-12-06T07:54:08.261Z] GET /cart : 200 (18ms)
[2025-12-06T07:54:08.453Z] GET /cart : 200 (15ms)
[2025-12-06T07:54:09.277Z] PATCH /cart/count/6933b9d3a3a536db646bac68 : 200 (12ms)
[2025-12-06T07:54:09.512Z] GET /cart : 200 (19ms)
[2025-12-06T07:54:10.683Z] PATCH /cart/count/6933b9d3a3a536db646bac68 : 200 (10ms)
[2025-12-06T07:54:12.605Z] PATCH /cart/count/6933b9d3a3a536db646bac68 : 200 (11ms)
[2025-12-06T07:54:14.688Z] GET /cart : 200 (19ms)
[2025-12-06T07:54:15.337Z] GET /cart : 200 (20ms)
[2025-12-06T07:54:16.564Z] PATCH /cart/count/6933b9d3a3a536db646bac68 : 200 (10ms)
[2025-12-06T07:54:18.571Z] PATCH /cart/count/6933b9d3a3a536db646bac68 : 200 (10ms)
[2025-12-06T07:54:20.019Z] GET /cart : 200 (20ms)
[2025-12-06T07:54:20.725Z] GET /cart : 200 (25ms)
[2025-12-06T07:54:21.552Z] GET /cart : 200 (20ms)
[2025-12-06T07:54:56.264Z] GET /cart : 200 (26ms)
[2025-12-06T07:54:56.477Z] GET /cart : 200 (16ms)
[2025-12-06T07:54:56.668Z] GET /cart : 200 (27ms)
[2025-12-06T07:54:56.852Z] GET /cart : 200 (14ms)
[2025-12-06T07:55:06.551Z] PATCH /cart/count/6933b9d3a3a536db646bac68 : 200 (11ms)
[2025-12-06T07:55:08.633Z] PATCH /cart/count/6933b9d3a3a536db646bac68 : 200 (10ms)
[2025-12-06T07:55:10.512Z] GET /cart : 200 (24ms)
[2025-12-06T07:55:11.472Z] GET /cart : 200 (21ms)
[2025-12-06T07:55:45.505Z] GET /profile : 302 (9ms)
[2025-12-06T07:55:45.515Z] GET /login : 200 (7ms)
[2025-12-06T07:55:46.783Z] GET /auth/google : 302 (2ms)
[2025-12-06T07:55:47.632Z] GET /auth/google/callback?code=4%2F0ATX87lP-OCz2gWgVLOk2QD2ObueIiGk-oDKqZBxrjLlM9WgId-XoJMPO3jxU-DGEpqxalA&scope=email+profile+openid+https%3A%2F%2Fwww.googleapis.com%2Fauth%2Fuserinfo.email+https%3A%2F%2Fwww.googleapis.com%2Fauth%2Fuserinfo.profile&authuser=0&prompt=none : 302 (379ms)
[2025-12-06T07:55:47.664Z] GET / : 200 (25ms)
[2025-12-06T07:55:50.356Z] GET /cart : 200 (33ms)
[2025-12-06T07:56:05.740Z] GET /shop : 200 (61ms)
[2025-12-06T07:56:08.078Z] POST /cart/add : 200 (21ms)
[2025-12-06T07:56:09.046Z] GET /shop : 200 (40ms)
[2025-12-06T07:56:11.507Z] GET /cart : 200 (25ms)
[2025-12-06T08:17:50.624Z] GET /cart : 302 (15ms)
[2025-12-06T08:17:50.633Z] GET /login : 200 (6ms)
[2025-12-06T08:17:52.199Z] GET /auth/google : 302 (2ms)
[2025-12-06T08:17:52.957Z] GET /auth/google/callback?code=4%2F0Ab32j936e9KxCyApaUJhSuAdiP9I6e3OhszrasDR9lj8b94TxNVamRTtGmsCSKqE3_-3UQ&scope=email+profile+https%3A%2F%2Fwww.googleapis.com%2Fauth%2Fuserinfo.profile+openid+https%3A%2F%2Fwww.googleapis.com%2Fauth%2Fuserinfo.email&authuser=0&prompt=none : 302 (446ms)
[2025-12-06T08:17:52.987Z] GET / : 200 (23ms)
[2025-12-06T08:17:55.109Z] GET /shop : 200 (90ms)
[2025-12-06T08:17:57.016Z] POST /cart/add : 500 (8ms)
[2025-12-06T08:18:37.407Z] GET /shop : 200 (73ms)
[2025-12-06T08:18:38.911Z] GET /login : 200 (3ms)
[2025-12-06T08:18:40.045Z] GET /auth/google : 302 (2ms)
[2025-12-06T08:18:40.699Z] GET /auth/google/callback?code=4%2F0Ab32j938SkYPDCvxXH-mWj31IqRClx-P6St252L5mgSERpNvcLy-xJhmzXcLLExqcbCxbQ&scope=email+profile+https%3A%2F%2Fwww.googleapis.com%2Fauth%2Fuserinfo.profile+openid+https%3A%2F%2Fwww.googleapis.com%2Fauth%2Fuserinfo.email&authuser=0&prompt=none : 302 (363ms)
[2025-12-06T08:18:40.722Z] GET / : 200 (16ms)
[2025-12-06T08:18:43.156Z] GET /shop : 200 (49ms)
[2025-12-06T08:18:44.376Z] POST /cart/add : 200 (40ms)
[2025-12-06T08:18:45.203Z] GET /shop : 200 (35ms)
[2025-12-06T08:18:46.322Z] GET /cart : 200 (32ms)
[2025-12-06T08:18:47.963Z] GET /cart : 200 (16ms)
[2025-12-06T08:18:49.270Z] PATCH /cart/count/6933b9d3a3a536db646bac68 : 200 (18ms)
[2025-12-06T08:18:50.406Z] GET /cart : 200 (21ms)
[2025-12-06T08:18:51.615Z] GET /cart : 200 (25ms)
[2025-12-06T08:18:53.439Z] PATCH /cart/count/6933b9d3a3a536db646bac68 : 200 (13ms)
[2025-12-06T08:18:54.901Z] GET /cart : 200 (18ms)
[2025-12-06T08:18:55.435Z] GET /cart : 200 (18ms)
[2025-12-06T08:18:55.631Z] GET /cart : 200 (12ms)
[2025-12-06T08:18:55.817Z] GET /cart : 200 (14ms)
[2025-12-06T08:22:11.225Z] DELETE /cart/remove : 302 (6ms)
[2025-12-06T08:22:11.234Z] DELETE /login : 404 (7ms)
[2025-12-06T08:22:14.188Z] GET /cart : 302 (2ms)
[2025-12-06T08:22:14.192Z] GET /login : 200 (3ms)
[2025-12-06T08:22:20.049Z] POST /login : 200 (16ms)
[2025-12-06T08:22:23.488Z] GET /auth/google : 302 (2ms)
[2025-12-06T08:22:24.184Z] GET /auth/google/callback?code=4%2F0Ab32j90X45dFOqZDPxnKlATpFY9VoAAxbhJ1kpWztRTUqNupup09cQ5DxifTqccYcc961Q&scope=email+profile+https%3A%2F%2Fwww.googleapis.com%2Fauth%2Fuserinfo.profile+https%3A%2F%2Fwww.googleapis.com%2Fauth%2Fuserinfo.email+openid&authuser=0&prompt=none : 302 (399ms)
[2025-12-06T08:22:24.209Z] GET / : 200 (21ms)
[2025-12-06T08:22:25.521Z] GET /shop : 200 (43ms)
[2025-12-06T08:22:26.581Z] POST /cart/add : 200 (27ms)
[2025-12-06T08:22:27.445Z] GET /shop : 200 (39ms)
[2025-12-06T08:22:28.704Z] GET /cart : 200 (28ms)
[2025-12-06T08:22:33.108Z] GET /cart : 200 (21ms)
[2025-12-06T08:22:33.622Z] GET /cart : 200 (20ms)
[2025-12-06T08:22:36.168Z] PATCH /cart/count/6933b9d3a3a536db646bac68 : 200 (13ms)
[2025-12-06T08:22:38.040Z] GET /cart : 200 (22ms)
[2025-12-06T08:22:40.620Z] DELETE /cart/remove : 200 (6ms)
[2025-12-06T08:22:41.760Z] GET /cart : 200 (14ms)
[2025-12-06T08:22:42.545Z] GET /shop : 200 (49ms)
[2025-12-06T08:22:43.580Z] POST /cart/add : 200 (17ms)
[2025-12-06T08:22:44.451Z] GET /shop : 200 (40ms)
[2025-12-06T08:22:45.642Z] GET /cart : 200 (25ms)
[2025-12-06T08:22:55.522Z] GET /shop : 200 (45ms)
[2025-12-06T08:22:57.970Z] POST /cart/add : 200 (14ms)
[2025-12-06T08:22:58.807Z] GET /shop : 200 (39ms)
[2025-12-06T08:23:01.421Z] GET /cart : 200 (25ms)
[2025-12-06T08:25:01.265Z] GET /cart : 302 (10ms)
[2025-12-06T08:25:01.274Z] GET /login : 200 (7ms)
[2025-12-06T08:25:02.533Z] GET /auth/google : 302 (2ms)
[2025-12-06T08:25:03.268Z] GET /auth/google/callback?code=4%2F0ATX87lNRa9tvoOWQTTeI9tvAKsXqA-YgdRsGG__aY9x2Pq0JEfQ-H7ej0istoHnIu8MbSQ&scope=email+profile+https%3A%2F%2Fwww.googleapis.com%2Fauth%2Fuserinfo.email+openid+https%3A%2F%2Fwww.googleapis.com%2Fauth%2Fuserinfo.profile&authuser=0&prompt=none : 302 (412ms)
[2025-12-06T08:25:03.300Z] GET / : 200 (24ms)
[2025-12-06T08:25:04.846Z] GET /cart : 200 (37ms)
[2025-12-06T08:25:08.807Z] PATCH /cart/count/6933b9d3a3a536db646bac68 : 200 (22ms)
[2025-12-06T08:25:12.136Z] GET /cart : 200 (26ms)
[2025-12-06T08:25:13.256Z] PATCH /cart/count/6933b9d3a3a536db646bac68 : 200 (13ms)
[2025-12-06T08:25:14.686Z] GET /cart : 200 (25ms)
[2025-12-06T08:25:15.326Z] PATCH /cart/count/6933b9d3a3a536db646bac68 : 200 (12ms)
[2025-12-06T08:25:16.518Z] GET /cart : 200 (25ms)
[2025-12-06T08:25:17.366Z] PATCH /cart/count/6933b9d3a3a536db646bac68 : 200 (12ms)
[2025-12-06T08:25:18.498Z] GET /cart : 200 (24ms)
[2025-12-06T08:25:21.149Z] PATCH /cart/count/6933b9d3a3a536db646bac68 : 200 (11ms)
[2025-12-06T08:25:22.629Z] PATCH /cart/count/6933b9d3a3a536db646bac68 : 200 (11ms)
[2025-12-06T08:25:23.959Z] GET /cart : 200 (22ms)
[2025-12-06T08:25:26.115Z] GET /admin/category?sort=name&search=&page=2 : 302 (4ms)
[2025-12-06T08:25:26.122Z] GET /admin/login : 200 (2ms)
[2025-12-06T08:25:34.478Z] POST /admin/login : 302 (97ms)
[2025-12-06T08:25:34.487Z] GET /admin : 200 (3ms)
[2025-12-06T08:25:34.581Z] GET /admin/report?range=monthly : 200 (6ms)
[2025-12-06T08:25:36.323Z] GET /admin/products : 200 (28ms)
[2025-12-06T08:25:40.754Z] GET /admin/products/?page=5&sort= : 200 (23ms)
[2025-12-06T08:25:43.211Z] GET /admin/products/?page=6&sort= : 200 (22ms)
[2025-12-06T08:25:46.226Z] GET /admin/products/editProduct?id=68f8a0869791cc1a6c2a6c9b : 200 (13ms)
[2025-12-06T08:25:52.691Z] PUT /admin/products/editProduct/68f8a0869791cc1a6c2a6c9b : 200 (19ms)
[2025-12-06T08:25:53.922Z] GET /admin/products : 200 (16ms)
[2025-12-06T08:25:56.774Z] GET /cart : 200 (20ms)
[2025-12-06T08:25:57.680Z] PATCH /cart/count/6933b9d3a3a536db646bac68 : 404 (7ms)
[2025-12-06T08:29:35.312Z] GET /cart : 302 (10ms)
[2025-12-06T08:29:35.324Z] GET /login : 200 (8ms)
[2025-12-06T08:29:36.577Z] GET /auth/google : 302 (2ms)
[2025-12-06T08:29:37.259Z] GET /auth/google/callback?code=4%2F0ATX87lPtbYYxcVlnJpkt5OVahr2Eq5tMWhohbyeIl0bAeneO0HIqFQhnLKjEbi8Ck2RhYg&scope=email+profile+https%3A%2F%2Fwww.googleapis.com%2Fauth%2Fuserinfo.profile+https%3A%2F%2Fwww.googleapis.com%2Fauth%2Fuserinfo.email+openid&authuser=0&prompt=none : 302 (439ms)
[2025-12-06T08:29:37.291Z] GET / : 200 (24ms)
[2025-12-06T08:29:39.437Z] GET /cart : 200 (17ms)
[2025-12-06T08:29:40.585Z] PATCH /cart/count/6933b9d3a3a536db646bac68 : 200 (21ms)
[2025-12-06T08:29:42.347Z] PATCH /cart/count/6933b9d3a3a536db646bac68 : 400 (9ms)
[2025-12-06T08:29:44.349Z] PATCH /cart/count/6933b9d3a3a536db646bac68 : 200 (12ms)
[2025-12-06T08:29:45.979Z] PATCH /cart/count/6933b9d3a3a536db646bac68 : 400 (9ms)
[2025-12-06T08:29:48.965Z] PATCH /cart/count/6933b899a3a536db646b98f0 : 200 (12ms)
[2025-12-06T08:29:49.913Z] PATCH /cart/count/6933b899a3a536db646b98f0 : 200 (10ms)
[2025-12-06T08:29:51.365Z] PATCH /cart/count/6933b899a3a536db646b98f0 : 200 (11ms)
[2025-12-06T08:29:52.798Z] PATCH /cart/count/6933b899a3a536db646b98f0 : 200 (12ms)
[2025-12-06T08:29:54.312Z] PATCH /cart/count/6933b899a3a536db646b98f0 : 400 (9ms)
[2025-12-06T08:29:59.354Z] GET /admin/products : 302 (4ms)
[2025-12-06T08:29:59.361Z] GET /admin/login : 200 (3ms)
[2025-12-06T08:30:05.320Z] POST /admin/login : 302 (94ms)
[2025-12-06T08:30:05.332Z] GET /admin : 200 (5ms)
[2025-12-06T08:30:05.459Z] GET /admin/report?range=monthly : 200 (29ms)
[2025-12-06T08:30:07.112Z] GET /admin/category : 200 (23ms)
[2025-12-06T08:30:09.270Z] GET /admin/products : 200 (26ms)
[2025-12-06T08:30:10.945Z] GET /admin/products/?page=7&sort= : 200 (15ms)
[2025-12-06T08:30:13.090Z] GET /admin/products/editProduct?id=68f893885a423776e56a774c : 200 (17ms)
[2025-12-06T08:30:19.761Z] PUT /admin/products/editProduct/68f893885a423776e56a774c : 400 (5ms)
[2025-12-06T08:30:25.415Z] PUT /admin/products/editProduct/68f893885a423776e56a774c : 400 (3ms)
[2025-12-06T08:30:40.918Z] PUT /admin/products/editProduct/68f893885a423776e56a774c : 200 (19ms)
[2025-12-06T08:30:41.802Z] GET /admin/products : 200 (24ms)
[2025-12-06T08:30:43.856Z] GET /cart : 200 (25ms)
[2025-12-06T08:30:46.016Z] PATCH /cart/count/6933b899a3a536db646b98f0 : 200 (12ms)
[2025-12-06T08:30:47.769Z] PATCH /cart/count/6933b899a3a536db646b98f0 : 400 (8ms)
[2025-12-06T08:30:49.977Z] PATCH /cart/count/6933b899a3a536db646b98f0 : 400 (4ms)
[2025-12-06T08:30:51.772Z] PATCH /cart/count/6933b899a3a536db646b98f0 : 200 (10ms)
[2025-12-06T08:30:53.313Z] PATCH /cart/count/6933b899a3a536db646b98f0 : 400 (7ms)
[2025-12-06T08:30:55.331Z] PATCH /cart/count/6933b899a3a536db646b98f0 : 200 (11ms)
[2025-12-06T08:31:27.189Z] GET /cart : 302 (4ms)
[2025-12-06T08:31:27.196Z] GET /login : 200 (5ms)
[2025-12-06T08:31:28.547Z] GET /auth/google : 302 (2ms)
[2025-12-06T08:31:29.251Z] GET /auth/google/callback?code=4%2F0ATX87lOB_rsyTQhz8P5I3SKwVB3uQicchl0r0IIwWh0YLLJHY1XXv_54nFqObs4EbTV7Pw&scope=email+profile+openid+https%3A%2F%2Fwww.googleapis.com%2Fauth%2Fuserinfo.email+https%3A%2F%2Fwww.googleapis.com%2Fauth%2Fuserinfo.profile&authuser=0&prompt=none : 302 (399ms)
[2025-12-06T08:31:29.284Z] GET / : 200 (25ms)
[2025-12-06T08:31:30.955Z] GET /profile : 200 (16ms)
[2025-12-06T08:31:32.352Z] GET /cart : 200 (31ms)
[2025-12-06T08:31:33.501Z] PATCH /cart/count/6933b899a3a536db646b98f0 : 200 (15ms)
[2025-12-06T08:31:34.955Z] PATCH /cart/count/6933b899a3a536db646b98f0 : 400 (9ms)
[2025-12-06T08:31:36.950Z] PATCH /cart/count/6933b899a3a536db646b98f0 : 400 (12ms)
[2025-12-06T08:31:38.883Z] PATCH /cart/count/6933b899a3a536db646b98f0 : 400 (8ms)
[2025-12-06T08:31:44.065Z] GET /checkout : 302 (24ms)
[2025-12-06T08:31:44.092Z] GET /cart : 200 (21ms)
[2025-12-06T08:31:44.120Z] GET /checkout : 302 (16ms)
[2025-12-06T08:31:44.137Z] GET /cart : 200 (13ms)
[2025-12-06T08:31:45.107Z] GET /checkout : 302 (17ms)
[2025-12-06T08:31:45.122Z] GET /cart : 200 (11ms)
[2025-12-06T08:31:45.137Z] GET /checkout : 302 (8ms)
[2025-12-06T08:31:45.146Z] GET /cart : 200 (7ms)
[2025-12-06T08:31:45.960Z] GET /checkout : 302 (24ms)
[2025-12-06T08:31:45.981Z] GET /cart : 200 (17ms)
[2025-12-06T08:31:46.004Z] GET /checkout : 302 (11ms)
[2025-12-06T08:31:46.021Z] GET /cart : 200 (12ms)
[2025-12-06T08:31:46.556Z] GET /checkout : 302 (19ms)
[2025-12-06T08:31:46.578Z] GET /cart : 200 (17ms)
[2025-12-06T08:31:46.606Z] GET /checkout : 302 (12ms)
[2025-12-06T08:31:46.620Z] GET /cart : 200 (11ms)
[2025-12-06T08:31:47.097Z] GET /checkout : 302 (16ms)
[2025-12-06T08:31:47.119Z] GET /cart : 200 (17ms)
[2025-12-06T08:31:47.149Z] GET /checkout : 302 (13ms)
[2025-12-06T08:31:47.162Z] GET /cart : 200 (10ms)
[2025-12-06T08:31:49.197Z] GET /cart : 200 (16ms)
[2025-12-06T08:31:50.421Z] PATCH /cart/count/6933b9d3a3a536db646bac68 : 200 (16ms)
[2025-12-06T08:31:51.472Z] GET /cart : 200 (14ms)
[2025-12-06T08:31:53.091Z] GET /checkout : 302 (18ms)
[2025-12-06T08:31:53.112Z] GET /cart : 200 (16ms)
[2025-12-06T08:31:53.131Z] GET /checkout : 302 (8ms)
[2025-12-06T08:31:53.140Z] GET /cart : 200 (7ms)
[2025-12-06T08:31:55.090Z] GET /checkout : 302 (13ms)
[2025-12-06T08:31:55.111Z] GET /cart : 200 (16ms)
[2025-12-06T08:31:55.128Z] GET /checkout : 302 (7ms)
[2025-12-06T08:31:55.138Z] GET /cart : 200 (7ms)
[2025-12-06T08:31:55.693Z] GET /checkout : 302 (19ms)
[2025-12-06T08:31:55.714Z] GET /cart : 200 (16ms)
[2025-12-06T08:31:55.736Z] GET /checkout : 302 (10ms)
[2025-12-06T08:31:55.753Z] GET /cart : 200 (12ms)
[2025-12-06T08:31:55.978Z] GET /checkout : 302 (13ms)
[2025-12-06T08:31:55.991Z] GET /cart : 200 (11ms)
[2025-12-06T08:31:56.004Z] GET /checkout : 302 (7ms)
[2025-12-06T08:31:56.016Z] GET /cart : 200 (10ms)
[2025-12-06T08:31:56.229Z] GET /checkout : 302 (16ms)
[2025-12-06T08:31:56.242Z] GET /cart : 200 (11ms)
[2025-12-06T08:31:56.256Z] GET /checkout : 302 (8ms)
[2025-12-06T08:31:56.266Z] GET /cart : 200 (8ms)
[2025-12-06T08:31:56.470Z] GET /checkout : 302 (10ms)
[2025-12-06T08:31:56.482Z] GET /cart : 200 (10ms)
[2025-12-06T08:31:56.496Z] GET /checkout : 302 (9ms)
[2025-12-06T08:31:56.507Z] GET /cart : 200 (9ms)
[2025-12-06T08:32:10.416Z] DELETE /cart/remove : 200 (7ms)
[2025-12-06T08:32:11.787Z] GET /cart : 200 (19ms)
[2025-12-06T08:32:12.907Z] GET /shop : 200 (32ms)
[2025-12-06T08:32:14.495Z] POST /cart/add : 200 (19ms)
[2025-12-06T08:32:15.392Z] GET /shop : 200 (39ms)
[2025-12-06T08:32:16.583Z] GET /cart : 200 (17ms)
[2025-12-06T08:32:17.470Z] GET /checkout : 500 (31ms)
[2025-12-06T08:33:14.000Z] GET /cart : 200 (21ms)
[2025-12-06T08:33:14.177Z] GET /cart : 200 (32ms)
[2025-12-06T08:33:29.823Z] DELETE /cart/remove : 200 (9ms)
[2025-12-06T08:33:30.644Z] GET /cart : 200 (16ms)
[2025-12-06T08:33:34.157Z] GET /shop : 200 (43ms)
[2025-12-06T08:33:35.817Z] POST /cart/add : 200 (14ms)
[2025-12-06T08:33:36.977Z] GET /shop : 200 (38ms)
[2025-12-06T08:33:37.921Z] POST /cart/add : 200 (13ms)
[2025-12-06T08:33:38.920Z] GET /shop : 200 (36ms)
[2025-12-06T08:33:40.514Z] GET /cart : 200 (23ms)
[2025-12-06T08:33:42.947Z] DELETE /cart/empty : 200 (8ms)
[2025-12-06T08:33:43.784Z] GET /cart : 200 (11ms)
[2025-12-06T09:15:41.424Z] GET / : 200 (93ms)
[2025-12-06T09:17:39.490Z] GET / : 200 (32ms)
[2025-12-06T09:18:34.964Z] GET / : 200 (25ms)
[2025-12-06T09:18:36.064Z] GET / : 200 (22ms)
[2025-12-06T09:18:36.837Z] GET / : 200 (19ms)
[2025-12-06T09:18:37.154Z] GET / : 200 (20ms)
[2025-12-06T09:18:48.688Z] GET / : 200 (20ms)
[2025-12-06T13:55:56.322Z] GET / : 200 (64ms)
[2025-12-06T13:55:57.142Z] GET / : 200 (18ms)
[2025-12-06T13:56:22.943Z] GET /login : 200 (3ms)
[2025-12-06T13:56:24.225Z] GET /auth/google : 302 (2ms)
[2025-12-06T13:56:24.973Z] GET /auth/google/callback?code=4%2F0Ab32j90mRTUF8cB7y2aV64iScmEOdldDujqbh3qcZ7MRsU9oP0g00hW0HYn1Lpl4brzQ7w&scope=email+profile+https%3A%2F%2Fwww.googleapis.com%2Fauth%2Fuserinfo.email+openid+https%3A%2F%2Fwww.googleapis.com%2Fauth%2Fuserinfo.profile&authuser=0&prompt=none : 302 (399ms)
[2025-12-06T13:56:24.998Z] GET / : 200 (18ms)
[2025-12-06T13:56:29.653Z] GET /cart : 200 (20ms)
[2025-12-06T13:56:31.911Z] GET /shop : 200 (89ms)
[2025-12-06T13:56:33.821Z] POST /cart/add : 200 (40ms)
[2025-12-06T13:56:34.769Z] GET /shop : 200 (41ms)
[2025-12-06T13:56:36.672Z] GET /cart : 200 (26ms)
[2025-12-06T13:56:37.603Z] PATCH /cart/count/6933e890d1368e383ac6b339 : 400 (10ms)
[2025-12-06T13:56:41.945Z] PATCH /cart/count/6933e890d1368e383ac6b339 : 400 (9ms)
[2025-12-06T13:56:44.397Z] GET /checkout : 500 (39ms)
[2025-12-06T14:02:10.336Z] GET /cart : 302 (13ms)
[2025-12-06T14:02:10.345Z] GET /login : 200 (6ms)
[2025-12-06T14:02:11.775Z] GET /auth/google : 302 (1ms)
[2025-12-06T14:02:12.624Z] GET /auth/google/callback?code=4%2F0ATX87lME0QnL0ccJFnYaj4OxYpI39UAj_P3dHNnJ6vOsMJ2ESyRS-dHhNYW3qLJjMz6Qpg&scope=email+profile+https%3A%2F%2Fwww.googleapis.com%2Fauth%2Fuserinfo.profile+https%3A%2F%2Fwww.googleapis.com%2Fauth%2Fuserinfo.email+openid&authuser=0&prompt=none : 302 (466ms)
[2025-12-06T14:02:12.674Z] GET / : 200 (40ms)
[2025-12-06T14:02:13.759Z] GET /cart : 200 (35ms)
[2025-12-06T14:02:14.640Z] GET /checkout : 500 (38ms)
[2025-12-06T14:03:05.442Z] GET /checkout : 500 (40ms)
[2025-12-06T14:04:14.885Z] GET /cart : 302 (13ms)
[2025-12-06T14:04:14.895Z] GET /login : 200 (6ms)
[2025-12-06T14:04:15.903Z] GET /auth/google : 302 (1ms)
[2025-12-06T14:04:16.625Z] GET /auth/google/callback?code=4%2F0Ab32j93mYPNdm1bjopyPjCiCCU-4L9UtsSOgWHQlLvaQ_dxXdG6B2MCK4hhNs1eyfs5rYg&scope=email+profile+https%3A%2F%2Fwww.googleapis.com%2Fauth%2Fuserinfo.profile+openid+https%3A%2F%2Fwww.googleapis.com%2Fauth%2Fuserinfo.email&authuser=0&prompt=none : 302 (377ms)
[2025-12-06T14:04:16.659Z] GET / : 200 (25ms)
[2025-12-06T14:04:19.711Z] GET /cart : 200 (42ms)
[2025-12-06T14:04:20.985Z] GET /checkout : 500 (46ms)
[2025-12-06T14:04:41.053Z] GET /cart : 200 (18ms)
[2025-12-06T14:04:42.142Z] GET /checkout : 500 (36ms)
[2025-12-06T14:04:47.155Z] GET /checkout : 500 (32ms)
[2025-12-06T14:05:07.433Z] GET /cart : 302 (10ms)
[2025-12-06T14:05:07.442Z] GET /login : 200 (6ms)
[2025-12-06T14:05:08.588Z] GET /auth/google : 302 (1ms)
[2025-12-06T14:05:09.297Z] GET /auth/google/callback?code=4%2F0Ab32j90LXoloezveiB9sYAjuf7G5D4ViclzxTQHYWyU-2PTSDFCJ14M60vA_rAdM6jHRgg&scope=email+profile+https%3A%2F%2Fwww.googleapis.com%2Fauth%2Fuserinfo.email+openid+https%3A%2F%2Fwww.googleapis.com%2Fauth%2Fuserinfo.profile&authuser=0&prompt=none : 302 (390ms)
[2025-12-06T14:05:09.328Z] GET / : 200 (23ms)
[2025-12-06T14:05:10.853Z] GET /cart : 200 (21ms)
[2025-12-06T14:05:12.181Z] GET /checkout : 500 (39ms)
[2025-12-06T14:06:19.486Z] GET /checkout : 500 (41ms)
[2025-12-06T14:07:36.439Z] GET /cart : 302 (7ms)
[2025-12-06T14:07:36.446Z] GET /login : 200 (5ms)
[2025-12-06T14:07:37.594Z] GET /auth/google : 302 (2ms)
[2025-12-06T14:07:38.326Z] GET /auth/google/callback?code=4%2F0ATX87lOUmsl7eTmRZjyy8wVE0SiYnyU7yLUD-TukHxfXN5uSqdeOwJ0mefQjsgNDxrtCOQ&scope=email+profile+openid+https%3A%2F%2Fwww.googleapis.com%2Fauth%2Fuserinfo.profile+https%3A%2F%2Fwww.googleapis.com%2Fauth%2Fuserinfo.email&authuser=0&prompt=none : 302 (433ms)
[2025-12-06T14:07:38.358Z] GET / : 200 (25ms)
[2025-12-06T14:07:39.511Z] GET /cart : 200 (30ms)
[2025-12-06T14:07:40.293Z] GET /checkout : 500 (38ms)
[2025-12-06T14:08:58.838Z] GET /cart : 302 (9ms)
[2025-12-06T14:08:58.847Z] GET /login : 200 (7ms)
[2025-12-06T14:08:59.821Z] GET /auth/google : 302 (2ms)
[2025-12-06T14:09:00.554Z] GET /auth/google/callback?code=4%2F0Ab32j92DeWDWgxoHvXlBmu_p68akzcJT_n-jg6UhH7VdHA9b-ogZYV14xc_PXmBZqr2-nw&scope=email+profile+openid+https%3A%2F%2Fwww.googleapis.com%2Fauth%2Fuserinfo.profile+https%3A%2F%2Fwww.googleapis.com%2Fauth%2Fuserinfo.email&authuser=0&prompt=none : 302 (366ms)
[2025-12-06T14:09:00.591Z] GET / : 200 (26ms)
[2025-12-06T14:09:02.886Z] GET /cart : 200 (32ms)
[2025-12-06T14:09:03.869Z] GET /checkout : 500 (41ms)
[2025-12-06T14:11:35.166Z] GET /cart : 200 (29ms)
[2025-12-06T14:11:36.370Z] GET /checkout/check : 404 (5ms)
[2025-12-06T14:11:38.453Z] GET /checkout/check : 404 (4ms)
[2025-12-06T14:11:38.959Z] GET /checkout/check : 404 (2ms)
[2025-12-06T14:11:39.149Z] GET /checkout/check : 404 (1ms)
[2025-12-06T14:11:39.318Z] GET /checkout/check : 404 (2ms)
[2025-12-06T14:11:40.408Z] GET /cart : 200 (21ms)
[2025-12-06T14:11:40.614Z] GET /cart : 200 (17ms)
[2025-12-06T14:11:41.055Z] GET /checkout/check : 404 (2ms)
[2025-12-06T14:11:50.333Z] GET /cart : 200 (26ms)
[2025-12-06T14:11:51.535Z] GET /checkout : 500 (36ms)
[2025-12-06T14:12:06.578Z] GET /cart : 302 (11ms)
[2025-12-06T14:12:06.587Z] GET /login : 200 (7ms)
[2025-12-06T14:12:07.265Z] GET /auth/google : 302 (1ms)
[2025-12-06T14:12:08.180Z] GET /auth/google/callback?code=4%2F0Ab32j90HHWbmR4ID7a46E7Zmy0z8m5mYW94YLmvDEE4LvVxkLTgcVBlVLGwBBR0nIdTuXw&scope=email+profile+https%3A%2F%2Fwww.googleapis.com%2Fauth%2Fuserinfo.email+https%3A%2F%2Fwww.googleapis.com%2Fauth%2Fuserinfo.profile+openid&authuser=0&prompt=none : 302 (399ms)
[2025-12-06T14:12:08.213Z] GET / : 200 (25ms)
[2025-12-06T14:12:09.587Z] GET /cart : 200 (30ms)
[2025-12-06T14:12:10.559Z] GET /checkout : 500 (40ms)
[2025-12-06T14:12:13.472Z] GET /checkout : 500 (32ms)
[2025-12-06T14:15:39.847Z] GET /cart : 302 (9ms)
[2025-12-06T14:15:39.854Z] GET /login : 200 (5ms)
[2025-12-06T14:15:40.920Z] GET /auth/google : 302 (2ms)
[2025-12-06T14:15:41.728Z] GET /auth/google/callback?code=4%2F0Ab32j91wEUceKkHEDKTVolPkZ-G9JjePmfmfq2a3FyWE82x61rncPMrchHH3WQ8enjAjsA&scope=email+profile+https%3A%2F%2Fwww.googleapis.com%2Fauth%2Fuserinfo.email+openid+https%3A%2F%2Fwww.googleapis.com%2Fauth%2Fuserinfo.profile&authuser=0&prompt=none : 302 (433ms)
[2025-12-06T14:15:41.761Z] GET / : 200 (25ms)
[2025-12-06T14:15:43.792Z] GET /cart : 200 (31ms)
[2025-12-06T14:15:44.793Z] GET /checkout : 200 (42ms)
[2025-12-06T14:15:44.827Z] GET /checkout : 200 (22ms)
[2025-12-06T14:18:35.045Z] GET /checkout : 200 (51ms)
[2025-12-06T14:18:38.220Z] POST /checkout : 200 (15ms)
[2025-12-06T14:18:41.602Z] POST /checkout : 200 (18ms)
[2025-12-06T14:19:52.492Z] GET / : 200 (25ms)
[2025-12-06T14:19:54.219Z] GET /admin : 302 (8ms)
[2025-12-06T14:19:54.225Z] GET /admin/login : 200 (2ms)
[2025-12-06T14:20:03.192Z] POST /admin/login : 302 (97ms)
[2025-12-06T14:20:03.203Z] GET /admin : 200 (4ms)
[2025-12-06T14:20:03.349Z] GET /admin/report?range=monthly : 200 (19ms)
[2025-12-06T14:20:04.774Z] GET /admin/products : 200 (68ms)
[2025-12-06T14:20:10.187Z] GET /admin/products/?page=5&sort= : 200 (28ms)
[2025-12-06T14:20:12.365Z] GET /admin/products/?page=6&sort= : 200 (22ms)
[2025-12-06T14:20:15.093Z] GET /admin/products/editProduct?id=68f8a0869791cc1a6c2a6c9b : 200 (18ms)
[2025-12-06T14:20:23.312Z] PUT /admin/products/editProduct/68f8a0869791cc1a6c2a6c9b : 200 (45ms)
[2025-12-06T14:20:24.187Z] GET /admin/products : 200 (22ms)
[2025-12-06T14:20:29.036Z] GET /cart : 200 (26ms)
[2025-12-06T14:20:30.185Z] GET /cart : 200 (15ms)
[2025-12-06T14:20:31.611Z] PATCH /cart/count/6933e890d1368e383ac6b339 : 400 (11ms)
[2025-12-06T14:20:34.394Z] GET /cart : 200 (15ms)
[2025-12-06T14:20:35.033Z] PATCH /cart/count/6933e890d1368e383ac6b339 : 400 (8ms)
[2025-12-06T14:20:36.499Z] PATCH /cart/count/6933e890d1368e383ac6b339 : 400 (8ms)
[2025-12-06T14:20:38.087Z] PATCH /cart/count/6933e890d1368e383ac6b339 : 400 (7ms)
[2025-12-06T14:20:39.900Z] PATCH /cart/count/6933e890d1368e383ac6b339 : 400 (7ms)
[2025-12-06T14:20:41.248Z] PATCH /cart/count/6933e890d1368e383ac6b339 : 400 (8ms)
[2025-12-06T14:20:47.792Z] PATCH /cart/count/6933e890d1368e383ac6b339 : 400 (8ms)
[2025-12-06T14:24:15.435Z] GET /cart : 302 (13ms)
[2025-12-06T14:24:15.445Z] GET /login : 200 (6ms)
[2025-12-06T14:24:17.141Z] GET /auth/google : 302 (2ms)
[2025-12-06T14:24:17.856Z] GET /auth/google/callback?code=4%2F0Ab32j93vinN8mSVhNHhONXWZn06Zvu6q3vg3k9RnNRjsxnSWXc88ounpU095Q-VRUo8sxg&scope=email+profile+openid+https%3A%2F%2Fwww.googleapis.com%2Fauth%2Fuserinfo.email+https%3A%2F%2Fwww.googleapis.com%2Fauth%2Fuserinfo.profile&authuser=0&prompt=none : 302 (406ms)
[2025-12-06T14:24:17.886Z] GET / : 200 (22ms)
[2025-12-06T14:24:20.103Z] GET /cart : 200 (27ms)
[2025-12-06T14:24:21.623Z] PATCH /cart/count/6933e890d1368e383ac6b339 : 400 (11ms)
[2025-12-06T14:24:23.720Z] GET /cart : 200 (21ms)
[2025-12-06T14:24:25.894Z] DELETE /cart/remove : 200 (80ms)
[2025-12-06T14:24:26.992Z] GET /cart : 200 (16ms)
[2025-12-06T14:24:28.031Z] GET /shop : 200 (91ms)
[2025-12-06T14:24:28.333Z] GET /shop : 200 (37ms)
[2025-12-06T14:24:29.472Z] POST /cart/add : 200 (23ms)
[2025-12-06T14:24:30.573Z] GET /shop : 200 (39ms)
[2025-12-06T14:24:31.683Z] GET /cart : 200 (26ms)
[2025-12-06T14:24:32.978Z] PATCH /cart/count/69343ba7d80748d34abc298d : 200 (17ms)
[2025-12-06T14:24:34.620Z] PATCH /cart/count/69343ba7d80748d34abc298d : 200 (11ms)
[2025-12-06T14:24:36.227Z] GET /cart : 200 (29ms)
[2025-12-06T14:24:36.844Z] PATCH /cart/count/69343ba7d80748d34abc298d : 200 (13ms)
[2025-12-06T14:24:38.144Z] PATCH /cart/count/69343ba7d80748d34abc298d : 200 (12ms)
[2025-12-06T14:24:39.199Z] PATCH /cart/count/69343ba7d80748d34abc298d : 400 (8ms)
[2025-12-06T14:24:40.260Z] GET /cart : 200 (22ms)
[2025-12-06T14:24:43.183Z] GET /admin/products : 302 (5ms)
[2025-12-06T14:24:43.189Z] GET /admin/login : 200 (3ms)
[2025-12-06T14:24:48.942Z] POST /admin/login : 302 (97ms)
[2025-12-06T14:24:48.950Z] GET /admin : 200 (2ms)
[2025-12-06T14:24:49.060Z] GET /admin/report?range=monthly : 200 (8ms)
[2025-12-06T14:24:50.194Z] GET /admin/products : 200 (27ms)
[2025-12-06T14:24:54.881Z] GET /admin/products/?page=7&sort= : 200 (16ms)
[2025-12-06T14:24:56.441Z] GET /admin/products/?page=6&sort= : 200 (23ms)
[2025-12-06T14:24:57.923Z] GET /admin/products/editProduct?id=68f8a0869791cc1a6c2a6c9b : 200 (14ms)
[2025-12-06T14:25:03.997Z] PUT /admin/products/editProduct/68f8a0869791cc1a6c2a6c9b : 200 (18ms)
[2025-12-06T14:25:04.814Z] GET /admin/products : 200 (16ms)
[2025-12-06T14:25:06.943Z] GET /admin/products/viewVariants?id=6925bca9c899fd4abada264a : 200 (5ms)
[2025-12-06T14:25:10.253Z] GET /admin/products/?page=7&sort= : 200 (14ms)
[2025-12-06T14:25:11.645Z] GET /admin/products/?page=6&sort= : 200 (20ms)
[2025-12-06T14:25:12.986Z] GET /admin/products/viewVariants?id=68f8a0869791cc1a6c2a6c9b : 200 (4ms)
[2025-12-06T14:25:17.028Z] GET /cart : 200 (16ms)
[2025-12-06T14:25:17.940Z] PATCH /cart/count/69343ba7d80748d34abc298d : 200 (12ms)
[2025-12-06T14:25:19.602Z] PATCH /cart/count/69343ba7d80748d34abc298d : 200 (11ms)
[2025-12-06T14:25:21.219Z] GET /cart : 200 (28ms)
[2025-12-06T14:25:23.220Z] PATCH /cart/count/69343ba7d80748d34abc298d : 400 (10ms)
[2025-12-06T14:25:24.702Z] PATCH /cart/count/69343ba7d80748d34abc298d : 200 (9ms)
[2025-12-06T14:25:26.473Z] PATCH /cart/count/69343ba7d80748d34abc298d : 400 (6ms)
[2025-12-06T14:25:27.889Z] GET /cart : 200 (26ms)
[2025-12-06T14:25:28.578Z] PATCH /cart/count/69343ba7d80748d34abc298d : 400 (10ms)
[2025-12-06T14:25:29.991Z] PATCH /cart/count/69343ba7d80748d34abc298d : 400 (7ms)
[2025-12-06T14:25:31.059Z] GET /cart : 200 (17ms)
[2025-12-06T14:25:32.710Z] PATCH /cart/count/69343ba7d80748d34abc298d : 200 (13ms)
[2025-12-06T14:25:34.384Z] PATCH /cart/count/69343ba7d80748d34abc298d : 400 (8ms)
[2025-12-06T14:28:17.343Z] GET /admin/products/?page=6&sort= : 302 (24ms)
[2025-12-06T14:28:17.352Z] GET /admin/login : 200 (5ms)
[2025-12-06T14:28:23.053Z] POST /admin/login : 302 (94ms)
[2025-12-06T14:28:23.061Z] GET /admin : 200 (4ms)
[2025-12-06T14:28:23.176Z] GET /admin/report?range=monthly : 200 (13ms)
[2025-12-06T14:28:25.775Z] GET /admin/products : 200 (79ms)
[2025-12-06T14:28:28.161Z] GET /admin/products/?page=5&sort= : 200 (30ms)
[2025-12-06T14:28:29.533Z] GET /admin/products/?page=6&sort= : 200 (30ms)
[2025-12-06T14:28:31.439Z] GET /admin/products/editProduct?id=68f8a0869791cc1a6c2a6c9b : 200 (16ms)
[2025-12-06T14:28:37.186Z] PUT /admin/products/editProduct/68f8a0869791cc1a6c2a6c9b : 200 (37ms)
[2025-12-06T14:28:38.163Z] GET /admin/products : 200 (29ms)
[2025-12-06T14:28:40.515Z] GET /cart : 302 (2ms)
[2025-12-06T14:28:40.519Z] GET /login : 200 (2ms)
[2025-12-06T14:28:41.815Z] GET /auth/google : 302 (3ms)
[2025-12-06T14:28:42.528Z] GET /auth/google/callback?code=4%2F0Ab32j923mcL9wBTR1Fvcdpzi1Nte1deVlYgfXzd90VqTXT0BTgf6b6ZA8nXSshtBdqwrvg&scope=email+profile+https%3A%2F%2Fwww.googleapis.com%2Fauth%2Fuserinfo.email+https%3A%2F%2Fwww.googleapis.com%2Fauth%2Fuserinfo.profile+openid&authuser=0&prompt=none : 302 (427ms)
[2025-12-06T14:28:42.552Z] GET / : 200 (17ms)
[2025-12-06T14:28:43.767Z] GET /cart : 200 (58ms)
[2025-12-06T14:28:44.926Z] PATCH /cart/count/69343ba7d80748d34abc298d : 400 (13ms)
[2025-12-06T14:28:46.686Z] GET /cart : 200 (20ms)
[2025-12-06T14:28:48.529Z] DELETE /cart/remove : 200 (15ms)
[2025-12-06T14:28:49.906Z] GET /cart : 200 (16ms)
[2025-12-06T14:28:50.796Z] GET /shop : 200 (63ms)
[2025-12-06T14:28:52.210Z] POST /cart/add : 200 (20ms)
[2025-12-06T14:28:53.262Z] GET /shop : 200 (44ms)
[2025-12-06T14:28:54.072Z] GET /cart : 200 (20ms)
[2025-12-06T14:28:55.425Z] PATCH /cart/count/69343d95d84c239acf16df81 : 200 (18ms)
[2025-12-06T14:28:57.281Z] PATCH /cart/count/69343d95d84c239acf16df81 : 200 (11ms)
[2025-12-06T14:29:01.617Z] PATCH /cart/count/69343d95d84c239acf16df81 : 200 (10ms)
[2025-12-06T14:29:03.012Z] PATCH /cart/count/69343d95d84c239acf16df81 : 200 (12ms)
[2025-12-06T14:29:08.992Z] GET /admin/products/?page=5&sort= : 302 (2ms)
[2025-12-06T14:29:09.000Z] GET /admin/login : 200 (3ms)
[2025-12-06T14:29:18.272Z] POST /admin/login : 302 (98ms)
[2025-12-06T14:29:18.279Z] GET /admin : 200 (2ms)
[2025-12-06T14:29:18.389Z] GET /admin/report?range=monthly : 200 (4ms)
[2025-12-06T14:29:23.613Z] GET /admin/category : 200 (15ms)
[2025-12-06T14:29:23.744Z] GET /favicon.ico : 404 (2ms)
[2025-12-06T14:29:25.963Z] GET /admin/coupons : 200 (18ms)
[2025-12-06T14:29:27.824Z] GET /admin/products : 200 (22ms)
[2025-12-06T14:29:30.132Z] GET /admin/products/?page=5&sort= : 200 (24ms)
[2025-12-06T14:29:32.713Z] GET /admin/products/?page=6&sort= : 200 (24ms)
[2025-12-06T14:29:36.837Z] GET /admin/products/editProduct?id=68f8a0869791cc1a6c2a6c9b : 200 (14ms)
[2025-12-06T14:29:42.898Z] PUT /admin/products/editProduct/68f8a0869791cc1a6c2a6c9b : 200 (16ms)
[2025-12-06T14:29:43.661Z] GET /admin/products : 200 (17ms)
[2025-12-06T14:29:47.372Z] GET /cart : 200 (26ms)
[2025-12-06T14:29:49.604Z] GET /admin/products : 200 (15ms)
[2025-12-06T14:29:50.288Z] GET /admin/products : 200 (29ms)
[2025-12-06T14:29:51.888Z] GET /cart : 200 (16ms)
[2025-12-06T14:29:52.555Z] PATCH /cart/count/69343d95d84c239acf16df81 : 200 (13ms)
[2025-12-06T14:29:53.989Z] PATCH /cart/count/69343d95d84c239acf16df81 : 400 (7ms)
[2025-12-06T14:29:55.577Z] PATCH /cart/count/69343d95d84c239acf16df81 : 200 (11ms)
[2025-12-06T14:29:57.098Z] PATCH /cart/count/69343d95d84c239acf16df81 : 200 (12ms)
[2025-12-06T14:29:58.090Z] GET /cart : 200 (15ms)
[2025-12-06T14:29:59.150Z] PATCH /cart/count/69343d95d84c239acf16df81 : 400 (8ms)
[2025-12-06T14:30:01.354Z] PATCH /cart/count/69343d95d84c239acf16df81 : 200 (19ms)
[2025-12-06T14:30:02.026Z] GET /cart : 200 (27ms)
[2025-12-06T14:30:02.844Z] PATCH /cart/count/69343d95d84c239acf16df81 : 400 (13ms)
[2025-12-06T14:30:03.329Z] PATCH /cart/count/69343d95d84c239acf16df81 : 400 (9ms)
[2025-12-06T14:30:04.381Z] GET /cart : 200 (17ms)
[2025-12-06T14:31:02.880Z] GET /cart : 200 (33ms)
[2025-12-06T14:31:03.648Z] PATCH /cart/count/69343d95d84c239acf16df81 : 400 (9ms)
[2025-12-06T14:31:05.663Z] PATCH /cart/count/69343d95d84c239acf16df81 : 400 (8ms)
[2025-12-06T14:31:37.702Z] PATCH /cart/count/69343d95d84c239acf16df81 : 400 (11ms)
[2025-12-06T14:32:12.102Z] GET /cart : 302 (11ms)
[2025-12-06T14:32:12.111Z] GET /login : 200 (6ms)
[2025-12-06T14:32:13.073Z] GET /auth/google : 302 (1ms)
[2025-12-06T14:32:13.742Z] GET /auth/google/callback?code=4%2F0Ab32j93LqSOQtjS7SKUDgxnLb6bpNMM22lFbToMrf4tou0O8Anf6Jiv5PVUENcXtZxsyUg&scope=email+profile+https%3A%2F%2Fwww.googleapis.com%2Fauth%2Fuserinfo.email+openid+https%3A%2F%2Fwww.googleapis.com%2Fauth%2Fuserinfo.profile&authuser=0&prompt=none : 302 (388ms)
[2025-12-06T14:32:13.778Z] GET / : 200 (28ms)
[2025-12-06T14:32:15.224Z] GET /admin/products : 302 (7ms)
[2025-12-06T14:32:15.232Z] GET /admin/login : 200 (3ms)
[2025-12-06T14:32:20.893Z] POST /admin/login : 302 (90ms)
[2025-12-06T14:32:20.902Z] GET /admin : 200 (3ms)
[2025-12-06T14:32:21.010Z] GET /admin/report?range=monthly : 200 (10ms)
[2025-12-06T14:32:22.558Z] GET /admin/products : 200 (65ms)
[2025-12-06T14:32:24.775Z] GET /admin/products/?page=5&sort= : 200 (24ms)
[2025-12-06T14:32:26.021Z] GET /admin/products/?page=7&sort= : 200 (17ms)
[2025-12-06T14:32:28.362Z] GET /admin/products/?page=6&sort= : 200 (23ms)
[2025-12-06T14:32:30.421Z] GET /admin/products/editProduct?id=68f8a0869791cc1a6c2a6c9b : 200 (15ms)
[2025-12-06T14:32:36.921Z] PUT /admin/products/editProduct/68f8a0869791cc1a6c2a6c9b : 200 (32ms)
[2025-12-06T14:32:37.731Z] GET /admin/products : 200 (16ms)
[2025-12-06T14:32:43.125Z] GET /admin/products : 200 (17ms)
[2025-12-06T14:32:44.542Z] GET /admin/products : 200 (16ms)
[2025-12-06T14:32:45.493Z] GET / : 200 (14ms)
[2025-12-06T14:32:46.944Z] GET /cart : 200 (23ms)
[2025-12-06T14:32:47.897Z] PATCH /cart/count/69343d95d84c239acf16df81 : 400 (11ms)
[2025-12-06T14:32:49.472Z] GET /cart : 200 (19ms)
[2025-12-06T14:32:50.551Z] PATCH /cart/count/69343d95d84c239acf16df81 : 400 (8ms)
[2025-12-06T14:32:52.640Z] DELETE /cart/remove : 200 (24ms)
[2025-12-06T14:32:53.938Z] GET /cart : 200 (15ms)
[2025-12-06T14:32:54.707Z] GET /shop : 200 (55ms)
[2025-12-06T14:32:55.307Z] GET /shop : 200 (53ms)
[2025-12-06T14:32:56.646Z] GET /cart : 200 (16ms)
[2025-12-06T14:32:58.079Z] GET /shop : 200 (42ms)
[2025-12-06T14:33:08.574Z] POST /cart/add : 200 (25ms)
[2025-12-06T14:33:09.350Z] GET /shop : 200 (40ms)
[2025-12-06T14:33:10.526Z] GET /cart : 200 (21ms)
[2025-12-06T14:33:11.618Z] PATCH /cart/count/69343e84a0f7fb0f98c50112 : 200 (10ms)
[2025-12-06T14:33:13.107Z] PATCH /cart/count/69343e84a0f7fb0f98c50112 : 200 (11ms)
[2025-12-06T14:33:14.957Z] PATCH /cart/count/69343e84a0f7fb0f98c50112 : 200 (11ms)
[2025-12-06T14:33:16.858Z] PATCH /cart/count/69343e84a0f7fb0f98c50112 : 200 (11ms)
[2025-12-06T14:33:18.455Z] PATCH /cart/count/69343e84a0f7fb0f98c50112 : 200 (11ms)
[2025-12-06T14:33:20.123Z] PATCH /cart/count/69343e84a0f7fb0f98c50112 : 200 (11ms)
[2025-12-06T14:33:21.656Z] PATCH /cart/count/69343e84a0f7fb0f98c50112 : 200 (11ms)
[2025-12-06T14:39:47.626Z] GET /cart : 302 (13ms)
[2025-12-06T14:39:47.638Z] GET /login : 200 (7ms)
[2025-12-06T14:39:49.519Z] GET /auth/google : 302 (1ms)
[2025-12-06T14:39:50.246Z] GET /auth/google/callback?code=4%2F0ATX87lOYaZc779JOrDlh8-33ncH2NOaCKJonjvFSNpcmJ5eKyARl6HBJ2pgAEAy8R0gbGQ&scope=email+profile+openid+https%3A%2F%2Fwww.googleapis.com%2Fauth%2Fuserinfo.email+https%3A%2F%2Fwww.googleapis.com%2Fauth%2Fuserinfo.profile&authuser=0&prompt=none : 302 (424ms)
[2025-12-06T14:39:50.291Z] GET / : 200 (36ms)
[2025-12-06T14:39:52.310Z] GET /cart : 200 (34ms)
[2025-12-06T14:39:53.543Z] PATCH /cart/count/69343e84a0f7fb0f98c50112 : 200 (33ms)
[2025-12-06T14:39:54.886Z] PATCH /cart/count/69343e84a0f7fb0f98c50112 : 200 (14ms)
[2025-12-06T14:39:56.177Z] PATCH /cart/count/69343e84a0f7fb0f98c50112 : 400 (9ms)
[2025-12-06T14:39:57.733Z] PATCH /cart/count/69343e84a0f7fb0f98c50112 : 200 (13ms)
[2025-12-06T14:39:59.512Z] PATCH /cart/count/69343e84a0f7fb0f98c50112 : 200 (15ms)
[2025-12-06T14:40:01.014Z] PATCH /cart/count/69343e84a0f7fb0f98c50112 : 200 (58ms)
[2025-12-06T14:40:03.762Z] GET /admin/products : 302 (5ms)
[2025-12-06T14:40:03.771Z] GET /admin/login : 200 (2ms)
[2025-12-06T14:40:09.226Z] POST /admin/login : 302 (97ms)
[2025-12-06T14:40:09.237Z] GET /admin : 200 (3ms)
[2025-12-06T14:40:09.362Z] GET /admin/report?range=monthly : 200 (25ms)
[2025-12-06T14:40:10.682Z] GET /admin/products : 200 (75ms)
[2025-12-06T14:40:14.969Z] GET /admin/products/?page=5&sort= : 200 (27ms)
[2025-12-06T14:40:16.200Z] GET /admin/products/?page=6&sort= : 200 (25ms)
[2025-12-06T14:40:17.542Z] GET /admin/products/editProduct?id=68f8a0869791cc1a6c2a6c9b : 200 (15ms)
[2025-12-06T14:40:24.011Z] PUT /admin/products/editProduct/68f8a0869791cc1a6c2a6c9b : 200 (211ms)
[2025-12-06T14:40:24.904Z] GET /admin/products : 200 (23ms)
[2025-12-06T14:40:27.856Z] GET /cart : 200 (27ms)
[2025-12-06T14:40:29.046Z] GET /cart : 200 (20ms)
[2025-12-06T14:40:29.554Z] GET /cart : 200 (22ms)
[2025-12-06T14:40:31.072Z] PATCH /cart/count/69343e84a0f7fb0f98c50112 : 200 (32ms)
[2025-12-06T14:40:32.463Z] PATCH /cart/count/69343e84a0f7fb0f98c50112 : 400 (6ms)
[2025-12-06T14:40:34.090Z] GET /cart : 200 (19ms)
[2025-12-06T14:40:34.769Z] GET /cart : 200 (18ms)
[2025-12-06T14:40:34.943Z] GET /cart : 200 (13ms)
[2025-12-06T14:40:35.127Z] GET /cart : 200 (13ms)
[2025-12-06T14:40:35.325Z] GET /cart : 200 (12ms)
[2025-12-06T14:40:35.524Z] GET /cart : 200 (13ms)
[2025-12-06T14:40:35.736Z] GET /cart : 200 (17ms)
[2025-12-06T14:40:35.954Z] GET /cart : 200 (13ms)
[2025-12-06T14:41:31.231Z] GET /cart : 200 (11ms)
[2025-12-06T14:41:31.900Z] GET /cart : 200 (10ms)
[2025-12-06T14:41:33.472Z] PATCH /cart/count/69343e84a0f7fb0f98c50112 : 400 (7ms)
[2025-12-06T14:41:35.545Z] GET /cart : 200 (19ms)
[2025-12-06T14:41:36.040Z] GET /cart : 200 (16ms)
[2025-12-06T14:41:36.526Z] PATCH /cart/count/69343e84a0f7fb0f98c50112 : 400 (6ms)
[2025-12-06T14:41:40.438Z] GET /admin/products/?page=5&sort= : 200 (31ms)
[2025-12-06T14:41:41.658Z] GET /admin/products/?page=7&sort= : 200 (11ms)
[2025-12-06T14:41:42.929Z] GET /admin/products/?page=6&sort= : 200 (22ms)
[2025-12-06T14:41:44.695Z] GET /admin/products/editProduct?id=68f8a0869791cc1a6c2a6c9b : 200 (12ms)
[2025-12-06T14:41:56.641Z] GET /cart : 200 (20ms)
[2025-12-06T14:41:56.844Z] GET /cart : 200 (13ms)
[2025-12-06T14:41:57.601Z] PATCH /cart/count/69343e84a0f7fb0f98c50112 : 200 (10ms)
[2025-12-06T14:41:58.940Z] PATCH /cart/count/69343e84a0f7fb0f98c50112 : 400 (6ms)
[2025-12-06T14:42:02.201Z] GET /cart : 200 (21ms)
[2025-12-06T14:42:02.459Z] GET /cart : 200 (13ms)
[2025-12-06T14:42:02.660Z] GET /cart : 200 (14ms)
[2025-12-06T14:42:02.841Z] GET /cart : 200 (13ms)
[2025-12-06T14:42:02.990Z] GET /cart : 200 (10ms)
[2025-12-06T14:42:03.142Z] GET /cart : 200 (13ms)
[2025-12-06T14:42:06.437Z] DELETE /cart/empty : 200 (11ms)
[2025-12-06T14:42:07.585Z] GET /cart : 200 (11ms)
[2025-12-06T14:42:08.333Z] GET /shop : 200 (47ms)
[2025-12-06T14:42:09.738Z] POST /cart/add : 200 (22ms)
[2025-12-06T14:42:11.252Z] GET /shop : 200 (43ms)
[2025-12-06T14:42:12.148Z] GET /cart : 200 (26ms)
[2025-12-06T14:42:13.502Z] PATCH /cart/count/6934405774d7101e32dd8726 : 200 (13ms)
[2025-12-06T14:42:15.276Z] PATCH /cart/count/6934405774d7101e32dd8726 : 200 (10ms)
[2025-12-06T14:42:16.650Z] PATCH /cart/count/6934405774d7101e32dd8726 : 200 (11ms)
[2025-12-06T14:42:18.033Z] PATCH /cart/count/6934405774d7101e32dd8726 : 200 (10ms)
[2025-12-06T14:42:19.559Z] PATCH /cart/count/6934405774d7101e32dd8726 : 400 (7ms)
[2025-12-06T14:42:21.689Z] GET /cart : 200 (16ms)
[2025-12-06T14:42:21.875Z] GET /cart : 200 (14ms)
[2025-12-06T14:42:22.073Z] GET /cart : 200 (12ms)
[2025-12-06T14:42:22.242Z] GET /cart : 200 (14ms)
[2025-12-06T14:42:22.691Z] GET /cart : 200 (15ms)
[2025-12-06T14:42:23.730Z] GET /cart : 200 (14ms)
[2025-12-06T14:42:23.894Z] GET /cart : 200 (13ms)
[2025-12-06T14:42:24.851Z] GET /cart : 200 (20ms)
[2025-12-06T14:42:25.088Z] GET /cart : 200 (17ms)
[2025-12-06T14:42:25.295Z] GET /cart : 200 (12ms)
[2025-12-06T14:42:25.501Z] GET /cart : 200 (17ms)
[2025-12-06T14:42:26.409Z] PATCH /cart/count/6934405774d7101e32dd8726 : 200 (12ms)
[2025-12-06T14:42:28.029Z] GET /cart : 200 (18ms)
[2025-12-06T14:42:28.665Z] GET /cart : 200 (23ms)
[2025-12-06T14:42:29.017Z] GET /cart : 200 (17ms)
[2025-12-06T14:42:29.179Z] GET /cart : 200 (15ms)
[2025-12-06T14:42:29.848Z] PATCH /cart/count/6934405774d7101e32dd8726 : 200 (9ms)
[2025-12-06T14:42:31.665Z] PATCH /cart/count/6934405774d7101e32dd8726 : 200 (9ms)
[2025-12-06T14:42:33.306Z] PATCH /cart/count/6934405774d7101e32dd8726 : 200 (10ms)
[2025-12-06T14:42:35.004Z] GET /cart : 200 (17ms)
[2025-12-06T14:42:35.681Z] PATCH /cart/count/6934405774d7101e32dd8726 : 200 (10ms)
[2025-12-06T14:42:36.978Z] PATCH /cart/count/6934405774d7101e32dd8726 : 200 (10ms)
[2025-12-06T14:42:38.410Z] PATCH /cart/count/6934405774d7101e32dd8726 : 200 (10ms)
[2025-12-06T14:42:39.793Z] PATCH /cart/count/6934405774d7101e32dd8726 : 200 (10ms)
[2025-12-06T14:42:40.925Z] GET /cart : 200 (17ms)
[2025-12-06T14:42:41.890Z] PATCH /cart/count/6934405774d7101e32dd8726 : 200 (11ms)
[2025-12-06T14:42:43.594Z] PATCH /cart/count/6934405774d7101e32dd8726 : 200 (9ms)
[2025-12-06T14:42:45.032Z] PATCH /cart/count/6934405774d7101e32dd8726 : 200 (9ms)
[2025-12-06T14:42:46.794Z] PATCH /cart/count/6934405774d7101e32dd8726 : 200 (10ms)
[2025-12-06T14:42:48.007Z] GET /cart : 200 (16ms)
[2025-12-06T14:42:55.970Z] GET / : 200 (15ms)
[2025-12-06T14:42:58.547Z] GET /admin : 200 (6ms)
[2025-12-06T14:42:58.752Z] GET /admin/report?range=monthly : 200 (9ms)
[2025-12-06T14:43:00.036Z] GET /admin/coupons : 200 (15ms)
[2025-12-06T14:43:01.002Z] GET /admin/category : 200 (14ms)
[2025-12-06T14:43:01.105Z] GET /favicon.ico : 404 (1ms)
[2025-12-06T14:43:01.551Z] GET /admin/customers : 200 (13ms)
[2025-12-06T14:43:03.392Z] GET /admin/products : 200 (28ms)
[2025-12-06T14:43:05.610Z] GET /admin/products/?page=5&sort= : 200 (21ms)
[2025-12-06T14:43:06.822Z] GET /admin/products/?page=6&sort= : 200 (58ms)
[2025-12-06T14:43:08.394Z] GET /admin/products/editProduct?id=68f8a0869791cc1a6c2a6c9b : 200 (12ms)
[2025-12-06T14:43:14.162Z] PUT /admin/products/editProduct/68f8a0869791cc1a6c2a6c9b : 200 (19ms)
[2025-12-06T14:43:14.934Z] GET /admin/products : 200 (17ms)
[2025-12-06T14:43:16.790Z] GET /cart : 200 (18ms)
[2025-12-06T14:43:17.528Z] GET /cart : 200 (26ms)
[2025-12-06T14:43:17.699Z] GET /cart : 200 (10ms)
[2025-12-06T14:43:17.898Z] GET /cart : 200 (13ms)
[2025-12-06T14:43:18.094Z] GET /cart : 200 (10ms)
[2025-12-06T14:43:18.276Z] GET /cart : 200 (13ms)
[2025-12-06T14:43:18.463Z] GET /cart : 200 (12ms)
[2025-12-06T14:43:18.665Z] GET /cart : 200 (13ms)
[2025-12-06T14:43:19.346Z] PATCH /cart/count/6934405774d7101e32dd8726 : 200 (10ms)
[2025-12-06T14:43:21.098Z] PATCH /cart/count/6934405774d7101e32dd8726 : 400 (5ms)
[2025-12-06T14:43:22.381Z] GET /cart : 200 (17ms)
[2025-12-06T14:43:22.880Z] GET /cart : 200 (16ms)
[2025-12-06T14:43:23.046Z] GET /cart : 200 (11ms)
[2025-12-06T14:43:23.214Z] GET /cart : 200 (12ms)
[2025-12-06T14:43:23.380Z] GET /cart : 200 (12ms)
[2025-12-06T14:43:23.540Z] GET /cart : 200 (6ms)
[2025-12-06T14:43:23.716Z] GET /cart : 200 (13ms)
[2025-12-06T14:43:23.875Z] GET /cart : 200 (12ms)
[2025-12-06T14:43:24.067Z] GET /cart : 200 (15ms)
[2025-12-06T14:43:24.250Z] GET /cart : 200 (14ms)
[2025-12-06T14:43:24.431Z] GET /cart : 200 (13ms)
[2025-12-06T14:43:24.621Z] GET /cart : 200 (16ms)
[2025-12-06T14:43:24.832Z] GET /cart : 200 (13ms)
[2025-12-06T14:43:25.152Z] GET /cart : 200 (10ms)
[2025-12-06T14:43:25.659Z] GET /cart : 200 (9ms)
[2025-12-06T14:43:25.805Z] GET /cart : 200 (27ms)
[2025-12-06T14:43:25.859Z] GET /cart : 200 (10ms)
[2025-12-06T14:43:25.951Z] GET /cart : 200 (12ms)
[2025-12-06T14:43:26.031Z] GET /cart : 200 (10ms)
[2025-12-06T14:43:26.109Z] GET /cart : 200 (11ms)
[2025-12-06T14:43:40.295Z] PATCH /cart/count/6934405774d7101e32dd8726 : 200 (11ms)
[2025-12-06T14:43:42.687Z] GET /cart : 200 (23ms)
[2025-12-06T14:43:42.848Z] GET /cart : 200 (19ms)
[2025-12-06T14:43:45.044Z] PATCH /cart/count/6934405774d7101e32dd8726 : 400 (6ms)
[2025-12-06T14:46:58.321Z] DELETE /cart/remove : 302 (13ms)
[2025-12-06T14:46:58.332Z] DELETE /login : 404 (5ms)
[2025-12-06T14:47:01.033Z] GET /cart : 302 (2ms)
[2025-12-06T14:47:01.040Z] GET /login : 200 (3ms)
[2025-12-06T14:47:02.784Z] GET /auth/google : 302 (2ms)
[2025-12-06T14:47:03.548Z] GET /auth/google/callback?code=4%2F0Ab32j91UWg-F37CI0FzMLjWj_cgEiPWiE75yhvywl0D1zMjYNZJD1C4zFaE9k_8Y4xUMsA&scope=email+profile+openid+https%3A%2F%2Fwww.googleapis.com%2Fauth%2Fuserinfo.profile+https%3A%2F%2Fwww.googleapis.com%2Fauth%2Fuserinfo.email&authuser=0&prompt=none : 302 (459ms)
[2025-12-06T14:47:03.594Z] GET / : 200 (37ms)
[2025-12-06T14:47:06.125Z] GET /cart : 200 (32ms)
[2025-12-06T14:47:07.901Z] DELETE /cart/remove : 200 (34ms)
[2025-12-06T14:47:08.785Z] GET /cart : 200 (17ms)
[2025-12-06T14:47:09.581Z] GET /cart : 200 (9ms)
[2025-12-06T14:47:12.543Z] GET /admin/products : 302 (5ms)
[2025-12-06T14:47:12.550Z] GET /admin/login : 200 (3ms)
[2025-12-06T14:47:18.568Z] POST /admin/login : 302 (97ms)
[2025-12-06T14:47:18.577Z] GET /admin : 200 (3ms)
[2025-12-06T14:47:18.688Z] GET /admin/report?range=monthly : 200 (13ms)
[2025-12-06T14:47:20.134Z] GET /admin/products : 200 (70ms)
[2025-12-06T14:47:22.762Z] GET /admin/products/?page=5&sort= : 200 (28ms)
[2025-12-06T14:47:24.380Z] GET /admin/products/?page=6&sort= : 200 (26ms)
[2025-12-06T14:47:27.804Z] GET /admin/products/editProduct?id=68f8a0869791cc1a6c2a6c9b : 200 (14ms)
[2025-12-06T14:47:32.647Z] PUT /admin/products/editProduct/68f8a0869791cc1a6c2a6c9b : 200 (21ms)
[2025-12-06T14:47:33.584Z] GET /admin/products : 200 (24ms)
[2025-12-06T14:47:36.371Z] GET /shop : 500 (57ms)
[2025-12-06T14:47:37.808Z] GET /shop : 500 (47ms)
[2025-12-06T14:47:39.091Z] GET /cart : 200 (18ms)
[2025-12-06T14:47:40.328Z] GET /shop : 500 (43ms)
[2025-12-06T14:47:50.624Z] GET /shop : 500 (39ms)
[2025-12-06T14:47:50.801Z] GET /shop : 500 (29ms)
[2025-12-06T14:47:50.992Z] GET /shop : 500 (37ms)
[2025-12-06T14:49:08.484Z] GET /admin/products : 302 (26ms)
[2025-12-06T14:49:08.494Z] GET /admin/login : 200 (6ms)
[2025-12-06T14:49:15.295Z] POST /admin/login : 302 (99ms)
[2025-12-06T14:49:15.306Z] GET /admin : 200 (6ms)
[2025-12-06T14:49:15.422Z] GET /admin/report?range=monthly : 200 (17ms)
[2025-12-06T14:49:16.942Z] GET /admin/coupons : 200 (49ms)
[2025-12-06T14:49:17.893Z] GET /admin/products : 200 (34ms)
[2025-12-06T14:49:19.725Z] GET /admin/products/?page=5&sort= : 200 (27ms)
[2025-12-06T14:49:21.522Z] GET /admin/products/?page=6&sort= : 200 (24ms)
[2025-12-06T14:49:23.756Z] GET /admin/products/editProduct?id=68f8a0869791cc1a6c2a6c9b : 200 (14ms)
[2025-12-06T14:50:11.923Z] PUT /admin/products/editProduct/68f8a0869791cc1a6c2a6c9b : 200 (29ms)
[2025-12-06T14:50:12.850Z] GET /admin/products : 200 (23ms)
[2025-12-06T14:50:14.157Z] GET /admin/products/viewVariants?id=6925bca9c899fd4abada264a : 200 (6ms)
[2025-12-06T14:50:16.581Z] GET /admin/products/?page=5&sort= : 200 (22ms)
[2025-12-06T14:50:17.941Z] GET /admin/products/?page=6&sort= : 200 (19ms)
[2025-12-06T14:50:19.702Z] GET /admin/products/viewVariants?id=68f8a0869791cc1a6c2a6c9b : 200 (6ms)
[2025-12-06T14:52:27.261Z] GET /shop : 500 (80ms)
[2025-12-06T14:52:27.908Z] GET / : 200 (19ms)
[2025-12-06T14:52:29.545Z] GET /shop : 500 (51ms)
[2025-12-06T14:52:59.192Z] GET /admin/products/?page=6&sort= : 302 (24ms)
[2025-12-06T14:52:59.202Z] GET /admin/login : 200 (7ms)
[2025-12-06T14:53:05.008Z] POST /admin/login : 302 (94ms)
[2025-12-06T14:53:05.017Z] GET /admin : 200 (5ms)
[2025-12-06T14:53:05.116Z] GET /admin/report?range=monthly : 200 (7ms)
[2025-12-06T14:53:07.194Z] GET /admin/products : 200 (41ms)
[2025-12-06T14:53:09.924Z] GET /admin/products/?page=5&sort= : 200 (26ms)
[2025-12-06T14:53:11.420Z] GET /admin/products/?page=7&sort= : 200 (18ms)
[2025-12-06T14:53:12.901Z] GET /admin/products/?page=6&sort= : 200 (25ms)
[2025-12-06T14:53:14.747Z] GET /admin/products/editProduct?id=68f8a0869791cc1a6c2a6c9b : 200 (16ms)
[2025-12-06T14:53:43.834Z] PUT /admin/products/editProduct/68f8a0869791cc1a6c2a6c9b : 200 (27ms)
[2025-12-06T14:53:44.698Z] GET /admin/products : 200 (19ms)
[2025-12-06T14:53:46.904Z] GET /admin/products/?page=5&sort= : 200 (22ms)
[2025-12-06T14:53:48.021Z] GET /admin/products/?page=6&sort= : 200 (23ms)
[2025-12-06T14:53:49.160Z] GET /admin/products/viewVariants?id=68f8a0869791cc1a6c2a6c9b : 200 (6ms)
[2025-12-06T14:55:48.704Z] GET /admin/products/?page=6&sort= : 302 (19ms)
[2025-12-06T14:55:48.714Z] GET /admin/login : 200 (5ms)
[2025-12-06T14:55:53.632Z] POST /admin/login : 302 (93ms)
[2025-12-06T14:55:53.641Z] GET /admin : 200 (5ms)
[2025-12-06T14:55:53.743Z] GET /admin/report?range=monthly : 200 (8ms)
[2025-12-06T14:55:58.789Z] GET /admin/products : 200 (42ms)
[2025-12-06T14:56:00.568Z] GET /admin/products/?page=7&sort= : 200 (20ms)
[2025-12-06T14:56:02.231Z] GET /admin/products/?page=6&sort= : 200 (26ms)
[2025-12-06T14:56:06.668Z] GET /admin/products/editProduct?id=68f8a0869791cc1a6c2a6c9b : 200 (16ms)
[2025-12-06T14:56:12.139Z] PUT /admin/products/editProduct/68f8a0869791cc1a6c2a6c9b : 200 (30ms)
[2025-12-06T14:56:13.017Z] GET /admin/products : 200 (17ms)
[2025-12-06T14:56:14.606Z] GET /admin/products/?page=5&sort= : 200 (25ms)
[2025-12-06T14:56:15.770Z] GET /admin/products/?page=6&sort= : 200 (24ms)
[2025-12-06T14:56:17.623Z] GET /admin/products/viewVariants?id=68f8a0869791cc1a6c2a6c9b : 200 (6ms)
[2025-12-06T14:56:38.390Z] GET /shop : 200 (59ms)
[2025-12-06T14:56:39.317Z] GET /shop : 200 (55ms)
[2025-12-06T14:56:40.517Z] GET /login : 200 (2ms)
[2025-12-06T14:56:41.990Z] GET /auth/google : 302 (2ms)
[2025-12-06T14:56:42.734Z] GET /auth/google/callback?code=4%2F0ATX87lPZ2cL3wBR9svNH8358n8t9dBGuWwzDo0ni9E_2mY2_NZN9FG3jJIiwNfkR3-qofQ&scope=email+profile+https%3A%2F%2Fwww.googleapis.com%2Fauth%2Fuserinfo.email+https%3A%2F%2Fwww.googleapis.com%2Fauth%2Fuserinfo.profile+openid&authuser=0&prompt=none : 302 (410ms)
[2025-12-06T14:56:42.762Z] GET / : 200 (18ms)
[2025-12-06T14:56:43.895Z] GET /cart : 200 (15ms)
[2025-12-06T14:56:45.660Z] GET /shop : 200 (46ms)
[2025-12-06T14:56:50.016Z] POST /cart/add : 200 (35ms)
[2025-12-06T14:56:50.815Z] GET /shop : 200 (41ms)
[2025-12-06T14:56:52.746Z] GET /cart : 200 (22ms)
[2025-12-06T14:56:54.001Z] GET /cart : 200 (12ms)
[2025-12-06T14:56:54.830Z] PATCH /cart/count/6934440cc4d3f11bff76eab3 : 200 (18ms)
[2025-12-06T14:56:56.037Z] PATCH /cart/count/6934440cc4d3f11bff76eab3 : 200 (13ms)
[2025-12-06T14:56:57.327Z] PATCH /cart/count/6934440cc4d3f11bff76eab3 : 200 (10ms)
[2025-12-06T14:56:59.020Z] PATCH /cart/count/6934440cc4d3f11bff76eab3 : 200 (12ms)
[2025-12-06T14:57:00.017Z] PATCH /cart/count/6934440cc4d3f11bff76eab3 : 400 (10ms)
[2025-12-06T14:57:01.687Z] GET /cart : 200 (18ms)
[2025-12-06T14:57:06.584Z] GET /admin/products/editProduct?id=68f8a0869791cc1a6c2a6c9b : 302 (2ms)
[2025-12-06T14:57:06.592Z] GET /admin/login : 200 (3ms)
[2025-12-06T14:57:12.325Z] POST /admin/login : 302 (100ms)
[2025-12-06T14:57:12.334Z] GET /admin : 200 (3ms)
[2025-12-06T14:57:12.434Z] GET /admin/report?range=monthly : 200 (4ms)
[2025-12-06T14:57:13.911Z] GET /admin/category : 200 (17ms)
[2025-12-06T14:57:15.778Z] GET /admin/brands : 200 (12ms)
[2025-12-06T14:57:15.816Z] GET /js/admin/categoryList.js : 404 (4ms)
[2025-12-06T14:57:17.364Z] GET /admin/products : 200 (21ms)
[2025-12-06T14:57:18.958Z] GET /admin/products/?page=5&sort= : 200 (22ms)
[2025-12-06T14:57:32.834Z] GET /admin/products/?page=6&sort= : 200 (20ms)
[2025-12-06T14:57:35.432Z] GET /admin/products/editProduct?id=68f8a0869791cc1a6c2a6c9b : 200 (15ms)
[2025-12-06T14:57:41.971Z] PUT /admin/products/editProduct/68f8a0869791cc1a6c2a6c9b : 200 (10ms)
[2025-12-06T14:57:42.897Z] GET /admin/products : 200 (19ms)
[2025-12-06T14:59:15.505Z] GET /admin/products : 302 (25ms)
[2025-12-06T14:59:15.515Z] GET /admin/login : 200 (7ms)
[2025-12-06T14:59:21.652Z] POST /admin/login : 302 (95ms)
[2025-12-06T14:59:21.664Z] GET /admin : 200 (5ms)
[2025-12-06T14:59:21.769Z] GET /admin/report?range=monthly : 200 (8ms)
[2025-12-06T14:59:23.239Z] GET /admin/products : 200 (48ms)
[2025-12-06T14:59:25.077Z] GET /admin/products/?page=7&sort= : 200 (40ms)
[2025-12-06T14:59:26.295Z] GET /admin/products/?page=6&sort= : 200 (30ms)
[2025-12-06T14:59:28.301Z] GET /admin/products/editProduct?id=68f8a0869791cc1a6c2a6c9b : 200 (19ms)
[2025-12-06T14:59:33.196Z] PUT /admin/products/editProduct/68f8a0869791cc1a6c2a6c9b : 200 (49ms)
[2025-12-06T14:59:34.083Z] GET /admin/products : 200 (20ms)
[2025-12-06T15:06:05.206Z] GET /admin/products : 302 (57ms)
[2025-12-06T15:06:05.219Z] GET /admin/login : 200 (10ms)
[2025-12-06T15:06:11.876Z] POST /admin/login : 302 (93ms)
[2025-12-06T15:06:11.886Z] GET /admin : 200 (5ms)
[2025-12-06T15:06:12.027Z] GET /admin/report?range=monthly : 200 (33ms)
[2025-12-06T15:06:13.244Z] GET /admin/products : 200 (74ms)
[2025-12-06T15:06:33.471Z] GET /admin/products : 200 (35ms)
[2025-12-06T15:06:35.567Z] GET /admin/products/?page=5&sort= : 200 (27ms)
[2025-12-06T15:06:36.499Z] GET /admin/products/?page=6&sort= : 200 (25ms)
[2025-12-06T15:06:38.427Z] GET /admin/products/editProduct?id=68f8a0869791cc1a6c2a6c9b : 200 (19ms)
[2025-12-06T15:07:08.432Z] GET /admin/products/editProduct?id=68f8a0869791cc1a6c2a6c9b : 200 (19ms)
[2025-12-06T15:07:38.692Z] GET /admin/products/editProduct?id=68f8a0869791cc1a6c2a6c9b : 200 (21ms)
[2025-12-06T15:07:39.368Z] GET /admin/products/editProduct?id=68f8a0869791cc1a6c2a6c9b : 200 (17ms)
[2025-12-06T15:12:21.910Z] GET /admin/products/editProduct?id=68f8a0869791cc1a6c2a6c9b : 200 (48ms)
[2025-12-06T15:12:23.611Z] GET /admin/products/editProduct?id=68f8a0869791cc1a6c2a6c9b : 200 (6ms)
[2025-12-06T15:12:26.313Z] PUT /admin/products/editProduct/68f8a0869791cc1a6c2a6c9b : 200 (94ms)
[2025-12-06T15:12:28.962Z] GET /admin/products : 200 (85ms)
[2025-12-06T15:12:47.106Z] GET /admin/products/?page=5&sort= : 200 (26ms)
[2025-12-06T15:12:48.250Z] GET /admin/products/?page=6&sort= : 200 (24ms)
[2025-12-06T15:12:50.208Z] GET /admin/products/editProduct?id=68f8a0869791cc1a6c2a6c9b : 200 (16ms)
[2025-12-06T15:13:03.863Z] PUT /admin/products/editProduct/68f8a0869791cc1a6c2a6c9b : 200 (15ms)
[2025-12-06T15:13:04.792Z] GET /admin/products : 200 (19ms)
[2025-12-06T15:13:14.706Z] DELETE /cart/remove : 302 (4ms)
[2025-12-06T15:13:14.720Z] DELETE /login : 404 (3ms)
[2025-12-06T15:13:16.307Z] GET /cart : 302 (1ms)
[2025-12-06T15:13:16.321Z] GET /login : 200 (11ms)
[2025-12-06T15:13:17.480Z] GET /auth/google : 302 (7ms)
[2025-12-06T15:13:18.302Z] GET /auth/google/callback?code=4%2F0Ab32j93LYupuNvS6VsnXAANxpFfnTdYNqAYaxsxNDNA9-wAxJQvgIjWoFhe7LfYLVec29w&scope=email+profile+https%3A%2F%2Fwww.googleapis.com%2Fauth%2Fuserinfo.profile+https%3A%2F%2Fwww.googleapis.com%2Fauth%2Fuserinfo.email+openid&authuser=0&prompt=none : 302 (439ms)
[2025-12-06T15:13:18.330Z] GET / : 200 (19ms)
[2025-12-06T15:13:19.590Z] GET /cart : 200 (30ms)
[2025-12-06T15:13:20.544Z] GET /cart : 200 (20ms)
[2025-12-06T15:13:22.156Z] DELETE /cart/remove : 200 (20ms)
[2025-12-06T15:13:23.399Z] GET /cart : 200 (18ms)
[2025-12-06T15:13:24.409Z] GET /shop : 200 (166ms)
[2025-12-06T15:13:25.873Z] POST /cart/add : 200 (21ms)
[2025-12-06T15:13:26.722Z] GET /shop : 200 (43ms)
[2025-12-06T15:13:30.879Z] GET /cart : 200 (26ms)
[2025-12-06T15:13:32.041Z] PATCH /cart/count/693444d5c6d4cb4bb2b4fd50 : 200 (21ms)
[2025-12-06T15:13:33.044Z] PATCH /cart/count/693444d5c6d4cb4bb2b4fd50 : 200 (10ms)
[2025-12-06T15:13:34.480Z] PATCH /cart/count/693444d5c6d4cb4bb2b4fd50 : 200 (12ms)
[2025-12-06T15:13:35.825Z] PATCH /cart/count/693444d5c6d4cb4bb2b4fd50 : 200 (12ms)
[2025-12-06T15:13:37.259Z] PATCH /cart/count/693444d5c6d4cb4bb2b4fd50 : 400 (9ms)
[2025-12-06T15:13:41.482Z] GET /admin/products/?page=5&sort= : 302 (3ms)
[2025-12-06T15:13:41.491Z] GET /admin/login : 200 (4ms)
[2025-12-06T15:13:56.396Z] POST /admin/login : 302 (98ms)
[2025-12-06T15:13:56.406Z] GET /admin : 200 (3ms)
[2025-12-06T15:13:56.522Z] GET /admin/report?range=monthly : 200 (8ms)
[2025-12-06T15:13:58.182Z] GET /admin/products : 200 (25ms)
[2025-12-06T15:14:10.143Z] GET /admin/products : 200 (20ms)
[2025-12-06T15:14:12.247Z] GET /admin/products/?page=5&sort= : 200 (21ms)
[2025-12-06T15:14:13.718Z] GET /admin/products/?page=6&sort= : 200 (25ms)
[2025-12-06T15:14:15.492Z] GET /admin/products/editProduct?id=68f8a0869791cc1a6c2a6c9b : 200 (14ms)
[2025-12-06T15:14:22.273Z] PUT /admin/products/editProduct/68f8a0869791cc1a6c2a6c9b : 200 (20ms)
[2025-12-06T15:14:23.178Z] GET /admin/products : 200 (15ms)
[2025-12-06T15:14:24.295Z] GET /admin/products : 200 (19ms)
[2025-12-06T15:14:25.978Z] GET /cart : 200 (24ms)
[2025-12-06T15:14:27.111Z] PATCH /cart/count/693444d5c6d4cb4bb2b4fd50 : 200 (10ms)
[2025-12-06T15:14:29.453Z] GET /admin/products : 200 (22ms)
[2025-12-06T15:14:29.833Z] GET /admin/products : 200 (18ms)
[2025-12-06T15:14:31.423Z] GET /cart : 200 (19ms)
[2025-12-06T15:14:32.258Z] PATCH /cart/count/693444d5c6d4cb4bb2b4fd50 : 400 (8ms)
[2025-12-06T15:14:33.711Z] PATCH /cart/count/693444d5c6d4cb4bb2b4fd50 : 200 (11ms)
[2025-12-06T15:14:34.965Z] GET /cart : 200 (20ms)
[2025-12-06T15:14:36.158Z] PATCH /cart/count/693444d5c6d4cb4bb2b4fd50 : 400 (8ms)
[2025-12-06T15:14:38.231Z] GET /cart : 200 (20ms)
[2025-12-06T15:14:38.910Z] PATCH /cart/count/693444d5c6d4cb4bb2b4fd50 : 200 (10ms)
[2025-12-06T15:14:39.914Z] GET /cart : 200 (19ms)
[2025-12-06T15:14:40.796Z] PATCH /cart/count/693444d5c6d4cb4bb2b4fd50 : 200 (13ms)
[2025-12-06T15:14:42.478Z] PATCH /cart/count/693444d5c6d4cb4bb2b4fd50 : 200 (11ms)
[2025-12-06T15:14:43.951Z] GET /checkout : 200 (33ms)
[2025-12-06T15:14:43.984Z] GET /checkout : 200 (19ms)
[2025-12-06T15:14:49.669Z] GET /cart : 200 (21ms)
[2025-12-06T15:14:50.845Z] PATCH /cart/count/693444d5c6d4cb4bb2b4fd50 : 200 (11ms)
[2025-12-06T15:14:52.236Z] GET /cart : 200 (19ms)
[2025-12-06T15:14:52.433Z] GET /cart : 200 (16ms)
[2025-12-06T15:14:54.671Z] GET /admin/products/?page=5&sort= : 200 (29ms)
[2025-12-06T15:14:55.632Z] GET /admin/products/?page=6&sort= : 200 (15ms)
[2025-12-06T15:14:58.976Z] GET /admin/products/editProduct?id=68f8a0869791cc1a6c2a6c9b : 200 (15ms)
[2025-12-06T15:15:07.703Z] PUT /admin/products/editProduct/68f8a0869791cc1a6c2a6c9b : 200 (15ms)
[2025-12-06T15:15:08.709Z] GET /admin/products : 200 (16ms)
[2025-12-06T15:15:10.316Z] GET /cart : 200 (23ms)
[2025-12-06T15:15:11.851Z] GET /checkout : 200 (29ms)
[2025-12-06T15:15:11.888Z] GET /checkout : 200 (22ms)
[2025-12-06T16:01:30.111Z] POST /checkout : 200 (76ms)
[2025-12-06T16:01:35.124Z] GET /shop : 200 (92ms)
[2025-12-06T16:01:39.442Z] POST /cart/add : 200 (34ms)
[2025-12-06T16:01:40.306Z] GET /shop : 200 (43ms)
[2025-12-06T16:01:42.291Z] GET /cart : 200 (25ms)
[2025-12-06T16:01:51.511Z] GET /admin/products : 200 (21ms)
[2025-12-06T16:01:53.011Z] GET /admin/products/?page=5&sort= : 200 (20ms)
[2025-12-06T16:01:54.244Z] GET /admin/products/?page=7&sort= : 200 (15ms)
[2025-12-06T16:01:55.595Z] GET /admin/products/?page=6&sort= : 200 (19ms)
[2025-12-06T16:01:58.393Z] GET /admin/products/editProduct?id=68f8a0869791cc1a6c2a6c9b : 200 (17ms)
[2025-12-06T16:02:02.589Z] PUT /admin/products/editProduct/68f8a0869791cc1a6c2a6c9b : 200 (15ms)
[2025-12-06T16:02:03.428Z] GET /admin/products : 200 (15ms)
[2025-12-06T16:02:08.281Z] GET /cart : 200 (21ms)
[2025-12-06T16:02:09.664Z] GET /checkout : 200 (30ms)
[2025-12-06T16:02:09.698Z] GET /checkout : 200 (19ms)
[2025-12-06T16:02:16.027Z] POST /checkout : 200 (29ms)
[2025-12-06T16:02:20.288Z] GET /checkout : 200 (29ms)
[2025-12-06T16:02:28.724Z] GET /shop : 200 (43ms)
[2025-12-06T16:02:38.034Z] GET /admin/category : 200 (15ms)
[2025-12-06T16:02:42.181Z] GET /admin/category?sort=name&search=&page=2 : 200 (15ms)
[2025-12-06T16:02:49.276Z] POST /admin/category/addCategoryOffer : 200 (9ms)
[2025-12-06T16:02:50.047Z] GET /admin/category?sort=name&search=&page=2 : 200 (11ms)
[2025-12-06T16:02:51.776Z] GET /admin/category?sort=name&search=&page=1 : 200 (11ms)
[2025-12-06T16:02:58.323Z] GET /shop : 200 (43ms)
[2025-12-06T16:02:59.768Z] GET /cart : 200 (20ms)
[2025-12-06T16:03:01.003Z] GET /cart : 200 (22ms)
[2025-12-06T16:03:01.298Z] GET /cart : 200 (17ms)
[2025-12-06T16:03:01.552Z] GET /cart : 200 (17ms)
[2025-12-06T16:03:01.715Z] GET /cart : 200 (15ms)
[2025-12-06T16:03:03.312Z] GET /shop : 200 (39ms)
[2025-12-06T16:03:04.725Z] GET /shop : 200 (45ms)
[2025-12-06T16:03:04.894Z] GET /shop : 200 (27ms)
[2025-12-06T16:03:09.992Z] GET /cart : 200 (17ms)
[2025-12-06T16:03:12.466Z] DELETE /cart/remove : 200 (8ms)
[2025-12-06T16:03:13.358Z] GET /cart : 200 (16ms)
[2025-12-06T16:03:15.234Z] DELETE /cart/remove : 200 (7ms)
[2025-12-06T16:03:16.236Z] GET /cart : 200 (12ms)
[2025-12-06T16:03:17.120Z] GET /shop : 200 (47ms)
[2025-12-06T16:03:21.396Z] POST /cart/add : 200 (13ms)
[2025-12-06T16:03:22.413Z] GET /shop : 200 (35ms)
[2025-12-06T16:03:23.872Z] GET /cart : 200 (15ms)
[2025-12-06T16:03:25.677Z] GET /checkout : 200 (28ms)
[2025-12-06T16:03:25.706Z] GET /checkout : 200 (16ms)
[2025-12-06T16:03:42.542Z] POST /checkout : 200 (34ms)
[2025-12-06T16:03:48.229Z] POST /checkout : 200 (29ms)
[2025-12-06T16:03:50.530Z] GET /checkout : 200 (37ms)
[2025-12-06T16:03:58.173Z] GET /shop : 200 (47ms)
[2025-12-06T16:04:00.932Z] POST /cart/add : 200 (15ms)
[2025-12-06T16:04:02.222Z] GET /shop : 200 (54ms)
[2025-12-06T16:04:04.160Z] GET /cart : 200 (20ms)
[2025-12-06T16:04:07.861Z] GET /checkout : 200 (28ms)
[2025-12-06T16:04:07.896Z] GET /checkout : 200 (21ms)
[2025-12-06T16:04:24.363Z] GET /shop : 200 (33ms)
[2025-12-06T16:04:47.483Z] GET /cart : 200 (23ms)
[2025-12-06T16:04:48.773Z] GET /checkout : 200 (26ms)
[2025-12-06T16:04:48.812Z] GET /checkout : 200 (23ms)
[2025-12-06T16:05:05.941Z] POST /checkout : 200 (27ms)
[2025-12-06T16:05:07.589Z] GET /checkout : 200 (29ms)
[2025-12-06T16:05:12.966Z] GET /shop : 200 (50ms)
[2025-12-06T16:05:30.364Z] GET /cart : 200 (38ms)
[2025-12-06T16:05:31.220Z] GET /checkout : 200 (37ms)
[2025-12-06T16:05:31.251Z] GET /checkout : 200 (16ms)
[2025-12-06T16:05:42.653Z] POST /checkout : 200 (33ms)
[2025-12-06T16:06:03.978Z] GET /checkout : 200 (39ms)
[2025-12-06T16:06:44.205Z] POST /checkout/addAddress : 200 (13ms)
[2025-12-06T16:06:47.071Z] GET /checkout : 200 (41ms)
[2025-12-06T16:07:13.181Z] POST /checkout/addAddress : 200 (10ms)
[2025-12-06T16:07:14.354Z] GET /checkout : 200 (26ms)
[2025-12-06T16:11:44.912Z] GET /checkout : 200 (46ms)
[2025-12-06T16:12:00.695Z] POST /checkout/addAddress : 200 (8ms)
[2025-12-06T16:12:01.798Z] GET /checkout : 200 (35ms)
[2025-12-06T16:15:07.962Z] GET /checkout : 200 (19ms)
[2025-12-06T16:15:27.422Z] POST /checkout/addAddress : 200 (13ms)
[2025-12-06T16:15:28.600Z] GET /checkout : 200 (35ms)
[2025-12-06T16:22:28.795Z] GET /checkout : 200 (27ms)
[2025-12-06T16:22:29.669Z] GET /checkout : 200 (21ms)
[2025-12-06T16:24:48.404Z] GET /checkout : 200 (40ms)
[2025-12-06T16:24:49.168Z] GET /checkout : 200 (35ms)
[2025-12-06T16:30:26.625Z] GET /checkout : 200 (94ms)
[2025-12-06T16:30:27.307Z] GET /checkout : 200 (24ms)
[2025-12-06T16:34:07.766Z] GET /checkout : 200 (23ms)
[2025-12-06T16:34:21.451Z] GET /shop : 200 (98ms)
